client_id,возраст,доход,образование,семейное_положение,месяцев_на_обслуживании,кредитный_лимит
1,56,48406,Среднее,Женат/Замужем,116,38000
2,69,76073,Высшее,Разведён/Разведена,15,29000
3,46,66661,Среднее специальное,Женат/Замужем,36,21000
4,32,15000,Магистратура,Женат/Замужем,47,6000
5,60,61979,Среднее специальное,Женат/Замужем,54,32000
6,25,34568,Высшее,Холост/Не замужем,86,13000
7,38,39818,Среднее,Женат/Замужем,32,17000
8,56,64925,Высшее,Вдовец/Вдова,58,25000
9,36,54262,Высшее,Разведён/Разведена,46,37000
10,40,49730,Среднее специальное,Разведён/Разведена,54,32000
11,28,32392,Высшее,Женат/Замужем,33,20000
12,28,47489,Среднее специальное,Разведён/Разведена,105,23000
13,41,49135,Высшее,Холост/Не замужем,39,37000
14,70,68139,Высшее,Холост/Не замужем,23,53000
15,53,38315,Высшее,Женат/Замужем,43,14000
16,57,37760,Магистратура,Женат/Замужем,55,15000
17,41,28431,Высшее,Холост/Не замужем,2,16000
18,20,35774,Высшее,Женат/Замужем,66,12000
19,39,45613,Среднее,Холост/Не замужем,38,23000
20,70,49395,Высшее,Женат/Замужем,119,29000
21,19,40488,Магистратура,Женат/Замужем,115,22000
22,41,69014,Среднее специальное,Женат/Замужем,29,32000
23,61,55422,Магистратура,Холост/Не замужем,116,31000
24,47,27085,Среднее специальное,Женат/Замужем,110,21000
25,55,48963,Магистратура,Женат/Замужем,67,19000
26,19,43616,Среднее,Женат/Замужем,103,27000
27,38,54227,Магистратура,Женат/Замужем,71,17000
28,50,41763,Высшее,Женат/Замужем,36,13000
29,29,61617,Среднее специальное,Вдовец/Вдова,29,35000
30,39,67024,Среднее специальное,Холост/Не замужем,119,23000
31,61,53404,Высшее,Женат/Замужем,37,16000
32,42,38050,Аспирантура,Женат/Замужем,113,14000
33,66,59507,Среднее специальное,Женат/Замужем,100,34000
34,44,43190,Среднее специальное,Холост/Не замужем,87,28000
35,59,77058,Высшее,Холост/Не замужем,45,30000
36,45,57979,Высшее,Холост/Не замужем,16,36000
37,33,55156,Высшее,Вдовец/Вдова,112,21000
38,32,51303,Высшее,Женат/Замужем,31,31000
39,64,92517,Среднее специальное,Женат/Замужем,34,46000
40,68,54109,Магистратура,Разведён/Разведена,50,33000
41,61,70105,Высшее,Холост/Не замужем,65,55000
42,72,40592,Среднее специальное,Разведён/Разведена,82,31000
43,69,51045,Высшее,Женат/Замужем,62,15000
44,74,73677,Высшее,Холост/Не замужем,104,54000
45,20,37873,Высшее,Разведён/Разведена,43,12000
46,54,57272,Высшее,Разведён/Разведена,56,44000
47,68,61492,Среднее специальное,Разведён/Разведена,120,27000
48,24,28958,Высшее,Холост/Не замужем,15,14000
49,38,66541,Магистратура,Вдовец/Вдова,48,23000
50,26,30639,Среднее специальное,Вдовец/Вдова,49,10000
51,56,86638,Высшее,Женат/Замужем,81,57000
52,35,55510,Магистратура,Холост/Не замужем,44,42000
53,21,39263,Аспирантура,Холост/Не замужем,10,23000
54,42,31296,Высшее,Вдовец/Вдова,20,20000
55,31,54428,Высшее,Женат/Замужем,70,37000
56,67,61793,Высшее,Женат/Замужем,8,26000
57,26,18483,Магистратура,Холост/Не замужем,45,5000
58,43,57692,Магистратура,Холост/Не замужем,34,17000
59,70,50780,Среднее специальное,Женат/Замужем,96,24000
60,19,19366,Высшее,Женат/Замужем,51,8000
61,37,45048,Высшее,Вдовец/Вдова,118,14000
62,45,84876,Магистратура,Женат/Замужем,106,33000
63,64,56496,Высшее,Женат/Замужем,4,20000
64,24,27926,Высшее,Холост/Не замужем,108,21000
65,61,75385,Аспирантура,Холост/Не замужем,114,27000
66,25,17025,Среднее,Женат/Замужем,39,9000
67,64,73442,Среднее специальное,Холост/Не замужем,84,43000
68,52,75288,Высшее,Холост/Не замужем,24,43000
69,31,35793,Высшее,Вдовец/Вдова,88,12000
70,34,58192,Среднее,Женат/Замужем,55,26000
71,53,62371,Среднее,Холост/Не замужем,26,20000
72,67,58239,Высшее,Холост/Не замужем,25,28000
73,57,58232,Магистратура,Холост/Не замужем,36,22000
74,21,26703,Высшее,Вдовец/Вдова,71,15000
75,19,29485,Высшее,Холост/Не замужем,74,19000
76,23,36290,Среднее специальное,Холост/Не замужем,58,20000
77,71,81222,Магистратура,Женат/Замужем,111,42000
78,59,70430,Магистратура,Холост/Не замужем,12,34000
79,21,15000,Высшее,Холост/Не замужем,1,10000
80,71,70940,Среднее специальное,Холост/Не замужем,116,29000
81,46,29758,Среднее,Холост/Не замужем,50,19000
82,35,39464,Среднее,Холост/Не замужем,25,26000
83,43,48143,Высшее,Холост/Не замужем,80,24000
84,61,79042,Магистратура,Разведён/Разведена,5,35000
85,51,55948,Магистратура,Холост/Не замужем,83,29000
86,27,41088,Высшее,Женат/Замужем,68,14000
87,53,69895,Магистратура,Женат/Замужем,6,22000
88,31,58816,Магистратура,Женат/Замужем,26,20000
89,48,52154,Среднее специальное,Холост/Не замужем,113,20000
90,65,69012,Высшее,Холост/Не замужем,103,38000
91,32,41350,Магистратура,Женат/Замужем,120,29000
92,25,27461,Высшее,Женат/Замужем,55,11000
93,31,28863,Магистратура,Женат/Замужем,39,22000
94,40,15000,Аспирантура,Холост/Не замужем,9,11000
95,74,58650,Высшее,Разведён/Разведена,45,45000
96,57,34520,Магистратура,Холост/Не замужем,116,24000
97,38,64827,Высшее,Женат/Замужем,14,31000
98,33,44826,Высшее,Женат/Замужем,112,15000
99,62,63310,Высшее,Холост/Не замужем,55,36000
100,35,32837,Среднее,Женат/Замужем,9,19000
101,64,67246,Высшее,Женат/Замужем,15,48000
102,70,58880,Высшее,Разведён/Разведена,37,46000
103,41,51010,Среднее специальное,Разведён/Разведена,50,28000
104,43,53686,Среднее,Женат/Замужем,117,25000
105,42,36279,Среднее специальное,Женат/Замужем,84,14000
106,62,51993,Высшее,Холост/Не замужем,72,15000
107,58,76432,Аспирантура,Женат/Замужем,96,42000
108,46,51607,Аспирантура,Холост/Не замужем,111,29000
109,32,29484,Высшее,Женат/Замужем,21,21000
110,62,59642,Магистратура,Холост/Не замужем,57,32000
111,18,15000,Высшее,Женат/Замужем,105,11000
112,42,48192,Высшее,Женат/Замужем,19,29000
113,24,47274,Высшее,Разведён/Разведена,93,34000
114,26,35984,Среднее специальное,Женат/Замужем,58,13000
115,41,83854,Магистратура,Вдовец/Вдова,95,61000
116,18,36320,Высшее,Женат/Замужем,118,23000
117,61,67849,Высшее,Женат/Замужем,6,26000
118,25,21975,Высшее,Женат/Замужем,4,8000
119,41,44821,Высшее,Холост/Не замужем,43,34000
120,28,26314,Среднее специальное,Разведён/Разведена,93,8000
121,68,37515,Высшее,Женат/Замужем,42,19000
122,34,57413,Среднее,Вдовец/Вдова,3,26000
123,25,27928,Высшее,Женат/Замужем,1,17000
124,52,45793,Высшее,Разведён/Разведена,108,32000
125,52,60358,Высшее,Женат/Замужем,55,28000
126,50,63287,Высшее,Холост/Не замужем,15,32000
127,22,28388,Высшее,Холост/Не замужем,47,22000
128,59,62760,Высшее,Женат/Замужем,85,43000
129,56,71592,Высшее,Женат/Замужем,46,53000
130,58,56597,Магистратура,Холост/Не замужем,58,29000
131,45,56135,Высшее,Разведён/Разведена,95,23000
132,24,15000,Магистратура,Женат/Замужем,71,7000
133,26,17780,Среднее специальное,Вдовец/Вдова,81,11000
134,25,44683,Высшее,Разведён/Разведена,120,15000
135,29,19396,Магистратура,Женат/Замужем,83,8000
136,51,59912,Высшее,Разведён/Разведена,39,19000
137,50,53395,Среднее специальное,Женат/Замужем,3,27000
138,65,62132,Высшее,Разведён/Разведена,30,44000
139,72,60773,Среднее специальное,Женат/Замужем,35,18000
140,40,61240,Среднее специальное,Женат/Замужем,57,39000
141,41,74348,Аспирантура,Женат/Замужем,29,56000
142,54,63302,Высшее,Женат/Замужем,50,26000
143,52,62037,Среднее специальное,Женат/Замужем,62,40000
144,61,54165,Аспирантура,Женат/Замужем,52,42000
145,57,43258,Аспирантура,Холост/Не замужем,118,33000
146,39,46203,Высшее,Разведён/Разведена,14,19000
147,44,36193,Среднее специальное,Женат/Замужем,35,12000
148,52,30610,Магистратура,Женат/Замужем,28,11000
149,18,42051,Высшее,Женат/Замужем,58,27000
150,52,69982,Высшее,Женат/Замужем,30,46000
151,54,45917,Магистратура,Вдовец/Вдова,90,29000
152,64,70459,Высшее,Женат/Замужем,7,32000
153,31,55429,Среднее специальное,Холост/Не замужем,39,21000
154,20,34675,Высшее,Женат/Замужем,95,20000
155,18,15000,Высшее,Женат/Замужем,69,8000
156,22,29706,Магистратура,Разведён/Разведена,35,19000
157,43,69902,Высшее,Женат/Замужем,114,36000
158,72,76905,Среднее,Вдовец/Вдова,111,36000
159,31,48486,Высшее,Женат/Замужем,52,21000
160,56,65524,Высшее,Вдовец/Вдова,14,26000
161,44,37967,Высшее,Холост/Не замужем,63,16000
162,26,27087,Высшее,Разведён/Разведена,36,9000
163,32,46282,Высшее,Разведён/Разведена,91,21000
164,32,53453,Магистратура,Вдовец/Вдова,24,17000
165,43,66498,Среднее,Холост/Не замужем,40,26000
166,59,49928,Высшее,Холост/Не замужем,29,33000
167,30,46096,Магистратура,Женат/Замужем,53,21000
168,68,87805,Высшее,Холост/Не замужем,109,55000
169,49,39993,Высшее,Холост/Не замужем,22,26000
170,56,82701,Аспирантура,Холост/Не замужем,72,48000
171,66,92984,Среднее специальное,Женат/Замужем,15,72000
172,69,110176,Среднее,Женат/Замужем,113,34000
173,49,58264,Высшее,Холост/Не замужем,69,38000
174,21,35946,Среднее,Холост/Не замужем,116,28000
175,47,65604,Аспирантура,Женат/Замужем,64,47000
176,54,70767,Среднее специальное,Женат/Замужем,4,27000
177,40,64495,Магистратура,Холост/Не замужем,75,29000
178,56,72160,Магистратура,Женат/Замужем,18,27000
179,62,63609,Среднее специальное,Разведён/Разведена,42,38000
180,32,59529,Высшее,Вдовец/Вдова,113,39000
181,60,47531,Среднее,Вдовец/Вдова,30,21000
182,46,52487,Высшее,Разведён/Разведена,15,29000
183,53,81456,Среднее,Женат/Замужем,70,52000
184,30,20846,Магистратура,Женат/Замужем,55,10000
185,49,44637,Аспирантура,Женат/Замужем,53,32000
186,24,44876,Среднее специальное,Женат/Замужем,16,30000
187,68,75908,Среднее специальное,Холост/Не замужем,111,25000
188,39,33674,Магистратура,Женат/Замужем,104,20000
189,45,45357,Среднее специальное,Женат/Замужем,73,18000
190,19,15000,Магистратура,Холост/Не замужем,107,8000
191,59,77507,Высшее,Женат/Замужем,34,60000
192,62,61361,Высшее,Холост/Не замужем,27,45000
193,74,101682,Магистратура,Холост/Не замужем,13,51000
194,70,72816,Высшее,Холост/Не замужем,100,32000
195,23,30703,Магистратура,Женат/Замужем,27,12000
196,45,46847,Магистратура,Холост/Не замужем,73,26000
197,45,47937,Среднее специальное,Разведён/Разведена,69,17000
198,61,66062,Среднее,Женат/Замужем,115,37000
199,61,102086,Аспирантура,Женат/Замужем,86,30000
200,37,40117,Магистратура,Холост/Не замужем,31,18000
201,47,48604,Среднее,Женат/Замужем,3,19000
202,28,38983,Магистратура,Женат/Замужем,30,30000
203,72,89554,Высшее,Женат/Замужем,21,59000
204,45,30285,Среднее специальное,Женат/Замужем,99,14000
205,42,56026,Магистратура,Разведён/Разведена,6,19000
206,56,48138,Среднее специальное,Разведён/Разведена,92,26000
207,50,63899,Магистратура,Женат/Замужем,32,25000
208,18,22593,Среднее специальное,Холост/Не замужем,42,12000
209,74,40238,Высшее,Женат/Замужем,101,28000
210,44,56343,Среднее специальное,Женат/Замужем,62,34000
211,74,80217,Высшее,Женат/Замужем,89,49000
212,69,62113,Высшее,Разведён/Разведена,32,35000
213,30,30024,Среднее специальное,Женат/Замужем,99,22000
214,58,42329,Высшее,Разведён/Разведена,86,32000
215,20,43196,Высшее,Холост/Не замужем,88,24000
216,56,73633,Среднее,Холост/Не замужем,39,33000
217,23,20814,Магистратура,Холост/Не замужем,64,11000
218,25,27500,Высшее,Разведён/Разведена,118,10000
219,44,49850,Высшее,Разведён/Разведена,30,30000
220,26,70462,Высшее,Женат/Замужем,63,38000
221,54,66976,Высшее,Женат/Замужем,114,23000
222,50,41448,Среднее специальное,Женат/Замужем,96,16000
223,68,74556,Высшее,Разведён/Разведена,31,40000
224,59,42149,Высшее,Разведён/Разведена,87,31000
225,61,75169,Высшее,Женат/Замужем,40,43000
226,41,73533,Магистратура,Женат/Замужем,33,47000
227,32,66396,Высшее,Холост/Не замужем,63,31000
228,71,83423,Среднее,Женат/Замужем,25,48000
229,49,46048,Среднее специальное,Женат/Замужем,36,24000
230,49,35286,Среднее специальное,Холост/Не замужем,24,22000
231,41,27396,Среднее специальное,Разведён/Разведена,95,8000
232,58,19906,Высшее,Женат/Замужем,58,10000
233,69,81207,Среднее специальное,Вдовец/Вдова,39,36000
234,66,66857,Среднее специальное,Холост/Не замужем,46,30000
235,66,82038,Среднее,Женат/Замужем,77,64000
236,69,92220,Среднее,Женат/Замужем,10,36000
237,29,40298,Среднее специальное,Холост/Не замужем,87,18000
238,56,62589,Среднее специальное,Женат/Замужем,82,34000
239,19,23835,Высшее,Холост/Не замужем,32,17000
240,20,26408,Высшее,Холост/Не замужем,97,13000
241,66,79327,Среднее специальное,Холост/Не замужем,36,53000
242,54,56184,Высшее,Холост/Не замужем,28,40000
243,66,63614,Высшее,Женат/Замужем,16,28000
244,73,73725,Среднее специальное,Холост/Не замужем,16,36000
245,34,56094,Среднее,Женат/Замужем,18,26000
246,66,58010,Высшее,Женат/Замужем,8,41000
247,19,29802,Высшее,Женат/Замужем,106,9000
248,19,34479,Среднее специальное,Разведён/Разведена,80,15000
249,45,69003,Среднее специальное,Женат/Замужем,119,44000
250,71,68810,Магистратура,Женат/Замужем,120,40000
251,40,36832,Среднее специальное,Холост/Не замужем,75,19000
252,54,51534,Среднее специальное,Женат/Замужем,70,29000
253,49,70595,Магистратура,Разведён/Разведена,1,28000
254,50,86099,Магистратура,Женат/Замужем,62,44000
255,18,15000,Высшее,Холост/Не замужем,76,8000
256,36,27970,Высшее,Женат/Замужем,38,20000
257,19,28268,Среднее специальное,Женат/Замужем,92,12000
258,70,73264,Среднее,Женат/Замужем,45,53000
259,61,76204,Высшее,Женат/Замужем,58,47000
260,43,36633,Среднее,Холост/Не замужем,81,11000
261,49,38853,Высшее,Разведён/Разведена,1,25000
262,23,36071,Магистратура,Холост/Не замужем,32,11000
263,49,50923,Аспирантура,Холост/Не замужем,8,40000
264,72,87100,Среднее специальное,Женат/Замужем,118,64000
265,21,39710,Высшее,Холост/Не замужем,40,17000
266,72,81530,Высшее,Холост/Не замужем,56,34000
267,28,36432,Магистратура,Холост/Не замужем,63,17000
268,73,109333,Среднее специальное,Женат/Замужем,107,52000
269,34,30233,Среднее,Разведён/Разведена,110,14000
270,55,68762,Среднее специальное,Разведён/Разведена,88,31000
271,41,29354,Высшее,Женат/Замужем,74,17000
272,22,17097,Высшее,Холост/Не замужем,111,6000
273,69,61689,Магистратура,Женат/Замужем,103,44000
274,51,80839,Высшее,Женат/Замужем,103,57000
275,23,37958,Среднее специальное,Холост/Не замужем,74,20000
276,39,37942,Высшее,Холост/Не замужем,36,27000
277,28,43616,Среднее,Холост/Не замужем,89,18000
278,65,68127,Магистратура,Женат/Замужем,114,21000
279,33,34620,Магистратура,Женат/Замужем,57,21000
280,50,34650,Аспирантура,Разведён/Разведена,74,18000
281,26,57978,Магистратура,Холост/Не замужем,83,33000
282,23,37147,Среднее специальное,Холост/Не замужем,110,27000
283,33,74606,Среднее,Женат/Замужем,45,58000
284,46,66504,Высшее,Женат/Замужем,79,41000
285,20,39869,Магистратура,Холост/Не замужем,80,27000
286,37,38671,Среднее специальное,Холост/Не замужем,2,13000
287,53,41569,Среднее,Холост/Не замужем,93,15000
288,36,41134,Магистратура,Холост/Не замужем,68,27000
289,43,33135,Среднее,Холост/Не замужем,117,17000
290,20,41352,Высшее,Вдовец/Вдова,50,21000
291,36,68889,Высшее,Женат/Замужем,29,31000
292,37,41286,Среднее специальное,Женат/Замужем,95,24000
293,49,68967,Среднее,Женат/Замужем,81,27000
294,24,24461,Магистратура,Холост/Не замужем,10,15000
295,69,66262,Высшее,Холост/Не замужем,27,25000
296,58,49775,Аспирантура,Женат/Замужем,117,16000
297,50,23603,Высшее,Женат/Замужем,105,10000
298,57,60651,Среднее,Холост/Не замужем,15,25000
299,56,62326,Высшее,Женат/Замужем,60,46000
300,35,59587,Высшее,Женат/Замужем,108,19000
301,57,73131,Среднее специальное,Холост/Не замужем,31,28000
302,18,42134,Магистратура,Холост/Не замужем,21,24000
303,28,23389,Среднее специальное,Женат/Замужем,60,12000
304,45,58492,Среднее специальное,Женат/Замужем,58,18000
305,74,98538,Среднее,Холост/Не замужем,41,29000
306,42,54898,Высшее,Холост/Не замужем,46,43000
307,67,96628,Высшее,Женат/Замужем,45,60000
308,40,77884,Высшее,Холост/Не замужем,26,37000
309,48,49972,Высшее,Женат/Замужем,102,26000
310,47,42745,Магистратура,Женат/Замужем,51,18000
311,59,51378,Среднее специальное,Холост/Не замужем,36,24000
312,52,34457,Среднее,Холост/Не замужем,52,21000
313,24,27023,Среднее,Женат/Замужем,81,20000
314,33,60114,Среднее специальное,Холост/Не замужем,51,23000
315,43,16939,Высшее,Холост/Не замужем,3,12000
316,65,52038,Высшее,Женат/Замужем,14,18000
317,74,72893,Магистратура,Холост/Не замужем,49,29000
318,69,57642,Среднее специальное,Женат/Замужем,77,18000
319,66,60490,Высшее,Холост/Не замужем,105,22000
320,19,23115,Высшее,Женат/Замужем,91,17000
321,18,26136,Среднее,Холост/Не замужем,1,13000
322,65,56658,Высшее,Вдовец/Вдова,57,19000
323,29,26631,Аспирантура,Женат/Замужем,17,20000
324,22,47214,Высшее,Холост/Не замужем,112,34000
325,54,74544,Магистратура,Женат/Замужем,50,50000
326,49,34091,Высшее,Женат/Замужем,98,26000
327,72,31806,Среднее специальное,Женат/Замужем,14,13000
328,26,52350,Высшее,Разведён/Разведена,118,37000
329,58,43567,Среднее специальное,Женат/Замужем,119,28000
330,52,60391,Среднее,Холост/Не замужем,59,44000
331,36,20914,Высшее,Женат/Замужем,81,14000
332,65,87066,Магистратура,Холост/Не замужем,3,41000
333,33,80155,Высшее,Женат/Замужем,98,55000
334,20,34342,Высшее,Женат/Замужем,40,14000
335,37,43788,Магистратура,Холост/Не замужем,89,20000
336,41,43567,Магистратура,Холост/Не замужем,66,15000
337,71,84126,Высшее,Женат/Замужем,34,64000
338,73,82515,Среднее специальное,Женат/Замужем,90,36000
339,50,70652,Магистратура,Женат/Замужем,95,39000
340,41,38981,Среднее специальное,Холост/Не замужем,9,19000
341,69,75901,Высшее,Женат/Замужем,94,59000
342,28,29862,Среднее,Холост/Не замужем,84,13000
343,66,52534,Высшее,Холост/Не замужем,21,36000
344,25,34984,Среднее специальное,Холост/Не замужем,93,25000
345,53,44162,Высшее,Холост/Не замужем,25,22000
346,55,77205,Высшее,Женат/Замужем,102,37000
347,57,48271,Среднее специальное,Вдовец/Вдова,44,32000
348,37,50653,Высшее,Женат/Замужем,25,38000
349,52,48148,Магистратура,Холост/Не замужем,9,32000
350,65,71755,Аспирантура,Женат/Замужем,103,29000
351,42,41340,Среднее специальное,Женат/Замужем,62,30000
352,52,38341,Высшее,Холост/Не замужем,108,18000
353,42,56456,Высшее,Разведён/Разведена,26,33000
354,46,48868,Высшее,Женат/Замужем,57,34000
355,35,47889,Среднее,Вдовец/Вдова,37,18000
356,63,59567,Высшее,Женат/Замужем,16,41000
357,35,23680,Магистратура,Женат/Замужем,37,14000
358,19,47047,Высшее,Холост/Не замужем,76,35000
359,71,83451,Высшее,Женат/Замужем,24,32000
360,52,48695,Высшее,Холост/Не замужем,26,24000
361,33,43046,Среднее специальное,Разведён/Разведена,20,30000
362,58,77630,Магистратура,Женат/Замужем,9,24000
363,53,51144,Высшее,Разведён/Разведена,87,18000
364,50,51071,Среднее специальное,Женат/Замужем,103,40000
365,21,36054,Магистратура,Разведён/Разведена,29,15000
366,50,48713,Среднее специальное,Холост/Не замужем,31,38000
367,31,53256,Аспирантура,Женат/Замужем,19,20000
368,38,43466,Высшее,Женат/Замужем,20,20000
369,65,55839,Среднее специальное,Женат/Замужем,87,37000
370,37,54329,Высшее,Женат/Замужем,107,34000
371,73,56868,Высшее,Холост/Не замужем,27,33000
372,25,65823,Среднее,Холост/Не замужем,94,37000
373,24,58537,Высшее,Разведён/Разведена,85,42000
374,20,39302,Высшее,Женат/Замужем,44,16000
375,34,49239,Высшее,Холост/Не замужем,35,25000
376,50,61336,Среднее,Женат/Замужем,113,23000
377,65,60263,Высшее,Разведён/Разведена,71,36000
378,29,43259,Среднее,Холост/Не замужем,22,18000
379,68,56153,Высшее,Разведён/Разведена,74,26000
380,39,54357,Среднее,Разведён/Разведена,87,29000
381,72,86217,Магистратура,Разведён/Разведена,15,27000
382,39,41128,Высшее,Разведён/Разведена,94,14000
383,63,57073,Высшее,Женат/Замужем,98,36000
384,47,35012,Высшее,Женат/Замужем,13,18000
385,55,81469,Среднее специальное,Холост/Не замужем,4,59000
386,55,51865,Среднее специальное,Холост/Не замужем,82,33000
387,62,62218,Магистратура,Женат/Замужем,56,18000
388,68,74502,Магистратура,Женат/Замужем,23,45000
389,71,76633,Среднее,Холост/Не замужем,97,26000
390,25,46798,Высшее,Женат/Замужем,98,32000
391,44,45110,Высшее,Холост/Не замужем,34,35000
392,44,33719,Высшее,Разведён/Разведена,100,19000
393,51,36695,Среднее,Холост/Не замужем,99,23000
394,38,37311,Среднее специальное,Женат/Замужем,17,15000
395,47,38922,Среднее специальное,Женат/Замужем,28,20000
396,50,51045,Магистратура,Холост/Не замужем,14,37000
397,45,71213,Высшее,Разведён/Разведена,34,27000
398,64,61140,Высшее,Женат/Замужем,112,26000
399,50,49935,Магистратура,Холост/Не замужем,75,26000
400,22,32954,Высшее,Холост/Не замужем,57,21000
401,65,61515,Магистратура,Холост/Не замужем,77,30000
402,36,43389,Высшее,Холост/Не замужем,97,33000
403,21,40513,Среднее специальное,Женат/Замужем,55,14000
404,52,70471,Магистратура,Женат/Замужем,66,34000
405,66,83448,Высшее,Разведён/Разведена,98,54000
406,34,73652,Среднее специальное,Женат/Замужем,117,30000
407,61,72940,Высшее,Холост/Не замужем,93,45000
408,45,85117,Среднее,Холост/Не замужем,37,32000
409,47,41552,Высшее,Женат/Замужем,68,13000
410,46,83769,Магистратура,Холост/Не замужем,76,30000
411,63,60294,Магистратура,Холост/Не замужем,26,46000
412,70,67369,Магистратура,Разведён/Разведена,61,38000
413,23,32201,Среднее специальное,Холост/Не замужем,92,22000
414,52,53920,Высшее,Разведён/Разведена,67,25000
415,58,63287,Среднее,Холост/Не замужем,84,37000
416,54,50099,Магистратура,Вдовец/Вдова,74,27000
417,41,60849,Высшее,Женат/Замужем,52,47000
418,46,44107,Высшее,Женат/Замужем,18,29000
419,66,78234,Высшее,Холост/Не замужем,53,52000
420,63,88915,Высшее,Разведён/Разведена,63,28000
421,70,66243,Высшее,Разведён/Разведена,53,38000
422,48,65915,Аспирантура,Женат/Замужем,117,35000
423,52,65587,Аспирантура,Женат/Замужем,27,50000
424,50,89393,Среднее специальное,Женат/Замужем,31,38000
425,69,63227,Высшее,Холост/Не замужем,91,27000
426,38,57926,Аспирантура,Женат/Замужем,106,29000
427,49,30409,Среднее,Разведён/Разведена,1,12000
428,40,40162,Высшее,Женат/Замужем,6,14000
429,50,60900,Среднее специальное,Холост/Не замужем,11,44000
430,20,52497,Высшее,Женат/Замужем,34,30000
431,35,25210,Среднее,Женат/Замужем,103,18000
432,42,60991,Высшее,Холост/Не замужем,84,43000
433,59,61851,Среднее специальное,Холост/Не замужем,63,27000
434,48,31177,Высшее,Холост/Не замужем,53,17000
435,71,75123,Аспирантура,Женат/Замужем,85,25000
436,20,57237,Магистратура,Холост/Не замужем,85,43000
437,57,44393,Магистратура,Женат/Замужем,18,22000
438,63,64350,Высшее,Женат/Замужем,21,31000
439,41,33600,Среднее,Женат/Замужем,19,15000
440,67,62171,Среднее специальное,Вдовец/Вдова,4,32000
441,49,76282,Магистратура,Холост/Не замужем,77,32000
442,64,62727,Высшее,Холост/Не замужем,82,30000
443,39,67823,Среднее специальное,Разведён/Разведена,116,47000
444,40,64235,Высшее,Холост/Не замужем,29,46000
445,19,25358,Среднее специальное,Холост/Не замужем,25,11000
446,44,43261,Среднее специальное,Разведён/Разведена,56,23000
447,59,49360,Аспирантура,Вдовец/Вдова,77,36000
448,19,16836,Магистратура,Женат/Замужем,63,5000
449,43,55298,Высшее,Холост/Не замужем,27,41000
450,34,42503,Аспирантура,Женат/Замужем,60,17000
451,57,51845,Высшее,Холост/Не замужем,83,33000
452,50,32368,Высшее,Женат/Замужем,49,19000
453,26,37992,Среднее,Женат/Замужем,65,21000
454,60,56556,Среднее специальное,Разведён/Разведена,38,41000
455,71,69470,Высшее,Холост/Не замужем,83,24000
456,65,72169,Магистратура,Женат/Замужем,52,34000
457,56,22872,Высшее,Холост/Не замужем,1,13000
458,46,29400,Среднее специальное,Холост/Не замужем,40,20000
459,59,97246,Среднее специальное,Женат/Замужем,81,39000
460,72,65600,Магистратура,Холост/Не замужем,21,46000
461,43,15000,Среднее специальное,Женат/Замужем,86,7000
462,52,35450,Высшее,Женат/Замужем,15,13000
463,67,106467,Среднее,Вдовец/Вдова,50,72000
464,42,38655,Среднее,Женат/Замужем,103,13000
465,41,65785,Высшее,Разведён/Разведена,48,36000
466,30,41416,Высшее,Женат/Замужем,103,13000
467,24,27525,Высшее,Холост/Не замужем,32,13000
468,74,86431,Среднее специальное,Женат/Замужем,49,51000
469,53,22234,Магистратура,Женат/Замужем,68,12000
470,62,43583,Среднее специальное,Женат/Замужем,108,21000
471,37,37814,Высшее,Женат/Замужем,45,19000
472,18,15000,Аспирантура,Женат/Замужем,32,6000
473,25,26888,Среднее специальное,Холост/Не замужем,4,14000
474,63,78805,Магистратура,Холост/Не замужем,117,61000
475,33,43982,Среднее специальное,Женат/Замужем,65,31000
476,31,60359,Высшее,Женат/Замужем,97,22000
477,29,41730,Высшее,Женат/Замужем,71,13000
478,68,84886,Аспирантура,Женат/Замужем,73,65000
479,40,46638,Среднее специальное,Холост/Не замужем,65,26000
480,32,32345,Высшее,Женат/Замужем,80,18000
481,45,73808,Аспирантура,Женат/Замужем,18,50000
482,51,45759,Высшее,Женат/Замужем,54,20000
483,19,35957,Высшее,Женат/Замужем,47,19000
484,49,66333,Среднее специальное,Женат/Замужем,6,52000
485,40,60222,Высшее,Женат/Замужем,66,38000
486,39,29318,Среднее,Разведён/Разведена,9,11000
487,68,85779,Среднее,Женат/Замужем,68,31000
488,42,34515,Высшее,Женат/Замужем,109,13000
489,39,58960,Высшее,Женат/Замужем,23,40000
490,39,54827,Аспирантура,Женат/Замужем,118,24000
491,66,80679,Магистратура,Женат/Замужем,107,25000
492,69,52724,Высшее,Женат/Замужем,109,40000
493,59,71618,Магистратура,Женат/Замужем,43,27000
494,23,50283,Высшее,Холост/Не замужем,51,15000
495,32,44100,Среднее специальное,Вдовец/Вдова,72,18000
496,71,60120,Магистратура,Женат/Замужем,103,25000
497,60,77396,Среднее специальное,Женат/Замужем,25,39000
498,54,60508,Высшее,Женат/Замужем,80,45000
499,50,30483,Магистратура,Холост/Не замужем,35,22000
500,25,22157,Высшее,Холост/Не замужем,17,11000
501,70,63705,Магистратура,Холост/Не замужем,18,32000
502,61,86987,Среднее специальное,Женат/Замужем,27,50000
503,61,84352,Высшее,Разведён/Разведена,15,35000
504,22,53104,Среднее,Женат/Замужем,81,17000
505,56,63885,Высшее,Женат/Замужем,107,49000
506,21,46103,Магистратура,Женат/Замужем,69,18000
507,23,16888,Высшее,Холост/Не замужем,80,6000
508,62,65302,Среднее специальное,Холост/Не замужем,15,35000
509,49,61574,Среднее,Женат/Замужем,42,33000
510,69,54676,Среднее специальное,Разведён/Разведена,110,16000
511,47,56348,Высшее,Женат/Замужем,34,21000
512,64,92099,Магистратура,Женат/Замужем,48,45000
513,52,65581,Среднее специальное,Разведён/Разведена,83,42000
514,72,86963,Высшее,Холост/Не замужем,8,36000
515,57,24413,Магистратура,Женат/Замужем,111,12000
516,69,94169,Высшее,Женат/Замужем,10,54000
517,33,39208,Высшее,Женат/Замужем,5,29000
518,30,28069,Магистратура,Холост/Не замужем,116,12000
519,67,66580,Среднее специальное,Женат/Замужем,48,24000
520,59,40524,Среднее специальное,Женат/Замужем,117,22000
521,47,68919,Среднее,Холост/Не замужем,26,46000
522,36,39369,Аспирантура,Женат/Замужем,86,13000
523,34,31720,Магистратура,Холост/Не замужем,108,16000
524,73,71479,Магистратура,Разведён/Разведена,23,22000
525,36,61170,Среднее,Женат/Замужем,62,19000
526,45,53571,Высшее,Разведён/Разведена,13,29000
527,72,52054,Среднее специальное,Женат/Замужем,9,23000
528,43,56974,Среднее,Холост/Не замужем,113,41000
529,54,44865,Высшее,Холост/Не замужем,20,26000
530,43,17658,Аспирантура,Холост/Не замужем,92,9000
531,70,94040,Магистратура,Холост/Не замужем,108,47000
532,40,54458,Высшее,Женат/Замужем,57,29000
533,26,35225,Среднее,Холост/Не замужем,101,11000
534,29,33615,Среднее специальное,Женат/Замужем,24,25000
535,70,92556,Высшее,Женат/Замужем,108,73000
536,18,76307,Магистратура,Женат/Замужем,33,29000
537,18,36731,Магистратура,Женат/Замужем,20,13000
538,64,51355,Высшее,Женат/Замужем,60,19000
539,51,54083,Высшее,Вдовец/Вдова,48,34000
540,49,61258,Среднее,Холост/Не замужем,64,38000
541,71,37157,Среднее специальное,Женат/Замужем,30,26000
542,65,72617,Высшее,Женат/Замужем,108,49000
543,42,55746,Среднее специальное,Женат/Замужем,73,29000
544,57,81095,Высшее,Женат/Замужем,109,49000
545,62,83531,Магистратура,Женат/Замужем,113,53000
546,70,73267,Высшее,Женат/Замужем,17,40000
547,18,52719,Среднее,Женат/Замужем,100,28000
548,33,72535,Среднее специальное,Вдовец/Вдова,14,45000
549,56,60819,Высшее,Разведён/Разведена,19,35000
550,22,39472,Высшее,Холост/Не замужем,71,24000
551,39,20290,Высшее,Холост/Не замужем,59,12000
552,46,30635,Высшее,Разведён/Разведена,67,20000
553,72,60627,Высшее,Вдовец/Вдова,97,37000
554,20,24945,Магистратура,Холост/Не замужем,44,13000
555,29,22358,Высшее,Женат/Замужем,32,14000
556,43,49460,Магистратура,Разведён/Разведена,111,25000
557,33,35794,Высшее,Женат/Замужем,11,15000
558,68,86063,Среднее,Холост/Не замужем,106,25000
559,54,51678,Высшее,Женат/Замужем,2,29000
560,39,15000,Высшее,Разведён/Разведена,90,8000
561,74,76686,Магистратура,Разведён/Разведена,68,60000
562,46,52187,Высшее,Женат/Замужем,17,25000
563,31,27469,Магистратура,Женат/Замужем,81,13000
564,45,53024,Магистратура,Холост/Не замужем,92,21000
565,22,17071,Высшее,Разведён/Разведена,94,5000
566,64,71747,Высшее,Холост/Не замужем,40,49000
567,66,107893,Высшее,Разведён/Разведена,87,45000
568,47,26115,Аспирантура,Женат/Замужем,46,15000
569,63,58256,Магистратура,Разведён/Разведена,88,37000
570,69,60652,Среднее специальное,Холост/Не замужем,93,32000
571,22,26701,Магистратура,Женат/Замужем,4,19000
572,29,54098,Среднее специальное,Холост/Не замужем,38,28000
573,33,50142,Высшее,Женат/Замужем,63,22000
574,43,62731,Среднее специальное,Разведён/Разведена,29,46000
575,43,50457,Высшее,Женат/Замужем,19,36000
576,65,47768,Магистратура,Женат/Замужем,91,18000
577,38,29279,Среднее специальное,Холост/Не замужем,29,9000
578,56,71593,Среднее,Разведён/Разведена,120,24000
579,53,60562,Среднее специальное,Женат/Замужем,100,26000
580,50,74503,Высшее,Женат/Замужем,35,58000
581,47,57598,Высшее,Женат/Замужем,116,33000
582,54,41054,Среднее специальное,Женат/Замужем,70,19000
583,40,39771,Среднее специальное,Женат/Замужем,23,29000
584,27,45672,Высшее,Женат/Замужем,103,24000
585,71,83054,Среднее специальное,Женат/Замужем,46,38000
586,22,46026,Высшее,Разведён/Разведена,44,35000
587,53,42272,Среднее,Разведён/Разведена,48,30000
588,51,38384,Высшее,Холост/Не замужем,52,27000
589,69,67952,Среднее специальное,Женат/Замужем,8,37000
590,48,75601,Высшее,Холост/Не замужем,55,52000
591,27,26791,Среднее специальное,Холост/Не замужем,66,10000
592,36,51224,Высшее,Женат/Замужем,77,30000
593,49,61625,Магистратура,Разведён/Разведена,40,48000
594,18,41411,Магистратура,Холост/Не замужем,85,18000
595,73,98966,Высшее,Женат/Замужем,31,68000
596,22,56628,Высшее,Разведён/Разведена,116,30000
597,62,56280,Магистратура,Разведён/Разведена,48,18000
598,21,15000,Высшее,Женат/Замужем,100,10000
599,33,31822,Среднее специальное,Женат/Замужем,61,12000
600,41,49535,Магистратура,Женат/Замужем,112,30000
601,33,36575,Высшее,Холост/Не замужем,52,12000
602,72,102718,Среднее специальное,Холост/Не замужем,38,79000
603,19,31081,Среднее специальное,Холост/Не замужем,91,13000
604,66,78205,Среднее специальное,Женат/Замужем,36,32000
605,45,54858,Высшее,Разведён/Разведена,112,19000
606,49,49600,Среднее специальное,Женат/Замужем,87,38000
607,44,21927,Среднее специальное,Женат/Замужем,55,14000
608,37,44020,Среднее специальное,Женат/Замужем,85,29000
609,41,97219,Высшее,Холост/Не замужем,13,53000
610,29,20133,Высшее,Женат/Замужем,37,10000
611,67,41976,Высшее,Разведён/Разведена,47,14000
612,52,86245,Среднее,Холост/Не замужем,90,50000
613,50,66731,Среднее специальное,Холост/Не замужем,104,28000
614,50,58411,Магистратура,Женат/Замужем,71,46000
615,68,90440,Высшее,Женат/Замужем,110,63000
616,60,51127,Высшее,Женат/Замужем,103,25000
617,54,57201,Среднее,Женат/Замужем,22,21000
618,29,53127,Высшее,Женат/Замужем,39,36000
619,20,63255,Высшее,Холост/Не замужем,87,22000
620,18,15000,Среднее специальное,Женат/Замужем,58,5000
621,50,74811,Среднее специальное,Женат/Замужем,30,30000
622,57,66927,Высшее,Разведён/Разведена,18,38000
623,27,39645,Магистратура,Вдовец/Вдова,106,27000
624,60,63484,Магистратура,Разведён/Разведена,18,29000
625,61,43630,Высшее,Женат/Замужем,110,14000
626,46,66846,Высшее,Женат/Замужем,74,35000
627,30,27865,Среднее специальное,Женат/Замужем,39,18000
628,29,22604,Высшее,Разведён/Разведена,94,9000
629,48,67281,Высшее,Холост/Не замужем,26,27000
630,63,77837,Среднее специальное,Женат/Замужем,71,60000
631,19,31985,Магистратура,Женат/Замужем,7,24000
632,68,86193,Среднее специальное,Женат/Замужем,69,68000
633,67,90589,Высшее,Холост/Не замужем,65,63000
634,52,76823,Высшее,Женат/Замужем,46,30000
635,40,39675,Высшее,Женат/Замужем,18,16000
636,34,58011,Высшее,Женат/Замужем,13,27000
637,43,53174,Среднее специальное,Женат/Замужем,25,24000
638,25,61488,Магистратура,Женат/Замужем,104,47000
639,46,50544,Высшее,Разведён/Разведена,8,35000
640,43,44652,Высшее,Женат/Замужем,74,29000
641,27,27993,Аспирантура,Женат/Замужем,32,11000
642,43,52839,Высшее,Холост/Не замужем,17,39000
643,51,63400,Среднее специальное,Холост/Не замужем,102,45000
644,68,77289,Магистратура,Женат/Замужем,79,29000
645,58,67237,Среднее,Женат/Замужем,79,49000
646,24,44865,Среднее,Женат/Замужем,48,19000
647,21,29061,Высшее,Холост/Не замужем,63,9000
648,70,58512,Аспирантура,Разведён/Разведена,40,36000
649,67,54802,Среднее специальное,Женат/Замужем,115,34000
650,62,79825,Высшее,Холост/Не замужем,84,27000
651,28,45054,Среднее специальное,Женат/Замужем,15,20000
652,46,24562,Высшее,Разведён/Разведена,99,19000
653,73,90451,Высшее,Женат/Замужем,6,57000
654,53,86206,Высшее,Холост/Не замужем,94,57000
655,42,38461,Среднее специальное,Женат/Замужем,63,15000
656,38,51042,Высшее,Холост/Не замужем,8,17000
657,74,67698,Аспирантура,Холост/Не замужем,95,29000
658,53,67424,Высшее,Холост/Не замужем,112,28000
659,27,19709,Высшее,Женат/Замужем,111,8000
660,54,57728,Магистратура,Холост/Не замужем,32,22000
661,26,51119,Среднее,Разведён/Разведена,45,30000
662,41,66935,Высшее,Холост/Не замужем,52,31000
663,52,63597,Магистратура,Холост/Не замужем,79,45000
664,66,63314,Среднее,Женат/Замужем,82,24000
665,52,33310,Высшее,Холост/Не замужем,13,17000
666,65,56236,Среднее специальное,Женат/Замужем,24,17000
667,53,50960,Высшее,Холост/Не замужем,40,27000
668,35,33133,Высшее,Холост/Не замужем,14,10000
669,66,69293,Высшее,Холост/Не замужем,92,54000
670,56,55271,Высшее,Женат/Замужем,75,38000
671,49,57381,Среднее специальное,Холост/Не замужем,70,31000
672,41,66439,Высшее,Женат/Замужем,62,22000
673,40,41503,Среднее специальное,Женат/Замужем,120,24000
674,49,34056,Магистратура,Женат/Замужем,89,23000
675,54,48274,Среднее,Женат/Замужем,61,19000
676,29,47553,Магистратура,Женат/Замужем,1,27000
677,66,78569,Высшее,Разведён/Разведена,89,55000
678,72,79291,Высшее,Холост/Не замужем,66,54000
679,30,59111,Высшее,Холост/Не замужем,32,41000
680,40,44804,Высшее,Холост/Не замужем,13,33000
681,42,79982,Высшее,Холост/Не замужем,33,61000
682,52,69472,Среднее специальное,Холост/Не замужем,32,34000
683,58,24147,Высшее,Женат/Замужем,56,14000
684,47,80209,Среднее специальное,Женат/Замужем,24,55000
685,34,31295,Среднее,Вдовец/Вдова,91,20000
686,66,52888,Высшее,Холост/Не замужем,4,42000
687,37,53056,Среднее,Холост/Не замужем,88,16000
688,65,41527,Среднее специальное,Вдовец/Вдова,23,19000
689,42,38767,Среднее,Разведён/Разведена,29,17000
690,39,70156,Среднее специальное,Женат/Замужем,98,30000
691,30,47943,Среднее специальное,Женат/Замужем,21,19000
692,36,56583,Аспирантура,Разведён/Разведена,30,37000
693,66,58546,Среднее,Женат/Замужем,90,20000
694,53,34924,Высшее,Холост/Не замужем,20,23000
695,29,49402,Среднее специальное,Разведён/Разведена,16,31000
696,58,75953,Магистратура,Женат/Замужем,67,32000
697,36,57674,Среднее,Холост/Не замужем,49,24000
698,29,41936,Аспирантура,Женат/Замужем,101,25000
699,26,21893,Высшее,Женат/Замужем,58,14000
700,24,71366,Среднее,Разведён/Разведена,104,52000
701,45,58796,Магистратура,Холост/Не замужем,44,42000
702,31,37791,Высшее,Разведён/Разведена,25,29000
703,48,51458,Среднее специальное,Женат/Замужем,23,30000
704,69,73043,Магистратура,Женат/Замужем,108,55000
705,36,60444,Магистратура,Холост/Не замужем,59,42000
706,64,69644,Высшее,Женат/Замужем,1,52000
707,33,54877,Высшее,Разведён/Разведена,97,16000
708,70,73870,Магистратура,Женат/Замужем,15,57000
709,22,31514,Высшее,Холост/Не замужем,81,16000
710,52,66818,Магистратура,Женат/Замужем,98,46000
711,29,47849,Высшее,Женат/Замужем,81,17000
712,42,46655,Среднее специальное,Холост/Не замужем,52,23000
713,69,59561,Магистратура,Женат/Замужем,58,25000
714,38,51125,Среднее специальное,Женат/Замужем,41,22000
715,53,59175,Среднее специальное,Холост/Не замужем,44,21000
716,70,63276,Высшее,Женат/Замужем,4,44000
717,40,34963,Высшее,Холост/Не замужем,77,10000
718,33,48157,Среднее,Женат/Замужем,68,21000
719,74,83051,Магистратура,Женат/Замужем,7,32000
720,56,54999,Высшее,Женат/Замужем,46,32000
721,62,56500,Высшее,Женат/Замужем,9,24000
722,70,59146,Магистратура,Холост/Не замужем,87,25000
723,59,68533,Высшее,Разведён/Разведена,33,37000
724,56,48340,Среднее,Женат/Замужем,33,30000
725,31,74017,Среднее специальное,Женат/Замужем,84,26000
726,48,47845,Аспирантура,Женат/Замужем,4,18000
727,22,15000,Среднее,Женат/Замужем,65,6000
728,52,56747,Высшее,Холост/Не замужем,118,44000
729,40,46504,Высшее,Холост/Не замужем,106,23000
730,46,69075,Высшее,Холост/Не замужем,34,41000
731,60,67921,Среднее,Женат/Замужем,91,28000
732,28,25492,Высшее,Холост/Не замужем,85,13000
733,35,39304,Высшее,Холост/Не замужем,88,13000
734,64,71711,Аспирантура,Женат/Замужем,79,22000
735,29,15000,Среднее специальное,Холост/Не замужем,99,8000
736,26,56479,Высшее,Женат/Замужем,64,28000
737,27,24732,Высшее,Холост/Не замужем,25,9000
738,61,85655,Высшее,Холост/Не замужем,55,55000
739,34,48686,Высшее,Женат/Замужем,9,38000
740,55,69043,Среднее специальное,Холост/Не замужем,17,34000
741,24,52041,Среднее специальное,Разведён/Разведена,21,31000
742,63,74596,Высшее,Женат/Замужем,60,58000
743,30,49693,Высшее,Холост/Не замужем,13,35000
744,57,58733,Высшее,Холост/Не замужем,3,31000
745,59,68382,Среднее специальное,Женат/Замужем,68,45000
746,26,27587,Среднее специальное,Холост/Не замужем,4,10000
747,67,64048,Среднее,Холост/Не замужем,107,35000
748,44,80270,Среднее,Женат/Замужем,92,35000
749,19,18677,Высшее,Разведён/Разведена,7,7000
750,22,35514,Магистратура,Женат/Замужем,26,18000
751,46,54102,Среднее специальное,Женат/Замужем,75,19000
752,54,54138,Высшее,Разведён/Разведена,24,35000
753,55,67316,Среднее специальное,Холост/Не замужем,107,35000
754,36,53245,Высшее,Разведён/Разведена,10,30000
755,25,21712,Среднее,Женат/Замужем,101,8000
756,65,69120,Магистратура,Женат/Замужем,13,25000
757,62,48964,Высшее,Вдовец/Вдова,44,28000
758,18,41828,Аспирантура,Холост/Не замужем,106,33000
759,39,49447,Магистратура,Холост/Не замужем,39,17000
760,69,72034,Высшее,Женат/Замужем,19,31000
761,34,52685,Высшее,Женат/Замужем,51,38000
762,24,30667,Среднее специальное,Холост/Не замужем,19,10000
763,42,62910,Высшее,Холост/Не замужем,76,46000
764,62,50973,Магистратура,Женат/Замужем,52,28000
765,21,53578,Среднее,Женат/Замужем,86,27000
766,53,49736,Магистратура,Женат/Замужем,47,22000
767,23,15000,Высшее,Вдовец/Вдова,101,6000
768,48,49071,Магистратура,Холост/Не замужем,120,22000
769,36,37770,Магистратура,Холост/Не замужем,30,28000
770,61,59358,Высшее,Женат/Замужем,46,39000
771,71,75874,Высшее,Женат/Замужем,76,48000
772,56,76867,Высшее,Холост/Не замужем,93,53000
773,44,47924,Магистратура,Холост/Не замужем,21,20000
774,27,26825,Аспирантура,Разведён/Разведена,75,16000
775,43,33101,Магистратура,Вдовец/Вдова,101,17000
776,36,37377,Высшее,Женат/Замужем,48,25000
777,56,32082,Высшее,Холост/Не замужем,62,14000
778,20,20723,Магистратура,Вдовец/Вдова,58,12000
779,62,83860,Высшее,Разведён/Разведена,18,62000
780,30,27249,Магистратура,Женат/Замужем,108,13000
781,67,78630,Высшее,Разведён/Разведена,59,26000
782,45,33202,Среднее,Разведён/Разведена,91,18000
783,37,71766,Высшее,Разведён/Разведена,101,33000
784,45,79164,Высшее,Разведён/Разведена,48,50000
785,25,44465,Среднее специальное,Женат/Замужем,63,34000
786,58,91868,Среднее специальное,Женат/Замужем,12,49000
787,56,65736,Высшее,Женат/Замужем,87,35000
788,18,41527,Среднее,Женат/Замужем,34,26000
789,20,50529,Высшее,Женат/Замужем,61,17000
790,30,42295,Высшее,Вдовец/Вдова,102,18000
791,45,28314,Аспирантура,Женат/Замужем,87,21000
792,74,86634,Высшее,Женат/Замужем,53,55000
793,66,61322,Аспирантура,Женат/Замужем,25,18000
794,42,43237,Высшее,Женат/Замужем,62,17000
795,73,78468,Среднее специальное,Женат/Замужем,4,50000
796,50,64094,Высшее,Холост/Не замужем,94,43000
797,55,61852,Высшее,Женат/Замужем,94,44000
798,70,81135,Высшее,Холост/Не замужем,13,36000
799,23,23397,Среднее,Холост/Не замужем,42,17000
800,61,63759,Высшее,Женат/Замужем,49,36000
801,62,77936,Среднее,Холост/Не замужем,78,50000
802,49,81391,Высшее,Холост/Не замужем,56,48000
803,62,97096,Среднее специальное,Холост/Не замужем,47,35000
804,64,73294,Высшее,Холост/Не замужем,8,57000
805,38,58600,Высшее,Женат/Замужем,55,21000
806,33,71723,Среднее,Женат/Замужем,88,30000
807,71,62337,Высшее,Разведён/Разведена,18,44000
808,38,55445,Высшее,Женат/Замужем,35,33000
809,28,49525,Магистратура,Холост/Не замужем,89,35000
810,54,80517,Магистратура,Холост/Не замужем,81,44000
811,53,40942,Высшее,Женат/Замужем,32,20000
812,52,43108,Высшее,Женат/Замужем,120,32000
813,36,44720,Высшее,Разведён/Разведена,24,14000
814,37,50865,Высшее,Женат/Замужем,7,37000
815,74,91642,Среднее специальное,Женат/Замужем,13,38000
816,35,51363,Высшее,Женат/Замужем,91,37000
817,64,64528,Высшее,Разведён/Разведена,112,23000
818,58,68246,Среднее,Женат/Замужем,69,40000
819,66,72915,Высшее,Холост/Не замужем,100,54000
820,31,66575,Высшее,Женат/Замужем,90,35000
821,32,43684,Высшее,Женат/Замужем,42,29000
822,48,48253,Среднее,Вдовец/Вдова,109,33000
823,18,36744,Высшее,Женат/Замужем,31,24000
824,70,74577,Высшее,Холост/Не замужем,74,56000
825,71,48835,Высшее,Вдовец/Вдова,110,25000
826,71,72165,Высшее,Разведён/Разведена,26,27000
827,20,30088,Высшее,Холост/Не замужем,86,9000
828,33,33841,Магистратура,Разведён/Разведена,76,14000
829,40,63133,Среднее специальное,Холост/Не замужем,32,23000
830,74,63014,Аспирантура,Женат/Замужем,91,36000
831,28,44834,Высшее,Разведён/Разведена,97,17000
832,29,36582,Среднее специальное,Женат/Замужем,117,11000
833,27,38815,Высшее,Холост/Не замужем,52,12000
834,49,60976,Среднее,Женат/Замужем,20,43000
835,33,22386,Среднее специальное,Женат/Замужем,103,13000
836,25,38474,Высшее,Холост/Не замужем,105,18000
837,55,93934,Магистратура,Женат/Замужем,40,70000
838,29,15448,Магистратура,Женат/Замужем,59,5000
839,41,47535,Высшее,Холост/Не замужем,77,37000
840,45,68448,Среднее специальное,Женат/Замужем,14,41000
841,70,76124,Высшее,Разведён/Разведена,44,29000
842,25,45919,Высшее,Женат/Замужем,104,29000
843,45,15965,Магистратура,Женат/Замужем,117,10000
844,53,66973,Магистратура,Холост/Не замужем,86,34000
845,43,38574,Магистратура,Женат/Замужем,82,28000
846,25,40248,Высшее,Разведён/Разведена,48,15000
847,67,68758,Высшее,Холост/Не замужем,93,30000
848,45,85774,Среднее специальное,Женат/Замужем,43,29000
849,45,59800,Аспирантура,Женат/Замужем,16,24000
850,54,57110,Среднее специальное,Женат/Замужем,110,23000
851,58,39354,Среднее,Холост/Не замужем,35,29000
852,53,59817,Среднее специальное,Разведён/Разведена,53,20000
853,44,63148,Магистратура,Холост/Не замужем,34,32000
854,71,71191,Высшее,Женат/Замужем,3,40000
855,34,35215,Высшее,Женат/Замужем,68,26000
856,26,27811,Аспирантура,Женат/Замужем,118,22000
857,50,63627,Магистратура,Холост/Не замужем,5,43000
858,70,82990,Высшее,Женат/Замужем,10,65000
859,37,65618,Среднее специальное,Холост/Не замужем,52,45000
860,30,24675,Магистратура,Холост/Не замужем,29,19000
861,45,59489,Магистратура,Женат/Замужем,96,38000
862,65,65774,Высшее,Женат/Замужем,31,22000
863,46,51016,Высшее,Холост/Не замужем,66,25000
864,30,45627,Среднее специальное,Холост/Не замужем,76,28000
865,63,72114,Магистратура,Разведён/Разведена,91,34000
866,52,65131,Высшее,Разведён/Разведена,69,28000
867,23,18137,Высшее,Холост/Не замужем,37,10000
868,35,32352,Среднее,Женат/Замужем,27,24000
869,68,92288,Магистратура,Женат/Замужем,87,29000
870,22,29891,Высшее,Женат/Замужем,33,20000
871,64,71390,Среднее специальное,Разведён/Разведена,68,47000
872,42,65019,Высшее,Холост/Не замужем,59,50000
873,19,37751,Высшее,Женат/Замужем,64,28000
874,27,45397,Высшее,Женат/Замужем,85,30000
875,73,87418,Высшее,Женат/Замужем,88,48000
876,47,21450,Высшее,Женат/Замужем,44,8000
877,67,61850,Магистратура,Разведён/Разведена,95,35000
878,62,72229,Среднее,Холост/Не замужем,108,49000
879,22,54014,Среднее специальное,Холост/Не замужем,112,40000
880,72,74191,Среднее специальное,Холост/Не замужем,88,51000
881,73,61329,Высшее,Вдовец/Вдова,49,24000
882,50,43328,Высшее,Женат/Замужем,53,25000
883,71,85657,Магистратура,Женат/Замужем,74,39000
884,18,26733,Высшее,Холост/Не замужем,49,8000
885,35,43491,Высшее,Разведён/Разведена,113,17000
886,49,64025,Аспирантура,Разведён/Разведена,114,22000
887,64,23277,Среднее специальное,Женат/Замужем,66,16000
888,66,98405,Магистратура,Холост/Не замужем,95,42000
889,28,27033,Высшее,Холост/Не замужем,63,11000
890,38,49629,Высшее,Женат/Замужем,25,38000
891,43,24429,Высшее,Женат/Замужем,4,11000
892,42,42861,Высшее,Холост/Не замужем,51,13000
893,39,65470,Среднее специальное,Женат/Замужем,11,28000
894,44,22057,Высшее,Холост/Не замужем,17,7000
895,66,85293,Высшее,Женат/Замужем,108,29000
896,30,35494,Магистратура,Женат/Замужем,66,12000
897,50,62907,Высшее,Холост/Не замужем,70,37000
898,51,66262,Магистратура,Женат/Замужем,73,26000
899,58,68621,Высшее,Женат/Замужем,69,32000
900,52,44225,Высшее,Холост/Не замужем,84,32000
901,18,24531,Магистратура,Разведён/Разведена,29,12000
902,38,24076,Высшее,Холост/Не замужем,85,18000
903,65,74976,Аспирантура,Холост/Не замужем,73,41000
904,72,98730,Высшее,Холост/Не замужем,92,49000
905,23,15000,Высшее,Холост/Не замужем,119,10000
906,45,40175,Среднее,Холост/Не замужем,72,13000
907,34,40073,Высшее,Холост/Не замужем,95,13000
908,22,35800,Среднее специальное,Женат/Замужем,20,22000
909,48,67187,Высшее,Холост/Не замужем,27,36000
910,22,30917,Среднее специальное,Женат/Замужем,8,21000
911,55,54860,Среднее специальное,Холост/Не замужем,118,41000
912,20,48146,Среднее специальное,Холост/Не замужем,85,23000
913,70,81529,Среднее специальное,Холост/Не замужем,61,48000
914,40,55684,Высшее,Разведён/Разведена,28,30000
915,54,60487,Магистратура,Женат/Замужем,87,47000
916,70,86347,Магистратура,Женат/Замужем,70,61000
917,54,48955,Высшее,Холост/Не замужем,3,37000
918,27,25309,Магистратура,Разведён/Разведена,69,10000
919,27,48391,Среднее специальное,Холост/Не замужем,73,33000
920,36,20024,Магистратура,Холост/Не замужем,7,8000
921,34,44182,Среднее специальное,Женат/Замужем,60,17000
922,38,41251,Высшее,Женат/Замужем,4,31000
923,31,19313,Высшее,Вдовец/Вдова,103,5000
924,26,22430,Среднее специальное,Холост/Не замужем,5,17000
925,63,64365,Высшее,Вдовец/Вдова,11,24000
926,18,45509,Высшее,Женат/Замужем,15,32000
927,68,60205,Магистратура,Женат/Замужем,64,26000
928,62,83400,Высшее,Холост/Не замужем,98,39000
929,30,40547,Среднее специальное,Холост/Не замужем,13,16000
930,21,52055,Высшее,Разведён/Разведена,118,30000
931,18,20932,Среднее специальное,Женат/Замужем,112,9000
932,66,67667,Высшее,Женат/Замужем,7,42000
933,57,66727,Среднее,Вдовец/Вдова,104,20000
934,49,52107,Высшее,Холост/Не замужем,6,17000
935,51,70695,Высшее,Женат/Замужем,56,24000
936,45,18486,Высшее,Женат/Замужем,64,9000
937,48,90336,Аспирантура,Холост/Не замужем,103,63000
938,25,48466,Магистратура,Холост/Не замужем,50,36000
939,56,57797,Высшее,Женат/Замужем,30,24000
940,43,41715,Высшее,Женат/Замужем,22,24000
941,51,43403,Среднее специальное,Женат/Замужем,25,29000
942,71,82084,Высшее,Холост/Не замужем,28,36000
943,71,87324,Среднее специальное,Вдовец/Вдова,118,44000
944,20,29162,Среднее специальное,Холост/Не замужем,84,16000
945,67,85804,Аспирантура,Женат/Замужем,39,31000
946,29,25191,Высшее,Женат/Замужем,67,7000
947,18,15000,Высшее,Холост/Не замужем,5,5000
948,71,99600,Среднее специальное,Холост/Не замужем,65,61000
949,61,73266,Высшее,Женат/Замужем,15,24000
950,22,54152,Среднее,Разведён/Разведена,90,21000
951,47,40390,Среднее,Холост/Не замужем,67,18000
952,47,39347,Среднее,Женат/Замужем,40,13000
953,74,69420,Высшее,Женат/Замужем,105,27000
954,34,30439,Высшее,Холост/Не замужем,111,23000
955,65,78180,Среднее,Женат/Замужем,106,24000
956,64,55533,Высшее,Разведён/Разведена,98,34000
957,40,30024,Среднее специальное,Холост/Не замужем,116,14000
958,32,43330,Высшее,Вдовец/Вдова,69,27000
959,54,39450,Аспирантура,Холост/Не замужем,95,23000
960,38,19008,Высшее,Женат/Замужем,115,7000
961,31,42398,Магистратура,Женат/Замужем,77,30000
962,19,15000,Магистратура,Женат/Замужем,43,8000
963,28,49629,Высшее,Женат/Замужем,1,35000
964,68,49069,Высшее,Холост/Не замужем,22,24000
965,56,26789,Магистратура,Женат/Замужем,62,21000
966,55,55193,Высшее,Женат/Замужем,79,37000
967,51,58568,Среднее специальное,Холост/Не замужем,26,45000
968,55,66972,Магистратура,Разведён/Разведена,18,37000
969,67,71780,Высшее,Холост/Не замужем,48,38000
970,51,40510,Среднее специальное,Женат/Замужем,9,27000
971,35,54295,Высшее,Холост/Не замужем,1,40000
972,47,67602,Магистратура,Холост/Не замужем,107,52000
973,32,23113,Высшее,Холост/Не замужем,9,10000
974,44,48084,Высшее,Женат/Замужем,23,33000
975,68,65883,Магистратура,Женат/Замужем,107,26000
976,51,59705,Высшее,Женат/Замужем,45,34000
977,69,67726,Высшее,Холост/Не замужем,2,26000
978,74,73781,Высшее,Женат/Замужем,14,34000
979,55,69227,Высшее,Женат/Замужем,38,53000
980,50,38892,Высшее,Женат/Замужем,40,14000
981,41,59460,Высшее,Холост/Не замужем,63,36000
982,32,58316,Высшее,Холост/Не замужем,82,34000
983,47,77712,Аспирантура,Женат/Замужем,16,28000
984,72,41049,Среднее специальное,Холост/Не замужем,117,19000
985,59,60056,Среднее специальное,Холост/Не замужем,93,34000
986,68,40523,Высшее,Холост/Не замужем,108,15000
987,34,15000,Магистратура,Женат/Замужем,75,10000
988,22,35361,Среднее специальное,Женат/Замужем,6,27000
989,46,46412,Среднее специальное,Женат/Замужем,3,18000
990,21,36897,Среднее,Холост/Не замужем,14,14000
991,27,44491,Высшее,Женат/Замужем,66,23000
992,73,92718,Среднее специальное,Холост/Не замужем,96,62000
993,34,43608,Высшее,Разведён/Разведена,95,19000
994,27,81050,Высшее,Женат/Замужем,75,25000
995,34,47396,Магистратура,Женат/Замужем,86,27000
996,37,72837,Высшее,Холост/Не замужем,67,56000
997,41,15000,Среднее специальное,Холост/Не замужем,114,7000
998,22,53446,Высшее,Женат/Замужем,31,27000
999,51,53688,Аспирантура,Женат/Замужем,33,42000
1000,23,15000,Высшее,Холост/Не замужем,88,9000
1001,70,77908,Аспирантура,Вдовец/Вдова,1,51000
1002,19,26255,Магистратура,Вдовец/Вдова,44,15000
1003,30,48300,Среднее,Женат/Замужем,15,38000
1004,60,78766,Высшее,Вдовец/Вдова,37,50000
1005,60,41262,Среднее специальное,Холост/Не замужем,27,30000
1006,65,82823,Высшее,Холост/Не замужем,102,53000
1007,28,38097,Среднее специальное,Холост/Не замужем,48,25000
1008,68,90292,Высшее,Женат/Замужем,27,40000
1009,64,63722,Магистратура,Холост/Не замужем,108,28000
1010,74,67743,Среднее специальное,Вдовец/Вдова,12,46000
1011,40,48005,Магистратура,Холост/Не замужем,67,21000
1012,72,74727,Среднее,Холост/Не замужем,30,43000
1013,33,32058,Среднее,Разведён/Разведена,96,13000
1014,48,46555,Магистратура,Холост/Не замужем,87,32000
1015,28,19596,Высшее,Холост/Не замужем,66,6000
1016,71,65880,Высшее,Женат/Замужем,7,47000
1017,33,52144,Среднее специальное,Холост/Не замужем,34,31000
1018,25,33539,Высшее,Холост/Не замужем,32,13000
1019,21,47535,Высшее,Холост/Не замужем,117,27000
1020,57,58418,Высшее,Женат/Замужем,39,25000
1021,21,15000,Высшее,Вдовец/Вдова,96,6000
1022,73,82959,Аспирантура,Разведён/Разведена,43,39000
1023,42,39095,Высшее,Холост/Не замужем,43,12000
1024,20,28099,Магистратура,Женат/Замужем,78,22000
1025,49,73363,Высшее,Женат/Замужем,3,23000
1026,20,15000,Высшее,Вдовец/Вдова,46,9000
1027,44,53271,Среднее,Холост/Не замужем,32,25000
1028,46,51792,Высшее,Женат/Замужем,43,32000
1029,49,65313,Магистратура,Женат/Замужем,100,31000
1030,67,82027,Среднее специальное,Вдовец/Вдова,81,52000
1031,68,73957,Среднее специальное,Холост/Не замужем,112,49000
1032,36,38994,Высшее,Холост/Не замужем,3,25000
1033,38,53100,Среднее специальное,Холост/Не замужем,74,18000
1034,22,53234,Магистратура,Холост/Не замужем,117,33000
1035,35,43190,Магистратура,Женат/Замужем,63,19000
1036,45,47591,Высшее,Женат/Замужем,111,14000
1037,59,68622,Среднее,Женат/Замужем,40,34000
1038,39,47380,Высшее,Холост/Не замужем,18,24000
1039,38,25934,Высшее,Холост/Не замужем,67,13000
1040,23,37589,Аспирантура,Холост/Не замужем,103,24000
1041,18,15000,Высшее,Холост/Не замужем,62,6000
1042,22,38817,Высшее,Женат/Замужем,10,17000
1043,58,50042,Высшее,Холост/Не замужем,52,16000
1044,29,39353,Аспирантура,Холост/Не замужем,73,25000
1045,43,55858,Высшее,Женат/Замужем,46,32000
1046,63,102808,Высшее,Женат/Замужем,55,48000
1047,51,67541,Среднее специальное,Женат/Замужем,46,44000
1048,66,88871,Высшее,Разведён/Разведена,75,50000
1049,31,68476,Магистратура,Холост/Не замужем,60,36000
1050,43,57338,Высшее,Женат/Замужем,97,31000
1051,62,69485,Высшее,Холост/Не замужем,100,42000
1052,44,34799,Среднее специальное,Холост/Не замужем,26,21000
1053,26,34650,Среднее специальное,Разведён/Разведена,27,15000
1054,43,39153,Среднее,Холост/Не замужем,38,14000
1055,74,68784,Среднее специальное,Женат/Замужем,22,26000
1056,64,94859,Высшее,Холост/Не замужем,26,58000
1057,74,76519,Среднее,Женат/Замужем,86,56000
1058,39,33661,Среднее специальное,Женат/Замужем,69,16000
1059,64,87418,Магистратура,Разведён/Разведена,35,33000
1060,73,88329,Высшее,Разведён/Разведена,66,59000
1061,47,68314,Высшее,Женат/Замужем,99,48000
1062,60,33508,Высшее,Холост/Не замужем,73,24000
1063,65,96830,Высшее,Женат/Замужем,115,58000
1064,34,34422,Среднее специальное,Женат/Замужем,51,25000
1065,43,61669,Магистратура,Холост/Не замужем,113,18000
1066,53,95856,Среднее специальное,Женат/Замужем,18,33000
1067,18,62329,Высшее,Разведён/Разведена,43,21000
1068,25,20936,Высшее,Женат/Замужем,12,13000
1069,66,46732,Высшее,Холост/Не замужем,3,15000
1070,52,78655,Высшее,Разведён/Разведена,82,43000
1071,69,72930,Высшее,Холост/Не замужем,120,39000
1072,32,33686,Среднее специальное,Холост/Не замужем,102,15000
1073,64,76118,Высшее,Женат/Замужем,7,55000
1074,73,71556,Аспирантура,Женат/Замужем,97,27000
1075,39,57319,Магистратура,Женат/Замужем,6,27000
1076,31,41404,Среднее,Холост/Не замужем,82,28000
1077,43,60835,Высшее,Холост/Не замужем,45,19000
1078,45,38182,Магистратура,Холост/Не замужем,86,24000
1079,40,68966,Высшее,Вдовец/Вдова,115,48000
1080,31,50864,Высшее,Женат/Замужем,39,38000
1081,41,58094,Магистратура,Холост/Не замужем,51,42000
1082,19,15000,Магистратура,Холост/Не замужем,9,6000
1083,62,90694,Высшее,Холост/Не замужем,99,53000
1084,43,49794,Высшее,Женат/Замужем,23,16000
1085,31,51320,Высшее,Холост/Не замужем,12,22000
1086,73,69157,Высшее,Женат/Замужем,116,24000
1087,68,73913,Среднее специальное,Женат/Замужем,88,33000
1088,24,39256,Среднее специальное,Женат/Замужем,62,28000
1089,20,15000,Высшее,Женат/Замужем,114,7000
1090,64,75536,Среднее специальное,Женат/Замужем,104,43000
1091,40,77080,Высшее,Холост/Не замужем,73,39000
1092,63,74096,Высшее,Женат/Замужем,77,39000
1093,60,49234,Высшее,Женат/Замужем,40,38000
1094,64,76549,Высшее,Холост/Не замужем,54,34000
1095,62,81092,Магистратура,Разведён/Разведена,106,49000
1096,35,51286,Среднее,Холост/Не замужем,81,26000
1097,55,58488,Магистратура,Холост/Не замужем,7,19000
1098,52,53567,Магистратура,Холост/Не замужем,17,29000
1099,68,66305,Высшее,Разведён/Разведена,119,46000
1100,32,51666,Высшее,Женат/Замужем,50,18000
1101,42,28093,Магистратура,Женат/Замужем,24,9000
1102,72,67621,Среднее специальное,Холост/Не замужем,2,25000
1103,54,82734,Высшее,Женат/Замужем,99,56000
1104,45,76112,Высшее,Женат/Замужем,92,50000
1105,27,15027,Среднее специальное,Разведён/Разведена,83,8000
1106,56,43428,Магистратура,Холост/Не замужем,33,23000
1107,74,70740,Магистратура,Холост/Не замужем,21,52000
1108,34,56188,Магистратура,Холост/Не замужем,117,38000
1109,56,32987,Среднее специальное,Разведён/Разведена,74,23000
1110,39,45977,Среднее,Женат/Замужем,53,32000
1111,43,42887,Высшее,Женат/Замужем,46,26000
1112,61,84289,Среднее,Женат/Замужем,45,44000
1113,42,24046,Высшее,Вдовец/Вдова,9,17000
1114,34,44188,Высшее,Разведён/Разведена,102,33000
1115,30,33695,Высшее,Женат/Замужем,6,10000
1116,37,67246,Высшее,Холост/Не замужем,51,21000
1117,42,58164,Высшее,Холост/Не замужем,117,45000
1118,21,23612,Среднее специальное,Разведён/Разведена,106,10000
1119,27,50000,Высшее,Женат/Замужем,119,36000
1120,20,25767,Высшее,Холост/Не замужем,35,12000
1121,58,76989,Высшее,Женат/Замужем,82,27000
1122,62,61643,Магистратура,Разведён/Разведена,53,20000
1123,35,59419,Магистратура,Женат/Замужем,19,22000
1124,64,73341,Аспирантура,Женат/Замужем,69,31000
1125,53,106907,Среднее специальное,Разведён/Разведена,25,58000
1126,64,66006,Среднее,Женат/Замужем,11,42000
1127,39,52542,Высшее,Холост/Не замужем,74,41000
1128,51,49208,Высшее,Вдовец/Вдова,17,25000
1129,64,66840,Высшее,Вдовец/Вдова,36,37000
1130,25,15000,Магистратура,Разведён/Разведена,90,8000
1131,57,68183,Высшее,Женат/Замужем,95,38000
1132,66,88543,Магистратура,Холост/Не замужем,96,49000
1133,61,70349,Магистратура,Разведён/Разведена,21,21000
1134,36,24692,Среднее,Холост/Не замужем,18,7000
1135,59,50773,Высшее,Разведён/Разведена,60,17000
1136,58,25547,Высшее,Разведён/Разведена,18,8000
1137,54,73483,Среднее специальное,Женат/Замужем,1,47000
1138,23,18902,Высшее,Разведён/Разведена,14,7000
1139,69,70369,Высшее,Женат/Замужем,8,52000
1140,43,47693,Среднее специальное,Холост/Не замужем,66,36000
1141,51,78715,Высшее,Женат/Замужем,51,62000
1142,73,75279,Высшее,Холост/Не замужем,79,57000
1143,62,77333,Среднее,Женат/Замужем,60,33000
1144,23,42196,Высшее,Холост/Не замужем,34,23000
1145,54,79191,Среднее специальное,Женат/Замужем,36,30000
1146,74,71213,Высшее,Разведён/Разведена,62,50000
1147,50,83644,Среднее специальное,Вдовец/Вдова,1,62000
1148,70,41815,Магистратура,Холост/Не замужем,115,30000
1149,39,59662,Высшее,Женат/Замужем,85,30000
1150,38,33000,Среднее специальное,Женат/Замужем,42,22000
1151,23,26608,Высшее,Вдовец/Вдова,1,9000
1152,23,42541,Высшее,Женат/Замужем,96,13000
1153,72,81621,Высшее,Женат/Замужем,84,55000
1154,65,76696,Высшее,Разведён/Разведена,54,39000
1155,21,15000,Высшее,Женат/Замужем,47,11000
1156,47,74935,Среднее специальное,Разведён/Разведена,100,26000
1157,28,24490,Среднее,Разведён/Разведена,39,17000
1158,47,41690,Высшее,Разведён/Разведена,30,22000
1159,48,63568,Высшее,Холост/Не замужем,7,45000
1160,41,44099,Высшее,Женат/Замужем,22,31000
1161,72,77823,Магистратура,Разведён/Разведена,50,58000
1162,26,15000,Высшее,Женат/Замужем,45,6000
1163,72,77464,Магистратура,Женат/Замужем,74,60000
1164,20,34867,Высшее,Холост/Не замужем,120,13000
1165,68,62352,Среднее,Холост/Не замужем,72,21000
1166,48,22888,Магистратура,Женат/Замужем,91,11000
1167,57,58007,Высшее,Женат/Замужем,10,41000
1168,54,58239,Магистратура,Женат/Замужем,14,31000
1169,53,52491,Среднее специальное,Женат/Замужем,46,37000
1170,41,20857,Высшее,Женат/Замужем,116,13000
1171,48,77921,Магистратура,Женат/Замужем,118,31000
1172,23,24417,Среднее,Женат/Замужем,75,18000
1173,19,27466,Магистратура,Женат/Замужем,6,9000
1174,37,15000,Высшее,Женат/Замужем,21,11000
1175,45,75522,Высшее,Холост/Не замужем,62,34000
1176,28,31001,Высшее,Женат/Замужем,97,17000
1177,21,33876,Магистратура,Женат/Замужем,19,17000
1178,32,58011,Среднее,Женат/Замужем,103,22000
1179,23,23855,Среднее специальное,Холост/Не замужем,88,11000
1180,71,86848,Магистратура,Женат/Замужем,82,34000
1181,66,37480,Магистратура,Холост/Не замужем,99,15000
1182,47,61464,Среднее,Разведён/Разведена,116,24000
1183,73,97583,Высшее,Холост/Не замужем,62,53000
1184,55,50893,Высшее,Вдовец/Вдова,107,35000
1185,68,86783,Высшее,Женат/Замужем,101,50000
1186,74,102308,Среднее специальное,Женат/Замужем,83,76000
1187,19,26977,Высшее,Холост/Не замужем,53,16000
1188,32,36137,Среднее специальное,Холост/Не замужем,24,23000
1189,28,24525,Магистратура,Холост/Не замужем,56,15000
1190,25,27954,Магистратура,Холост/Не замужем,62,14000
1191,43,37769,Высшее,Женат/Замужем,34,24000
1192,68,56513,Среднее специальное,Холост/Не замужем,22,18000
1193,62,83182,Среднее специальное,Женат/Замужем,68,60000
1194,61,52551,Высшее,Холост/Не замужем,57,36000
1195,22,37077,Высшее,Разведён/Разведена,10,15000
1196,23,34573,Высшее,Женат/Замужем,66,23000
1197,43,72471,Высшее,Холост/Не замужем,8,22000
1198,71,64852,Высшее,Женат/Замужем,97,26000
1199,21,38117,Высшее,Холост/Не замужем,38,12000
1200,36,56266,Среднее,Холост/Не замужем,107,38000
1201,37,67546,Среднее,Женат/Замужем,62,45000
1202,50,47833,Среднее специальное,Женат/Замужем,28,33000
1203,37,35931,Высшее,Разведён/Разведена,10,10000
1204,66,52473,Магистратура,Женат/Замужем,45,28000
1205,29,72344,Магистратура,Вдовец/Вдова,65,47000
1206,64,87567,Среднее специальное,Разведён/Разведена,98,33000
1207,18,29366,Среднее специальное,Разведён/Разведена,67,18000
1208,43,78971,Среднее специальное,Женат/Замужем,9,27000
1209,31,38872,Высшее,Холост/Не замужем,5,15000
1210,55,70466,Высшее,Холост/Не замужем,106,37000
1211,54,58952,Высшее,Женат/Замужем,10,36000
1212,28,43967,Среднее специальное,Женат/Замужем,12,16000
1213,53,62376,Среднее специальное,Холост/Не замужем,82,24000
1214,30,33225,Среднее,Женат/Замужем,58,13000
1215,60,79987,Среднее специальное,Холост/Не замужем,21,33000
1216,20,42339,Высшее,Женат/Замужем,21,17000
1217,50,71015,Среднее специальное,Холост/Не замужем,65,35000
1218,23,38803,Высшее,Женат/Замужем,3,24000
1219,67,55601,Высшее,Женат/Замужем,69,28000
1220,73,99640,Магистратура,Холост/Не замужем,89,68000
1221,27,33261,Магистратура,Женат/Замужем,64,21000
1222,22,38661,Высшее,Женат/Замужем,49,14000
1223,40,57130,Среднее,Холост/Не замужем,72,18000
1224,27,42561,Высшее,Холост/Не замужем,17,31000
1225,61,78131,Магистратура,Холост/Не замужем,73,26000
1226,19,46900,Среднее,Женат/Замужем,32,17000
1227,30,36227,Высшее,Женат/Замужем,70,11000
1228,57,85582,Магистратура,Холост/Не замужем,113,52000
1229,19,26796,Высшее,Женат/Замужем,104,15000
1230,37,50251,Среднее,Холост/Не замужем,21,39000
1231,18,24184,Среднее,Разведён/Разведена,7,17000
1232,54,48697,Высшее,Холост/Не замужем,7,24000
1233,26,52062,Среднее специальное,Разведён/Разведена,111,25000
1234,34,89628,Высшее,Женат/Замужем,103,40000
1235,26,30973,Высшее,Женат/Замужем,118,11000
1236,28,56229,Среднее специальное,Женат/Замужем,27,20000
1237,32,36311,Магистратура,Женат/Замужем,8,13000
1238,41,48242,Высшее,Женат/Замужем,73,17000
1239,55,85963,Среднее специальное,Женат/Замужем,28,36000
1240,72,57096,Магистратура,Женат/Замужем,79,25000
1241,52,37127,Магистратура,Женат/Замужем,66,28000
1242,47,51892,Высшее,Женат/Замужем,71,30000
1243,48,63954,Магистратура,Разведён/Разведена,47,50000
1244,66,75354,Высшее,Женат/Замужем,82,36000
1245,22,38610,Магистратура,Холост/Не замужем,86,20000
1246,61,64911,Высшее,Женат/Замужем,114,30000
1247,67,80998,Высшее,Женат/Замужем,10,31000
1248,31,15000,Аспирантура,Разведён/Разведена,118,5000
1249,70,60337,Высшее,Разведён/Разведена,114,46000
1250,73,72595,Среднее специальное,Женат/Замужем,33,57000
1251,28,48568,Высшее,Холост/Не замужем,7,15000
1252,26,58746,Высшее,Женат/Замужем,3,22000
1253,51,43123,Среднее специальное,Женат/Замужем,14,22000
1254,29,60656,Аспирантура,Вдовец/Вдова,44,23000
1255,52,50411,Среднее специальное,Холост/Не замужем,46,24000
1256,52,55251,Среднее специальное,Холост/Не замужем,61,20000
1257,18,38721,Магистратура,Холост/Не замужем,36,20000
1258,57,58151,Высшее,Женат/Замужем,13,25000
1259,39,63451,Среднее,Разведён/Разведена,16,30000
1260,46,46330,Высшее,Холост/Не замужем,80,16000
1261,25,29756,Высшее,Женат/Замужем,118,15000
1262,28,53779,Среднее,Женат/Замужем,5,42000
1263,58,50553,Аспирантура,Женат/Замужем,116,23000
1264,54,62533,Высшее,Женат/Замужем,89,46000
1265,31,15492,Высшее,Разведён/Разведена,38,11000
1266,47,80494,Высшее,Холост/Не замужем,102,62000
1267,52,75298,Высшее,Женат/Замужем,50,52000
1268,38,87251,Среднее специальное,Холост/Не замужем,38,54000
1269,54,78875,Среднее специальное,Женат/Замужем,103,57000
1270,22,16255,Высшее,Разведён/Разведена,56,5000
1271,36,54429,Магистратура,Холост/Не замужем,63,28000
1272,31,26629,Среднее,Холост/Не замужем,120,21000
1273,43,73670,Высшее,Женат/Замужем,48,50000
1274,21,15882,Магистратура,Женат/Замужем,105,12000
1275,42,31962,Среднее специальное,Женат/Замужем,90,22000
1276,62,41052,Среднее,Холост/Не замужем,59,30000
1277,59,55474,Высшее,Холост/Не замужем,77,36000
1278,42,38857,Высшее,Женат/Замужем,44,26000
1279,35,24675,Среднее специальное,Холост/Не замужем,115,13000
1280,57,91047,Высшее,Разведён/Разведена,90,69000
1281,25,43548,Высшее,Холост/Не замужем,55,31000
1282,56,66583,Высшее,Женат/Замужем,55,48000
1283,57,85037,Среднее специальное,Холост/Не замужем,1,54000
1284,31,44243,Высшее,Холост/Не замужем,8,20000
1285,49,43569,Магистратура,Женат/Замужем,4,13000
1286,68,44496,Магистратура,Женат/Замужем,85,34000
1287,55,47524,Магистратура,Холост/Не замужем,86,28000
1288,50,78181,Высшее,Холост/Не замужем,115,35000
1289,40,28769,Высшее,Холост/Не замужем,53,10000
1290,32,46496,Высшее,Женат/Замужем,58,33000
1291,50,71108,Среднее специальное,Женат/Замужем,37,51000
1292,42,53480,Среднее специальное,Холост/Не замужем,49,37000
1293,34,48784,Высшее,Женат/Замужем,67,30000
1294,50,65434,Среднее специальное,Женат/Замужем,19,31000
1295,64,72489,Среднее специальное,Разведён/Разведена,1,32000
1296,72,97336,Аспирантура,Разведён/Разведена,29,29000
1297,19,15195,Среднее специальное,Холост/Не замужем,87,10000
1298,31,44006,Среднее специальное,Холост/Не замужем,33,15000
1299,70,44326,Среднее,Холост/Не замужем,119,27000
1300,57,30093,Высшее,Женат/Замужем,52,16000
1301,57,59974,Высшее,Вдовец/Вдова,41,33000
1302,68,78150,Высшее,Женат/Замужем,23,59000
1303,56,84860,Высшее,Холост/Не замужем,5,26000
1304,68,106296,Магистратура,Женат/Замужем,71,72000
1305,23,53797,Магистратура,Холост/Не замужем,57,17000
1306,23,44907,Аспирантура,Холост/Не замужем,6,14000
1307,20,33999,Магистратура,Женат/Замужем,49,17000
1308,24,15000,Высшее,Холост/Не замужем,22,5000
1309,68,67809,Среднее специальное,Холост/Не замужем,113,47000
1310,25,54955,Среднее,Женат/Замужем,77,31000
1311,59,76274,Среднее,Холост/Не замужем,76,23000
1312,69,51504,Высшее,Холост/Не замужем,4,16000
1313,32,50410,Магистратура,Холост/Не замужем,72,30000
1314,64,74725,Высшее,Разведён/Разведена,64,52000
1315,46,57648,Среднее,Женат/Замужем,37,29000
1316,50,55182,Высшее,Холост/Не замужем,31,31000
1317,69,80783,Магистратура,Женат/Замужем,37,56000
1318,47,63659,Высшее,Холост/Не замужем,45,38000
1319,56,50778,Магистратура,Женат/Замужем,90,20000
1320,44,57625,Магистратура,Женат/Замужем,107,34000
1321,53,55159,Магистратура,Разведён/Разведена,8,33000
1322,46,30091,Магистратура,Женат/Замужем,40,20000
1323,55,51175,Высшее,Вдовец/Вдова,97,31000
1324,74,51344,Среднее специальное,Вдовец/Вдова,109,40000
1325,50,70301,Среднее,Разведён/Разведена,93,28000
1326,54,64138,Высшее,Женат/Замужем,5,49000
1327,44,45467,Среднее специальное,Женат/Замужем,28,25000
1328,72,94507,Аспирантура,Женат/Замужем,117,60000
1329,50,56619,Среднее специальное,Холост/Не замужем,104,19000
1330,21,15000,Магистратура,Холост/Не замужем,81,7000
1331,39,40207,Высшее,Женат/Замужем,119,27000
1332,19,55292,Высшее,Женат/Замужем,87,36000
1333,27,27157,Магистратура,Разведён/Разведена,109,8000
1334,22,37328,Высшее,Холост/Не замужем,9,21000
1335,27,48358,Высшее,Холост/Не замужем,2,16000
1336,50,64449,Среднее специальное,Женат/Замужем,63,51000
1337,71,109141,Высшее,Женат/Замужем,96,81000
1338,55,41955,Среднее специальное,Холост/Не замужем,51,13000
1339,30,23453,Высшее,Вдовец/Вдова,116,17000
1340,48,36603,Высшее,Женат/Замужем,113,27000
1341,64,62361,Высшее,Женат/Замужем,31,29000
1342,53,74490,Высшее,Разведён/Разведена,7,49000
1343,62,49723,Высшее,Женат/Замужем,30,25000
1344,41,65100,Высшее,Женат/Замужем,58,40000
1345,69,71326,Магистратура,Разведён/Разведена,3,33000
1346,73,57365,Высшее,Холост/Не замужем,51,26000
1347,32,15000,Высшее,Женат/Замужем,115,7000
1348,46,29486,Высшее,Холост/Не замужем,56,10000
1349,25,25612,Магистратура,Холост/Не замужем,73,18000
1350,22,30662,Высшее,Разведён/Разведена,10,14000
1351,46,72590,Высшее,Женат/Замужем,61,36000
1352,64,78786,Высшее,Женат/Замужем,110,58000
1353,21,19815,Высшее,Разведён/Разведена,50,10000
1354,29,44929,Среднее специальное,Разведён/Разведена,47,25000
1355,62,89973,Высшее,Разведён/Разведена,90,70000
1356,19,58908,Высшее,Женат/Замужем,1,43000
1357,44,46083,Аспирантура,Холост/Не замужем,94,17000
1358,48,68374,Высшее,Холост/Не замужем,57,36000
1359,68,90849,Высшее,Женат/Замужем,38,71000
1360,68,47393,Среднее специальное,Женат/Замужем,62,23000
1361,53,50313,Магистратура,Женат/Замужем,79,24000
1362,53,91300,Магистратура,Женат/Замужем,89,36000
1363,43,45484,Среднее специальное,Вдовец/Вдова,70,16000
1364,60,19665,Среднее специальное,Женат/Замужем,82,13000
1365,44,48985,Высшее,Женат/Замужем,65,33000
1366,22,50069,Высшее,Холост/Не замужем,62,39000
1367,37,45297,Высшее,Холост/Не замужем,56,31000
1368,28,48730,Среднее специальное,Холост/Не замужем,67,20000
1369,27,51273,Среднее специальное,Женат/Замужем,17,16000
1370,57,55875,Высшее,Холост/Не замужем,112,44000
1371,55,51809,Высшее,Женат/Замужем,8,24000
1372,23,36301,Высшее,Женат/Замужем,60,16000
1373,25,38266,Высшее,Холост/Не замужем,113,28000
1374,40,48411,Среднее специальное,Холост/Не замужем,40,28000
1375,64,68227,Высшее,Женат/Замужем,81,27000
1376,43,38771,Среднее специальное,Женат/Замужем,89,28000
1377,63,77254,Высшее,Женат/Замужем,62,61000
1378,60,72588,Высшее,Женат/Замужем,41,24000
1379,29,18759,Среднее,Женат/Замужем,12,13000
1380,43,44162,Среднее,Разведён/Разведена,93,21000
1381,30,40996,Среднее,Женат/Замужем,89,23000
1382,57,53185,Высшее,Вдовец/Вдова,115,40000
1383,35,53160,Магистратура,Холост/Не замужем,100,41000
1384,42,48196,Среднее,Женат/Замужем,117,20000
1385,50,58136,Магистратура,Женат/Замужем,54,23000
1386,64,60789,Среднее специальное,Холост/Не замужем,89,20000
1387,57,31301,Магистратура,Холост/Не замужем,93,18000
1388,60,32844,Высшее,Женат/Замужем,11,10000
1389,29,47644,Высшее,Холост/Не замужем,60,24000
1390,61,68403,Высшее,Холост/Не замужем,68,23000
1391,53,64579,Высшее,Вдовец/Вдова,78,32000
1392,65,69617,Магистратура,Разведён/Разведена,46,22000
1393,21,35618,Магистратура,Женат/Замужем,38,25000
1394,22,47735,Высшее,Женат/Замужем,61,19000
1395,73,80669,Среднее специальное,Вдовец/Вдова,17,37000
1396,54,74413,Среднее специальное,Женат/Замужем,66,54000
1397,25,38171,Магистратура,Холост/Не замужем,72,25000
1398,59,58294,Высшее,Разведён/Разведена,36,23000
1399,66,71313,Высшее,Женат/Замужем,74,23000
1400,45,39057,Высшее,Женат/Замужем,7,25000
1401,48,48302,Магистратура,Женат/Замужем,100,23000
1402,26,39063,Высшее,Женат/Замужем,16,26000
1403,71,74864,Магистратура,Разведён/Разведена,14,39000
1404,68,68403,Магистратура,Холост/Не замужем,80,32000
1405,46,31577,Высшее,Вдовец/Вдова,25,16000
1406,31,49946,Среднее специальное,Разведён/Разведена,105,33000
1407,57,73713,Магистратура,Женат/Замужем,4,55000
1408,58,86655,Высшее,Женат/Замужем,29,28000
1409,39,53426,Магистратура,Женат/Замужем,56,30000
1410,28,38021,Среднее,Холост/Не замужем,6,12000
1411,40,32404,Среднее,Холост/Не замужем,1,17000
1412,18,52380,Магистратура,Женат/Замужем,39,38000
1413,63,69717,Высшее,Женат/Замужем,1,33000
1414,54,61700,Высшее,Холост/Не замужем,115,47000
1415,38,42189,Магистратура,Холост/Не замужем,104,25000
1416,43,45230,Высшее,Разведён/Разведена,63,34000
1417,63,76324,Высшее,Женат/Замужем,57,51000
1418,53,42678,Среднее,Разведён/Разведена,67,15000
1419,71,96781,Магистратура,Холост/Не замужем,65,40000
1420,40,68712,Магистратура,Женат/Замужем,65,34000
1421,74,69489,Среднее специальное,Холост/Не замужем,103,26000
1422,18,17042,Магистратура,Женат/Замужем,21,9000
1423,71,42171,Магистратура,Женат/Замужем,109,22000
1424,72,54428,Высшее,Холост/Не замужем,30,42000
1425,68,80948,Высшее,Женат/Замужем,96,41000
1426,57,65930,Высшее,Женат/Замужем,33,45000
1427,32,48604,Среднее специальное,Женат/Замужем,48,37000
1428,38,18316,Высшее,Женат/Замужем,22,13000
1429,64,60862,Магистратура,Холост/Не замужем,94,24000
1430,26,56909,Высшее,Женат/Замужем,54,31000
1431,70,70159,Высшее,Вдовец/Вдова,110,33000
1432,26,17315,Среднее специальное,Разведён/Разведена,4,8000
1433,27,35525,Среднее,Вдовец/Вдова,87,17000
1434,69,59234,Высшее,Женат/Замужем,55,42000
1435,74,79805,Среднее,Женат/Замужем,44,41000
1436,70,71908,Высшее,Женат/Замужем,89,40000
1437,43,58149,Высшее,Холост/Не замужем,12,46000
1438,58,43731,Магистратура,Разведён/Разведена,81,14000
1439,52,50469,Высшее,Женат/Замужем,117,27000
1440,69,87156,Высшее,Холост/Не замужем,79,59000
1441,42,28885,Высшее,Холост/Не замужем,74,10000
1442,43,34953,Среднее,Разведён/Разведена,99,21000
1443,28,40989,Среднее,Холост/Не замужем,119,17000
1444,55,63900,Среднее специальное,Холост/Не замужем,116,46000
1445,19,23467,Магистратура,Женат/Замужем,52,10000
1446,24,30623,Среднее специальное,Холост/Не замужем,93,14000
1447,35,51598,Высшее,Разведён/Разведена,76,30000
1448,44,63544,Аспирантура,Женат/Замужем,65,24000
1449,51,40361,Магистратура,Женат/Замужем,65,17000
1450,44,56264,Среднее специальное,Разведён/Разведена,10,28000
1451,34,65480,Магистратура,Женат/Замужем,18,31000
1452,60,61861,Среднее,Женат/Замужем,47,34000
1453,61,48202,Высшее,Женат/Замужем,66,28000
1454,68,53108,Магистратура,Женат/Замужем,49,30000
1455,71,69988,Высшее,Холост/Не замужем,72,43000
1456,41,63937,Высшее,Женат/Замужем,22,29000
1457,42,48588,Среднее специальное,Разведён/Разведена,86,17000
1458,24,37638,Высшее,Женат/Замужем,26,25000
1459,69,55854,Высшее,Вдовец/Вдова,90,40000
1460,23,48746,Высшее,Женат/Замужем,9,20000
1461,70,54415,Аспирантура,Женат/Замужем,21,27000
1462,41,40832,Магистратура,Разведён/Разведена,95,22000
1463,50,65048,Магистратура,Холост/Не замужем,116,36000
1464,66,37808,Высшее,Женат/Замужем,63,23000
1465,46,55009,Высшее,Женат/Замужем,107,17000
1466,60,48013,Магистратура,Женат/Замужем,6,31000
1467,39,47048,Магистратура,Холост/Не замужем,120,15000
1468,43,44719,Высшее,Холост/Не замужем,14,23000
1469,45,83187,Среднее специальное,Холост/Не замужем,33,59000
1470,67,63303,Среднее,Женат/Замужем,71,33000
1471,38,73639,Высшее,Разведён/Разведена,24,27000
1472,66,77204,Высшее,Разведён/Разведена,73,61000
1473,24,22778,Магистратура,Женат/Замужем,75,16000
1474,34,47762,Среднее специальное,Разведён/Разведена,120,32000
1475,37,40633,Среднее специальное,Женат/Замужем,87,20000
1476,58,65632,Высшее,Женат/Замужем,112,25000
1477,66,57691,Высшее,Женат/Замужем,51,44000
1478,37,70552,Среднее специальное,Женат/Замужем,2,39000
1479,71,86280,Высшее,Холост/Не замужем,15,62000
1480,39,47276,Высшее,Женат/Замужем,35,22000
1481,45,77536,Высшее,Женат/Замужем,36,36000
1482,57,62314,Высшее,Женат/Замужем,116,49000
1483,66,84864,Высшее,Вдовец/Вдова,118,47000
1484,24,35374,Высшее,Женат/Замужем,92,13000
1485,18,35908,Магистратура,Холост/Не замужем,39,14000
1486,49,53578,Среднее,Женат/Замужем,108,28000
1487,30,41029,Магистратура,Женат/Замужем,4,13000
1488,47,55757,Высшее,Холост/Не замужем,64,29000
1489,40,37554,Магистратура,Холост/Не замужем,74,19000
1490,68,63983,Магистратура,Женат/Замужем,6,44000
1491,73,70748,Высшее,Разведён/Разведена,57,33000
1492,36,47845,Высшее,Женат/Замужем,30,37000
1493,49,54341,Среднее специальное,Разведён/Разведена,118,21000
1494,47,70795,Магистратура,Разведён/Разведена,110,42000
1495,46,65106,Высшее,Холост/Не замужем,99,22000
1496,66,65455,Высшее,Женат/Замужем,113,43000
1497,62,85926,Высшее,Женат/Замужем,107,68000
1498,46,80495,Магистратура,Холост/Не замужем,74,57000
1499,47,22542,Среднее специальное,Женат/Замужем,117,13000
1500,33,55984,Высшее,Женат/Замужем,96,30000
1501,57,50805,Высшее,Холост/Не замужем,106,36000
1502,36,56411,Высшее,Разведён/Разведена,106,43000
1503,35,62173,Высшее,Женат/Замужем,67,49000
1504,18,16845,Высшее,Разведён/Разведена,120,8000
1505,31,15000,Высшее,Холост/Не замужем,90,11000
1506,68,82531,Магистратура,Разведён/Разведена,15,31000
1507,64,68831,Среднее специальное,Женат/Замужем,17,29000
1508,67,44173,Высшее,Холост/Не замужем,91,15000
1509,19,68743,Среднее специальное,Женат/Замужем,18,29000
1510,71,81766,Среднее,Женат/Замужем,115,55000
1511,45,61651,Среднее специальное,Женат/Замужем,19,44000
1512,66,88887,Высшее,Женат/Замужем,76,61000
1513,67,60487,Высшее,Холост/Не замужем,88,37000
1514,47,55156,Среднее,Женат/Замужем,69,30000
1515,55,39810,Среднее,Женат/Замужем,24,26000
1516,68,60880,Магистратура,Женат/Замужем,91,30000
1517,21,38184,Среднее,Женат/Замужем,48,27000
1518,18,15000,Магистратура,Вдовец/Вдова,30,9000
1519,25,26055,Среднее специальное,Женат/Замужем,15,16000
1520,46,38480,Высшее,Женат/Замужем,47,21000
1521,72,75331,Высшее,Разведён/Разведена,102,55000
1522,56,69020,Магистратура,Женат/Замужем,44,29000
1523,20,42732,Высшее,Холост/Не замужем,98,20000
1524,49,69782,Высшее,Холост/Не замужем,27,48000
1525,27,57781,Среднее,Женат/Замужем,84,31000
1526,27,46308,Высшее,Холост/Не замужем,64,34000
1527,36,72710,Высшее,Женат/Замужем,41,34000
1528,63,67792,Среднее,Холост/Не замужем,96,32000
1529,51,53800,Среднее,Холост/Не замужем,68,40000
1530,50,64709,Магистратура,Женат/Замужем,5,34000
1531,40,44353,Среднее специальное,Вдовец/Вдова,53,24000
1532,72,100988,Высшее,Женат/Замужем,8,47000
1533,45,68564,Высшее,Разведён/Разведена,22,30000
1534,49,66054,Магистратура,Вдовец/Вдова,106,41000
1535,67,71171,Магистратура,Холост/Не замужем,7,25000
1536,24,28687,Аспирантура,Холост/Не замужем,22,21000
1537,46,62919,Среднее специальное,Женат/Замужем,46,43000
1538,25,18693,Магистратура,Разведён/Разведена,30,7000
1539,18,53015,Среднее специальное,Женат/Замужем,101,34000
1540,74,72135,Высшее,Вдовец/Вдова,16,43000
1541,72,77776,Высшее,Холост/Не замужем,79,30000
1542,20,17955,Среднее,Холост/Не замужем,5,7000
1543,41,59244,Магистратура,Женат/Замужем,67,29000
1544,40,40793,Среднее,Женат/Замужем,23,26000
1545,25,45338,Высшее,Холост/Не замужем,61,28000
1546,71,83760,Магистратура,Женат/Замужем,74,47000
1547,74,65085,Магистратура,Холост/Не замужем,5,44000
1548,64,49947,Среднее специальное,Женат/Замужем,23,33000
1549,54,81778,Высшее,Разведён/Разведена,79,49000
1550,20,28715,Магистратура,Разведён/Разведена,82,19000
1551,68,73372,Высшее,Женат/Замужем,25,34000
1552,50,62881,Высшее,Женат/Замужем,8,46000
1553,45,32794,Среднее специальное,Женат/Замужем,95,19000
1554,64,73739,Высшее,Холост/Не замужем,21,52000
1555,25,37086,Магистратура,Холост/Не замужем,2,21000
1556,51,46747,Высшее,Холост/Не замужем,22,19000
1557,52,39851,Высшее,Разведён/Разведена,72,22000
1558,49,63888,Высшее,Разведён/Разведена,87,31000
1559,41,65315,Высшее,Женат/Замужем,96,42000
1560,31,43078,Среднее,Женат/Замужем,72,23000
1561,49,33283,Среднее специальное,Холост/Не замужем,68,23000
1562,73,58140,Высшее,Женат/Замужем,64,37000
1563,63,59518,Высшее,Женат/Замужем,94,38000
1564,60,87069,Высшее,Женат/Замужем,19,35000
1565,33,38298,Высшее,Холост/Не замужем,87,30000
1566,21,25371,Высшее,Разведён/Разведена,82,18000
1567,69,45697,Среднее специальное,Женат/Замужем,53,31000
1568,54,48949,Магистратура,Разведён/Разведена,93,22000
1569,71,53905,Высшее,Разведён/Разведена,87,30000
1570,38,30952,Среднее,Вдовец/Вдова,97,11000
1571,31,42199,Среднее,Холост/Не замужем,52,24000
1572,48,47982,Аспирантура,Холост/Не замужем,47,17000
1573,72,98692,Среднее специальное,Холост/Не замужем,82,56000
1574,65,83770,Магистратура,Холост/Не замужем,54,52000
1575,35,34466,Среднее,Женат/Замужем,44,17000
1576,24,21047,Магистратура,Женат/Замужем,97,11000
1577,27,57939,Магистратура,Женат/Замужем,7,42000
1578,24,59700,Высшее,Холост/Не замужем,115,21000
1579,50,22686,Среднее,Разведён/Разведена,92,15000
1580,40,48992,Среднее специальное,Холост/Не замужем,1,18000
1581,38,42221,Высшее,Холост/Не замужем,63,13000
1582,36,54136,Высшее,Женат/Замужем,120,21000
1583,65,96740,Среднее специальное,Женат/Замужем,103,66000
1584,36,37139,Среднее,Женат/Замужем,98,18000
1585,53,27089,Высшее,Холост/Не замужем,39,19000
1586,46,61085,Высшее,Женат/Замужем,19,34000
1587,35,64449,Среднее специальное,Холост/Не замужем,31,20000
1588,19,26243,Среднее,Холост/Не замужем,77,17000
1589,18,19424,Аспирантура,Женат/Замужем,24,6000
1590,64,60241,Высшее,Холост/Не замужем,69,41000
1591,22,45953,Магистратура,Холост/Не замужем,87,17000
1592,37,38383,Высшее,Женат/Замужем,83,18000
1593,28,42931,Среднее,Вдовец/Вдова,65,29000
1594,59,63217,Высшее,Вдовец/Вдова,33,49000
1595,19,29669,Высшее,Женат/Замужем,59,14000
1596,20,42119,Магистратура,Холост/Не замужем,114,30000
1597,40,40421,Высшее,Холост/Не замужем,120,15000
1598,72,66741,Среднее специальное,Холост/Не замужем,33,46000
1599,29,50764,Аспирантура,Женат/Замужем,32,31000
1600,37,30396,Высшее,Женат/Замужем,59,12000
1601,22,19996,Аспирантура,Женат/Замужем,92,9000
1602,54,39895,Аспирантура,Женат/Замужем,101,14000
1603,55,72335,Среднее специальное,Холост/Не замужем,41,35000
1604,47,51621,Высшее,Женат/Замужем,12,20000
1605,26,16695,Высшее,Холост/Не замужем,73,10000
1606,51,69207,Высшее,Женат/Замужем,114,55000
1607,70,63266,Высшее,Женат/Замужем,119,19000
1608,61,51324,Аспирантура,Женат/Замужем,11,29000
1609,52,54264,Высшее,Женат/Замужем,97,31000
1610,69,92980,Среднее специальное,Женат/Замужем,19,70000
1611,39,40875,Среднее специальное,Холост/Не замужем,54,22000
1612,61,73030,Высшее,Холост/Не замужем,57,41000
1613,41,59306,Среднее специальное,Женат/Замужем,42,31000
1614,34,49449,Магистратура,Холост/Не замужем,98,21000
1615,27,56266,Высшее,Женат/Замужем,71,18000
1616,47,42593,Высшее,Женат/Замужем,31,21000
1617,73,58349,Среднее,Разведён/Разведена,52,19000
1618,63,50055,Высшее,Вдовец/Вдова,2,28000
1619,40,45432,Среднее специальное,Холост/Не замужем,83,20000
1620,49,40594,Магистратура,Вдовец/Вдова,38,23000
1621,34,45013,Высшее,Женат/Замужем,32,16000
1622,67,70354,Магистратура,Женат/Замужем,10,53000
1623,68,85278,Высшее,Холост/Не замужем,105,63000
1624,34,47167,Среднее,Разведён/Разведена,8,18000
1625,31,34157,Магистратура,Холост/Не замужем,90,16000
1626,26,42562,Среднее,Разведён/Разведена,94,25000
1627,57,45747,Высшее,Холост/Не замужем,75,15000
1628,19,30227,Среднее специальное,Женат/Замужем,105,14000
1629,62,69991,Магистратура,Женат/Замужем,20,29000
1630,42,51139,Магистратура,Холост/Не замужем,20,38000
1631,56,66625,Высшее,Холост/Не замужем,9,48000
1632,26,26739,Высшее,Женат/Замужем,72,15000
1633,71,89680,Магистратура,Холост/Не замужем,15,50000
1634,39,74132,Среднее,Женат/Замужем,98,56000
1635,60,39559,Магистратура,Женат/Замужем,88,30000
1636,63,47766,Среднее специальное,Разведён/Разведена,97,37000
1637,21,33046,Аспирантура,Женат/Замужем,105,11000
1638,43,46151,Высшее,Холост/Не замужем,105,17000
1639,46,80846,Магистратура,Холост/Не замужем,109,51000
1640,62,68496,Высшее,Холост/Не замужем,63,39000
1641,51,77288,Высшее,Разведён/Разведена,104,23000
1642,40,16863,Высшее,Разведён/Разведена,91,5000
1643,54,71012,Среднее,Женат/Замужем,21,52000
1644,28,27267,Высшее,Холост/Не замужем,5,20000
1645,23,23026,Высшее,Разведён/Разведена,35,11000
1646,35,39874,Магистратура,Разведён/Разведена,85,29000
1647,38,24631,Высшее,Разведён/Разведена,68,14000
1648,59,69441,Среднее,Разведён/Разведена,113,48000
1649,53,60860,Высшее,Женат/Замужем,48,31000
1650,58,65992,Высшее,Холост/Не замужем,80,23000
1651,55,72905,Среднее специальное,Женат/Замужем,95,37000
1652,51,79121,Среднее специальное,Женат/Замужем,90,41000
1653,34,37344,Магистратура,Женат/Замужем,62,21000
1654,54,65960,Высшее,Женат/Замужем,116,23000
1655,42,53594,Высшее,Холост/Не замужем,35,42000
1656,55,65264,Высшее,Женат/Замужем,70,27000
1657,29,44688,Высшее,Женат/Замужем,97,17000
1658,40,71457,Среднее специальное,Холост/Не замужем,21,40000
1659,70,64704,Высшее,Женат/Замужем,80,36000
1660,59,39913,Среднее,Разведён/Разведена,111,20000
1661,39,36331,Магистратура,Разведён/Разведена,39,24000
1662,38,57359,Высшее,Женат/Замужем,34,32000
1663,44,51149,Высшее,Женат/Замужем,106,30000
1664,74,67786,Высшее,Холост/Не замужем,15,44000
1665,48,37852,Высшее,Женат/Замужем,6,11000
1666,23,37319,Среднее специальное,Женат/Замужем,66,21000
1667,44,60467,Магистратура,Женат/Замужем,88,44000
1668,57,65788,Среднее специальное,Разведён/Разведена,56,20000
1669,51,52600,Магистратура,Женат/Замужем,49,26000
1670,29,40999,Магистратура,Холост/Не замужем,92,31000
1671,62,67312,Высшее,Холост/Не замужем,1,32000
1672,74,77645,Магистратура,Женат/Замужем,65,41000
1673,70,53835,Высшее,Женат/Замужем,28,42000
1674,24,37759,Среднее специальное,Разведён/Разведена,100,15000
1675,27,30591,Аспирантура,Женат/Замужем,20,10000
1676,62,80809,Высшее,Женат/Замужем,48,58000
1677,34,44793,Высшее,Женат/Замужем,72,32000
1678,43,62532,Высшее,Женат/Замужем,65,33000
1679,38,41473,Высшее,Женат/Замужем,90,23000
1680,45,47614,Аспирантура,Женат/Замужем,51,34000
1681,63,88413,Среднее специальное,Женат/Замужем,43,59000
1682,19,37345,Высшее,Холост/Не замужем,49,16000
1683,71,61682,Высшее,Разведён/Разведена,25,19000
1684,60,77054,Высшее,Холост/Не замужем,74,41000
1685,18,22000,Высшее,Холост/Не замужем,76,16000
1686,68,73385,Среднее специальное,Холост/Не замужем,41,54000
1687,70,99150,Среднее специальное,Холост/Не замужем,71,77000
1688,53,36530,Среднее специальное,Женат/Замужем,64,27000
1689,68,67363,Магистратура,Холост/Не замужем,61,39000
1690,43,56124,Среднее специальное,Холост/Не замужем,12,29000
1691,46,63870,Магистратура,Женат/Замужем,111,43000
1692,38,27381,Магистратура,Женат/Замужем,104,18000
1693,28,15000,Магистратура,Холост/Не замужем,81,8000
1694,57,77561,Магистратура,Женат/Замужем,69,26000
1695,28,27193,Среднее специальное,Женат/Замужем,14,20000
1696,53,46565,Среднее специальное,Вдовец/Вдова,34,24000
1697,66,91653,Высшее,Женат/Замужем,48,44000
1698,56,61445,Среднее специальное,Холост/Не замужем,61,37000
1699,57,62343,Высшее,Женат/Замужем,81,39000
1700,52,54503,Высшее,Женат/Замужем,35,22000
1701,71,54040,Магистратура,Холост/Не замужем,119,38000
1702,51,66535,Среднее,Разведён/Разведена,65,29000
1703,72,79341,Магистратура,Женат/Замужем,59,31000
1704,64,69330,Среднее специальное,Вдовец/Вдова,114,34000
1705,41,46655,Высшее,Женат/Замужем,114,31000
1706,71,68015,Высшее,Женат/Замужем,36,53000
1707,39,60487,Магистратура,Женат/Замужем,79,42000
1708,22,31080,Высшее,Женат/Замужем,19,23000
1709,73,73039,Магистратура,Женат/Замужем,115,27000
1710,50,63548,Магистратура,Разведён/Разведена,42,21000
1711,53,61119,Магистратура,Женат/Замужем,69,35000
1712,64,91434,Среднее,Разведён/Разведена,19,40000
1713,37,18779,Магистратура,Разведён/Разведена,107,13000
1714,36,48898,Магистратура,Вдовец/Вдова,39,31000
1715,52,46615,Среднее специальное,Женат/Замужем,69,36000
1716,69,56668,Среднее специальное,Женат/Замужем,52,24000
1717,60,56744,Среднее специальное,Холост/Не замужем,12,30000
1718,34,43620,Среднее,Женат/Замужем,83,24000
1719,62,66686,Высшее,Холост/Не замужем,47,27000
1720,60,40840,Аспирантура,Холост/Не замужем,76,24000
1721,51,48283,Высшее,Холост/Не замужем,36,25000
1722,26,40618,Высшее,Разведён/Разведена,63,21000
1723,43,36846,Аспирантура,Разведён/Разведена,76,17000
1724,19,15000,Среднее специальное,Женат/Замужем,82,5000
1725,70,37758,Магистратура,Женат/Замужем,113,21000
1726,26,26452,Высшее,Женат/Замужем,51,12000
1727,26,19155,Высшее,Женат/Замужем,112,5000
1728,57,46441,Высшее,Женат/Замужем,43,21000
1729,34,38722,Высшее,Женат/Замужем,34,17000
1730,18,21002,Среднее,Женат/Замужем,112,10000
1731,42,31706,Магистратура,Женат/Замужем,97,11000
1732,60,31862,Среднее специальное,Женат/Замужем,49,17000
1733,57,65734,Магистратура,Женат/Замужем,18,42000
1734,59,74092,Высшее,Вдовец/Вдова,61,45000
1735,42,43248,Среднее специальное,Холост/Не замужем,57,30000
1736,56,56413,Высшее,Холост/Не замужем,93,29000
1737,52,57242,Среднее специальное,Женат/Замужем,109,32000
1738,20,55281,Магистратура,Холост/Не замужем,5,38000
1739,67,45684,Аспирантура,Женат/Замужем,89,23000
1740,54,52582,Магистратура,Холост/Не замужем,24,34000
1741,61,38570,Среднее,Женат/Замужем,93,19000
1742,61,69834,Высшее,Холост/Не замужем,64,35000
1743,68,67840,Высшее,Женат/Замужем,59,46000
1744,47,56244,Магистратура,Женат/Замужем,38,21000
1745,55,61896,Среднее,Холост/Не замужем,33,29000
1746,51,71260,Высшее,Женат/Замужем,10,29000
1747,29,46871,Высшее,Холост/Не замужем,37,22000
1748,36,56857,Среднее специальное,Разведён/Разведена,97,23000
1749,54,42816,Высшее,Разведён/Разведена,87,25000
1750,61,82297,Высшее,Холост/Не замужем,11,57000
1751,66,57564,Магистратура,Разведён/Разведена,24,39000
1752,34,32826,Магистратура,Женат/Замужем,88,15000
1753,27,41262,Высшее,Разведён/Разведена,71,32000
1754,74,79328,Высшее,Женат/Замужем,114,47000
1755,72,57122,Среднее специальное,Холост/Не замужем,21,28000
1756,66,65800,Аспирантура,Разведён/Разведена,20,47000
1757,64,89123,Аспирантура,Холост/Не замужем,117,59000
1758,29,16774,Магистратура,Холост/Не замужем,10,11000
1759,33,64278,Магистратура,Холост/Не замужем,89,25000
1760,41,44774,Высшее,Холост/Не замужем,47,23000
1761,36,15000,Магистратура,Женат/Замужем,100,10000
1762,25,15099,Высшее,Женат/Замужем,112,8000
1763,48,39547,Высшее,Разведён/Разведена,47,25000
1764,38,36641,Высшее,Холост/Не замужем,15,21000
1765,34,41229,Среднее,Вдовец/Вдова,44,29000
1766,40,15000,Среднее,Разведён/Разведена,104,6000
1767,54,61602,Высшее,Холост/Не замужем,104,36000
1768,71,56573,Высшее,Женат/Замужем,114,20000
1769,33,62857,Магистратура,Разведён/Разведена,62,40000
1770,23,29947,Среднее специальное,Женат/Замужем,6,19000
1771,25,49742,Среднее специальное,Женат/Замужем,101,15000
1772,42,65855,Среднее специальное,Женат/Замужем,66,42000
1773,35,59849,Среднее,Женат/Замужем,76,30000
1774,42,40703,Среднее,Холост/Не замужем,4,14000
1775,29,30111,Высшее,Женат/Замужем,23,15000
1776,32,37825,Высшее,Холост/Не замужем,13,15000
1777,43,59543,Магистратура,Женат/Замужем,81,30000
1778,58,54339,Аспирантура,Разведён/Разведена,31,26000
1779,62,63411,Высшее,Женат/Замужем,16,42000
1780,43,54103,Среднее,Вдовец/Вдова,41,37000
1781,64,53226,Среднее специальное,Женат/Замужем,90,32000
1782,49,40278,Магистратура,Женат/Замужем,92,12000
1783,27,34826,Высшее,Женат/Замужем,1,26000
1784,33,41612,Магистратура,Вдовец/Вдова,111,26000
1785,24,41308,Магистратура,Женат/Замужем,12,13000
1786,34,52878,Магистратура,Холост/Не замужем,101,37000
1787,40,31114,Магистратура,Вдовец/Вдова,119,12000
1788,43,37818,Высшее,Женат/Замужем,56,22000
1789,38,31438,Высшее,Холост/Не замужем,50,16000
1790,39,67986,Аспирантура,Женат/Замужем,20,34000
1791,24,32995,Высшее,Разведён/Разведена,66,24000
1792,31,40641,Среднее,Женат/Замужем,36,21000
1793,32,42066,Высшее,Женат/Замужем,79,14000
1794,70,60864,Высшее,Разведён/Разведена,38,47000
1795,24,58264,Магистратура,Женат/Замужем,22,44000
1796,26,42565,Высшее,Женат/Замужем,108,27000
1797,68,70593,Высшее,Холост/Не замужем,61,37000
1798,65,51021,Аспирантура,Холост/Не замужем,50,17000
1799,25,18171,Магистратура,Женат/Замужем,96,12000
1800,67,64566,Высшее,Разведён/Разведена,59,21000
1801,40,37100,Среднее специальное,Холост/Не замужем,20,12000
1802,46,36388,Высшее,Женат/Замужем,36,20000
1803,35,38035,Высшее,Холост/Не замужем,97,14000
1804,48,50753,Среднее,Женат/Замужем,15,15000
1805,47,55326,Среднее специальное,Холост/Не замужем,62,28000
1806,69,63241,Высшее,Холост/Не замужем,114,23000
1807,56,45285,Высшее,Холост/Не замужем,110,17000
1808,52,42606,Высшее,Женат/Замужем,3,14000
1809,35,61794,Среднее специальное,Женат/Замужем,93,24000
1810,59,44023,Высшее,Холост/Не замужем,111,28000
1811,56,65847,Магистратура,Разведён/Разведена,91,46000
1812,34,50593,Среднее специальное,Холост/Не замужем,5,26000
1813,31,38580,Среднее,Женат/Замужем,56,21000
1814,48,80517,Высшее,Разведён/Разведена,31,25000
1815,41,55925,Аспирантура,Женат/Замужем,86,18000
1816,52,84843,Высшее,Женат/Замужем,35,36000
1817,61,54634,Среднее специальное,Холост/Не замужем,118,31000
1818,62,55690,Высшее,Женат/Замужем,71,37000
1819,51,64313,Магистратура,Женат/Замужем,70,38000
1820,20,27678,Среднее специальное,Разведён/Разведена,26,13000
1821,54,84084,Высшее,Холост/Не замужем,118,30000
1822,60,68725,Высшее,Женат/Замужем,1,47000
1823,57,45531,Среднее специальное,Женат/Замужем,83,21000
1824,43,23947,Магистратура,Вдовец/Вдова,7,15000
1825,72,72026,Высшее,Холост/Не замужем,36,40000
1826,40,46263,Высшее,Разведён/Разведена,76,30000
1827,61,69106,Среднее специальное,Холост/Не замужем,84,52000
1828,56,78560,Среднее,Женат/Замужем,87,59000
1829,32,57386,Высшее,Холост/Не замужем,25,32000
1830,73,65316,Высшее,Женат/Замужем,94,36000
1831,66,48992,Среднее специальное,Женат/Замужем,59,21000
1832,21,15000,Среднее,Холост/Не замужем,61,11000
1833,46,41347,Среднее,Холост/Не замужем,29,21000
1834,39,41299,Аспирантура,Холост/Не замужем,95,15000
1835,42,53775,Магистратура,Разведён/Разведена,18,27000
1836,30,27585,Магистратура,Вдовец/Вдова,41,10000
1837,35,47805,Среднее специальное,Женат/Замужем,19,26000
1838,50,61030,Аспирантура,Холост/Не замужем,118,35000
1839,33,44150,Среднее специальное,Женат/Замужем,4,20000
1840,62,48270,Высшее,Женат/Замужем,65,16000
1841,59,69817,Магистратура,Вдовец/Вдова,41,53000
1842,61,95619,Высшее,Женат/Замужем,15,65000
1843,19,34488,Высшее,Разведён/Разведена,54,24000
1844,72,28903,Среднее специальное,Вдовец/Вдова,64,13000
1845,52,75813,Среднее специальное,Разведён/Разведена,72,51000
1846,59,52258,Высшее,Холост/Не замужем,15,28000
1847,51,90385,Высшее,Холост/Не замужем,79,36000
1848,47,54945,Магистратура,Женат/Замужем,50,19000
1849,72,47929,Высшее,Женат/Замужем,103,22000
1850,30,15000,Высшее,Холост/Не замужем,22,5000
1851,30,62696,Среднее,Холост/Не замужем,18,50000
1852,35,60188,Среднее специальное,Женат/Замужем,80,19000
1853,49,88190,Аспирантура,Женат/Замужем,2,45000
1854,49,54963,Среднее,Холост/Не замужем,36,28000
1855,52,56352,Высшее,Женат/Замужем,20,25000
1856,56,54659,Среднее специальное,Женат/Замужем,16,32000
1857,63,56125,Высшее,Женат/Замужем,67,21000
1858,69,64913,Высшее,Холост/Не замужем,120,44000
1859,46,55661,Среднее специальное,Женат/Замужем,30,25000
1860,66,55741,Среднее специальное,Женат/Замужем,55,33000
1861,46,27360,Высшее,Холост/Не замужем,66,17000
1862,70,73998,Высшее,Женат/Замужем,99,55000
1863,61,51407,Среднее специальное,Женат/Замужем,26,36000
1864,74,26208,Высшее,Холост/Не замужем,57,15000
1865,33,50288,Среднее специальное,Женат/Замужем,69,24000
1866,73,57379,Магистратура,Холост/Не замужем,2,31000
1867,61,74326,Высшее,Холост/Не замужем,115,50000
1868,64,76367,Среднее специальное,Разведён/Разведена,56,56000
1869,74,79053,Высшее,Холост/Не замужем,84,27000
1870,27,74652,Высшее,Вдовец/Вдова,62,36000
1871,47,51129,Среднее специальное,Женат/Замужем,34,35000
1872,42,44915,Высшее,Холост/Не замужем,98,23000
1873,56,70655,Среднее специальное,Холост/Не замужем,118,32000
1874,37,44368,Среднее специальное,Женат/Замужем,56,22000
1875,22,50607,Среднее специальное,Женат/Замужем,55,30000
1876,18,15000,Высшее,Холост/Не замужем,20,11000
1877,47,34417,Среднее специальное,Холост/Не замужем,50,18000
1878,66,79887,Высшее,Женат/Замужем,25,32000
1879,20,15000,Высшее,Холост/Не замужем,84,5000
1880,62,74336,Высшее,Разведён/Разведена,25,23000
1881,31,45950,Магистратура,Женат/Замужем,53,26000
1882,73,63582,Магистратура,Женат/Замужем,14,36000
1883,47,58707,Высшее,Холост/Не замужем,60,23000
1884,67,50681,Высшее,Холост/Не замужем,111,32000
1885,21,17401,Среднее специальное,Разведён/Разведена,108,11000
1886,35,40042,Магистратура,Холост/Не замужем,43,17000
1887,54,59983,Среднее,Холост/Не замужем,107,28000
1888,42,44645,Высшее,Женат/Замужем,62,35000
1889,65,74096,Высшее,Холост/Не замужем,103,36000
1890,18,35826,Среднее,Женат/Замужем,76,24000
1891,70,94540,Среднее специальное,Разведён/Разведена,112,49000
1892,63,64570,Высшее,Женат/Замужем,69,44000
1893,32,59118,Высшее,Разведён/Разведена,63,40000
1894,26,50210,Высшее,Разведён/Разведена,2,31000
1895,32,75609,Магистратура,Холост/Не замужем,54,54000
1896,66,66491,Среднее специальное,Женат/Замужем,16,51000
1897,74,68494,Среднее,Женат/Замужем,55,40000
1898,41,67265,Высшее,Женат/Замужем,94,28000
1899,21,38181,Высшее,Холост/Не замужем,111,19000
1900,29,58024,Высшее,Вдовец/Вдова,43,39000
1901,54,69551,Среднее специальное,Женат/Замужем,61,43000
1902,54,27198,Высшее,Женат/Замужем,38,10000
1903,60,69244,Высшее,Женат/Замужем,45,22000
1904,23,38668,Высшее,Женат/Замужем,51,24000
1905,56,62396,Высшее,Разведён/Разведена,42,26000
1906,73,72016,Высшее,Женат/Замужем,24,39000
1907,63,42117,Высшее,Холост/Не замужем,115,28000
1908,41,61512,Среднее,Холост/Не замужем,30,35000
1909,28,43606,Среднее,Разведён/Разведена,37,14000
1910,30,56129,Высшее,Женат/Замужем,53,22000
1911,51,33318,Высшее,Вдовец/Вдова,63,13000
1912,42,56807,Высшее,Холост/Не замужем,103,24000
1913,24,31280,Высшее,Холост/Не замужем,11,18000
1914,69,72956,Высшее,Холост/Не замужем,78,40000
1915,21,29052,Магистратура,Женат/Замужем,23,11000
1916,25,43754,Среднее специальное,Женат/Замужем,117,14000
1917,37,42756,Среднее специальное,Холост/Не замужем,80,16000
1918,46,36621,Среднее специальное,Женат/Замужем,50,29000
1919,71,73696,Высшее,Женат/Замужем,85,39000
1920,70,68387,Высшее,Холост/Не замужем,55,50000
1921,68,68749,Среднее специальное,Женат/Замужем,55,49000
1922,62,17382,Высшее,Женат/Замужем,4,9000
1923,63,76239,Среднее специальное,Холост/Не замужем,97,49000
1924,27,32480,Высшее,Холост/Не замужем,54,12000
1925,60,43377,Высшее,Холост/Не замужем,61,27000
1926,51,70238,Высшее,Женат/Замужем,111,30000
1927,74,84345,Среднее,Разведён/Разведена,78,60000
1928,43,45090,Магистратура,Женат/Замужем,83,15000
1929,58,44717,Высшее,Холост/Не замужем,5,30000
1930,66,71070,Среднее специальное,Разведён/Разведена,100,24000
1931,20,33446,Среднее специальное,Вдовец/Вдова,95,24000
1932,73,87865,Высшее,Женат/Замужем,109,39000
1933,23,27343,Магистратура,Вдовец/Вдова,18,17000
1934,22,51123,Магистратура,Женат/Замужем,44,27000
1935,22,25096,Высшее,Женат/Замужем,31,12000
1936,71,52212,Магистратура,Женат/Замужем,119,32000
1937,64,49815,Среднее,Женат/Замужем,94,38000
1938,40,46663,Среднее,Холост/Не замужем,21,14000
1939,66,67417,Магистратура,Разведён/Разведена,47,51000
1940,26,41317,Магистратура,Разведён/Разведена,30,24000
1941,52,55844,Высшее,Женат/Замужем,55,39000
1942,37,59859,Магистратура,Холост/Не замужем,105,29000
1943,66,64483,Аспирантура,Холост/Не замужем,68,34000
1944,59,32855,Магистратура,Холост/Не замужем,69,24000
1945,52,55383,Магистратура,Холост/Не замужем,41,28000
1946,67,39098,Магистратура,Женат/Замужем,45,22000
1947,35,47670,Среднее специальное,Разведён/Разведена,74,14000
1948,34,58657,Магистратура,Холост/Не замужем,91,22000
1949,41,33606,Среднее специальное,Холост/Не замужем,80,20000
1950,20,52878,Магистратура,Женат/Замужем,30,34000
1951,49,67442,Высшее,Холост/Не замужем,77,39000
1952,52,75297,Высшее,Разведён/Разведена,100,27000
1953,55,62443,Высшее,Холост/Не замужем,85,32000
1954,30,24708,Среднее,Холост/Не замужем,45,11000
1955,73,85712,Среднее специальное,Холост/Не замужем,117,46000
1956,64,57430,Аспирантура,Холост/Не замужем,104,42000
1957,42,50968,Аспирантура,Женат/Замужем,45,35000
1958,26,33829,Высшее,Холост/Не замужем,79,11000
1959,21,49270,Аспирантура,Женат/Замужем,84,36000
1960,31,51354,Магистратура,Женат/Замужем,84,27000
1961,54,57591,Высшее,Холост/Не замужем,45,38000
1962,51,27125,Среднее,Холост/Не замужем,55,10000
1963,28,28471,Магистратура,Женат/Замужем,59,18000
1964,58,72563,Высшее,Женат/Замужем,5,30000
1965,73,78201,Магистратура,Разведён/Разведена,118,40000
1966,20,15000,Магистратура,Холост/Не замужем,118,5000
1967,45,24501,Магистратура,Холост/Не замужем,32,9000
1968,46,55332,Высшее,Холост/Не замужем,6,19000
1969,26,20544,Среднее специальное,Женат/Замужем,94,8000
1970,20,17188,Высшее,Женат/Замужем,26,6000
1971,42,59289,Высшее,Разведён/Разведена,37,38000
1972,51,74433,Среднее,Женат/Замужем,13,23000
1973,29,27539,Высшее,Холост/Не замужем,93,16000
1974,59,62128,Высшее,Женат/Замужем,69,23000
1975,26,35286,Магистратура,Разведён/Разведена,25,27000
1976,32,38736,Среднее специальное,Холост/Не замужем,13,29000
1977,57,61808,Высшее,Женат/Замужем,88,25000
1978,42,60547,Среднее,Вдовец/Вдова,95,36000
1979,22,23091,Среднее,Женат/Замужем,20,7000
1980,28,15120,Среднее,Женат/Замужем,119,11000
1981,51,81750,Высшее,Холост/Не замужем,72,45000
1982,41,64741,Среднее,Женат/Замужем,60,20000
1983,32,24645,Высшее,Холост/Не замужем,73,11000
1984,55,61634,Среднее специальное,Женат/Замужем,21,20000
1985,25,50760,Магистратура,Холост/Не замужем,115,25000
1986,22,44435,Магистратура,Разведён/Разведена,61,28000
1987,65,74530,Аспирантура,Разведён/Разведена,84,39000
1988,43,47446,Магистратура,Женат/Замужем,79,23000
1989,35,69509,Магистратура,Холост/Не замужем,26,24000
1990,23,37312,Магистратура,Холост/Не замужем,54,15000
1991,54,51075,Высшее,Женат/Замужем,42,17000
1992,65,80666,Среднее специальное,Женат/Замужем,11,56000
1993,30,41040,Среднее специальное,Женат/Замужем,37,15000
1994,45,56846,Среднее специальное,Холост/Не замужем,105,33000
1995,22,36247,Высшее,Женат/Замужем,11,17000
1996,30,47051,Высшее,Женат/Замужем,27,19000
1997,34,28123,Магистратура,Женат/Замужем,94,17000
1998,67,47433,Аспирантура,Женат/Замужем,83,25000
1999,57,82711,Высшее,Женат/Замужем,34,41000
2000,62,68943,Высшее,Холост/Не замужем,38,41000
2001,49,66362,Аспирантура,Холост/Не замужем,61,36000
2002,46,26003,Среднее специальное,Женат/Замужем,87,11000
2003,68,86000,Магистратура,Холост/Не замужем,53,49000
2004,20,23777,Среднее специальное,Женат/Замужем,65,15000
2005,73,61906,Высшее,Женат/Замужем,3,19000
2006,57,60249,Среднее специальное,Разведён/Разведена,67,32000
2007,51,41730,Магистратура,Женат/Замужем,28,13000
2008,57,61174,Высшее,Холост/Не замужем,14,24000
2009,44,48754,Среднее специальное,Холост/Не замужем,52,28000
2010,30,55505,Среднее специальное,Разведён/Разведена,30,40000
2011,62,87900,Высшее,Холост/Не замужем,58,65000
2012,50,77822,Аспирантура,Женат/Замужем,54,26000
2013,23,15000,Магистратура,Женат/Замужем,69,7000
2014,41,34372,Высшее,Холост/Не замужем,113,20000
2015,36,15000,Высшее,Холост/Не замужем,15,5000
2016,33,24096,Высшее,Женат/Замужем,38,16000
2017,57,51457,Высшее,Разведён/Разведена,78,34000
2018,45,57758,Магистратура,Холост/Не замужем,14,43000
2019,50,47801,Высшее,Разведён/Разведена,57,14000
2020,65,60218,Высшее,Женат/Замужем,59,24000
2021,58,64726,Высшее,Вдовец/Вдова,113,46000
2022,30,15000,Аспирантура,Холост/Не замужем,8,9000
2023,60,51021,Магистратура,Холост/Не замужем,72,38000
2024,62,57646,Магистратура,Разведён/Разведена,19,18000
2025,42,46163,Высшее,Разведён/Разведена,32,27000
2026,70,72754,Среднее специальное,Женат/Замужем,95,42000
2027,59,85309,Магистратура,Женат/Замужем,29,27000
2028,53,71625,Высшее,Разведён/Разведена,41,39000
2029,44,39260,Среднее специальное,Холост/Не замужем,75,23000
2030,55,55680,Высшее,Женат/Замужем,45,22000
2031,24,29858,Магистратура,Разведён/Разведена,13,13000
2032,22,25487,Среднее специальное,Женат/Замужем,27,15000
2033,60,67687,Высшее,Холост/Не замужем,120,36000
2034,62,37303,Высшее,Женат/Замужем,19,27000
2035,74,88010,Среднее,Холост/Не замужем,26,41000
2036,68,95403,Среднее специальное,Холост/Не замужем,53,41000
2037,48,49952,Магистратура,Вдовец/Вдова,51,39000
2038,40,43259,Магистратура,Женат/Замужем,37,32000
2039,59,65155,Среднее специальное,Разведён/Разведена,112,20000
2040,27,52490,Магистратура,Разведён/Разведена,9,35000
2041,49,49935,Магистратура,Холост/Не замужем,92,17000
2042,60,77609,Высшее,Холост/Не замужем,96,24000
2043,70,78927,Высшее,Холост/Не замужем,52,34000
2044,47,88624,Аспирантура,Холост/Не замужем,54,38000
2045,56,55470,Высшее,Женат/Замужем,3,39000
2046,48,24359,Среднее специальное,Женат/Замужем,115,15000
2047,35,22105,Магистратура,Женат/Замужем,96,17000
2048,53,58178,Высшее,Холост/Не замужем,69,38000
2049,19,46218,Среднее специальное,Женат/Замужем,8,23000
2050,31,30612,Высшее,Женат/Замужем,14,19000
2051,30,36136,Высшее,Женат/Замужем,120,28000
2052,46,62672,Магистратура,Холост/Не замужем,3,41000
2053,29,24321,Высшее,Женат/Замужем,24,16000
2054,56,51230,Среднее специальное,Холост/Не замужем,13,39000
2055,19,15000,Высшее,Женат/Замужем,43,5000
2056,49,72473,Высшее,Женат/Замужем,29,47000
2057,30,62725,Среднее специальное,Холост/Не замужем,72,45000
2058,63,42308,Высшее,Женат/Замужем,51,32000
2059,44,48667,Магистратура,Холост/Не замужем,42,19000
2060,66,89508,Среднее,Холост/Не замужем,31,49000
2061,58,67980,Высшее,Холост/Не замужем,63,43000
2062,34,35461,Высшее,Разведён/Разведена,26,15000
2063,57,38007,Среднее специальное,Женат/Замужем,18,22000
2064,48,71294,Высшее,Вдовец/Вдова,82,30000
2065,51,61807,Высшее,Женат/Замужем,57,28000
2066,41,26305,Магистратура,Женат/Замужем,7,13000
2067,62,83048,Среднее специальное,Женат/Замужем,112,46000
2068,52,33193,Высшее,Холост/Не замужем,102,17000
2069,65,64292,Среднее,Холост/Не замужем,48,35000
2070,23,30030,Аспирантура,Холост/Не замужем,80,13000
2071,36,68675,Высшее,Женат/Замужем,119,26000
2072,47,49284,Высшее,Холост/Не замужем,120,15000
2073,24,30830,Среднее специальное,Холост/Не замужем,60,12000
2074,27,16753,Высшее,Холост/Не замужем,33,9000
2075,58,52394,Среднее специальное,Женат/Замужем,120,36000
2076,49,42540,Магистратура,Женат/Замужем,115,16000
2077,51,44921,Высшее,Разведён/Разведена,3,15000
2078,45,51694,Высшее,Холост/Не замужем,102,34000
2079,32,15000,Высшее,Холост/Не замужем,4,6000
2080,47,30546,Высшее,Женат/Замужем,100,23000
2081,54,57134,Высшее,Разведён/Разведена,4,37000
2082,46,54218,Высшее,Холост/Не замужем,42,25000
2083,39,43298,Высшее,Женат/Замужем,9,19000
2084,21,31788,Высшее,Женат/Замужем,104,17000
2085,37,39063,Высшее,Холост/Не замужем,51,13000
2086,49,54522,Среднее специальное,Холост/Не замужем,17,19000
2087,53,64512,Магистратура,Холост/Не замужем,17,25000
2088,67,75607,Высшее,Разведён/Разведена,97,51000
2089,21,22065,Высшее,Женат/Замужем,20,12000
2090,44,64526,Магистратура,Женат/Замужем,14,19000
2091,34,45156,Среднее,Женат/Замужем,22,28000
2092,29,57283,Магистратура,Женат/Замужем,52,29000
2093,39,68293,Аспирантура,Женат/Замужем,27,37000
2094,34,21159,Магистратура,Холост/Не замужем,43,8000
2095,27,24314,Магистратура,Холост/Не замужем,3,14000
2096,71,84603,Высшее,Холост/Не замужем,88,66000
2097,18,15000,Среднее специальное,Женат/Замужем,94,5000
2098,39,68102,Высшее,Холост/Не замужем,8,30000
2099,43,44841,Высшее,Женат/Замужем,86,18000
2100,73,82625,Среднее специальное,Холост/Не замужем,89,35000
2101,35,41854,Магистратура,Разведён/Разведена,10,20000
2102,67,48314,Высшее,Холост/Не замужем,113,34000
2103,31,56233,Магистратура,Холост/Не замужем,29,42000
2104,64,108060,Магистратура,Разведён/Разведена,40,43000
2105,46,44674,Магистратура,Женат/Замужем,118,25000
2106,29,33964,Магистратура,Вдовец/Вдова,65,21000
2107,53,18263,Магистратура,Холост/Не замужем,116,10000
2108,52,77472,Магистратура,Холост/Не замужем,21,40000
2109,69,84476,Высшее,Женат/Замужем,103,33000
2110,29,15000,Среднее специальное,Разведён/Разведена,24,8000
2111,24,15000,Магистратура,Холост/Не замужем,73,7000
2112,46,23161,Магистратура,Разведён/Разведена,60,16000
2113,28,47677,Высшее,Женат/Замужем,108,32000
2114,50,66774,Среднее,Разведён/Разведена,118,24000
2115,23,20149,Высшее,Женат/Замужем,26,6000
2116,64,74288,Среднее,Холост/Не замужем,9,56000
2117,32,43583,Магистратура,Разведён/Разведена,20,24000
2118,49,49290,Аспирантура,Разведён/Разведена,56,35000
2119,68,84552,Среднее специальное,Женат/Замужем,99,27000
2120,28,19925,Высшее,Холост/Не замужем,36,11000
2121,40,64813,Среднее,Холост/Не замужем,106,36000
2122,43,39072,Высшее,Женат/Замужем,36,28000
2123,51,83123,Высшее,Холост/Не замужем,118,28000
2124,63,50920,Высшее,Женат/Замужем,73,21000
2125,51,51126,Высшее,Холост/Не замужем,22,25000
2126,46,53278,Среднее специальное,Женат/Замужем,1,39000
2127,21,33184,Высшее,Холост/Не замужем,69,25000
2128,34,50162,Среднее специальное,Женат/Замужем,73,39000
2129,52,37914,Высшее,Женат/Замужем,37,29000
2130,30,39040,Среднее,Женат/Замужем,102,11000
2131,58,64071,Высшее,Женат/Замужем,83,20000
2132,56,52483,Магистратура,Холост/Не замужем,72,19000
2133,32,47260,Магистратура,Женат/Замужем,106,22000
2134,72,53004,Магистратура,Разведён/Разведена,107,37000
2135,46,47503,Магистратура,Женат/Замужем,96,35000
2136,46,41102,Среднее специальное,Разведён/Разведена,13,16000
2137,28,33148,Среднее специальное,Женат/Замужем,84,20000
2138,69,92505,Высшее,Женат/Замужем,100,70000
2139,49,76796,Магистратура,Холост/Не замужем,43,40000
2140,19,49856,Аспирантура,Женат/Замужем,108,17000
2141,64,59866,Среднее,Женат/Замужем,37,31000
2142,31,54014,Высшее,Холост/Не замужем,94,26000
2143,37,46885,Среднее специальное,Женат/Замужем,74,27000
2144,39,47483,Магистратура,Холост/Не замужем,95,24000
2145,28,36839,Высшее,Женат/Замужем,25,11000
2146,44,77176,Среднее специальное,Женат/Замужем,93,61000
2147,20,52087,Высшее,Женат/Замужем,88,29000
2148,34,53973,Высшее,Вдовец/Вдова,103,28000
2149,61,61845,Магистратура,Женат/Замужем,21,48000
2150,73,74593,Среднее,Женат/Замужем,41,28000
2151,45,59558,Магистратура,Холост/Не замужем,73,23000
2152,46,44575,Высшее,Разведён/Разведена,42,31000
2153,38,60074,Магистратура,Женат/Замужем,42,25000
2154,64,52981,Магистратура,Женат/Замужем,2,37000
2155,33,47877,Среднее специальное,Холост/Не замужем,68,20000
2156,54,24454,Среднее специальное,Женат/Замужем,8,7000
2157,37,36940,Высшее,Холост/Не замужем,96,20000
2158,23,65165,Среднее специальное,Женат/Замужем,61,25000
2159,36,59942,Магистратура,Разведён/Разведена,14,40000
2160,74,97832,Высшее,Женат/Замужем,113,60000
2161,22,23190,Магистратура,Женат/Замужем,77,17000
2162,20,33156,Среднее специальное,Женат/Замужем,21,22000
2163,18,49229,Высшее,Женат/Замужем,24,19000
2164,55,69096,Высшее,Женат/Замужем,50,48000
2165,32,48828,Среднее,Женат/Замужем,82,30000
2166,51,80858,Высшее,Холост/Не замужем,45,51000
2167,52,41593,Магистратура,Холост/Не замужем,64,29000
2168,66,65636,Высшее,Женат/Замужем,64,38000
2169,42,22888,Магистратура,Женат/Замужем,104,12000
2170,41,31973,Среднее специальное,Холост/Не замужем,26,19000
2171,29,54912,Высшее,Женат/Замужем,32,24000
2172,35,29839,Аспирантура,Холост/Не замужем,108,11000
2173,32,52232,Аспирантура,Холост/Не замужем,57,31000
2174,61,89277,Высшее,Женат/Замужем,119,37000
2175,33,39330,Магистратура,Женат/Замужем,120,13000
2176,44,58597,Высшее,Женат/Замужем,53,17000
2177,25,46749,Среднее специальное,Женат/Замужем,33,28000
2178,63,47677,Среднее специальное,Вдовец/Вдова,52,22000
2179,42,39953,Магистратура,Женат/Замужем,95,27000
2180,34,27745,Среднее специальное,Холост/Не замужем,18,13000
2181,46,44349,Высшее,Женат/Замужем,35,24000
2182,70,82341,Высшее,Холост/Не замужем,12,41000
2183,25,26672,Высшее,Разведён/Разведена,51,16000
2184,32,40672,Высшее,Холост/Не замужем,89,19000
2185,44,35163,Среднее специальное,Женат/Замужем,109,27000
2186,63,84396,Среднее специальное,Холост/Не замужем,95,64000
2187,67,61023,Высшее,Разведён/Разведена,10,44000
2188,69,93644,Высшее,Холост/Не замужем,111,71000
2189,24,35713,Высшее,Вдовец/Вдова,52,18000
2190,20,15000,Высшее,Холост/Не замужем,34,8000
2191,46,49834,Среднее специальное,Холост/Не замужем,115,33000
2192,61,48458,Магистратура,Холост/Не замужем,67,31000
2193,70,80440,Высшее,Разведён/Разведена,110,59000
2194,41,44479,Среднее специальное,Разведён/Разведена,39,29000
2195,20,34048,Высшее,Холост/Не замужем,8,27000
2196,37,39659,Магистратура,Холост/Не замужем,96,18000
2197,63,57669,Магистратура,Женат/Замужем,107,41000
2198,32,26595,Среднее специальное,Холост/Не замужем,29,17000
2199,42,61743,Высшее,Холост/Не замужем,22,39000
2200,47,50602,Среднее,Холост/Не замужем,84,23000
2201,31,35679,Среднее,Холост/Не замужем,70,24000
2202,24,31826,Высшее,Холост/Не замужем,61,23000
2203,34,32617,Высшее,Холост/Не замужем,43,13000
2204,61,59729,Магистратура,Женат/Замужем,49,36000
2205,37,48284,Высшее,Разведён/Разведена,29,23000
2206,53,42487,Среднее,Холост/Не замужем,106,33000
2207,26,23059,Высшее,Женат/Замужем,120,12000
2208,55,80274,Среднее,Холост/Не замужем,81,33000
2209,65,62158,Среднее,Женат/Замужем,31,30000
2210,74,66526,Высшее,Холост/Не замужем,53,41000
2211,39,26641,Высшее,Женат/Замужем,34,9000
2212,71,85160,Среднее специальное,Холост/Не замужем,38,51000
2213,70,55761,Высшее,Разведён/Разведена,57,42000
2214,70,71370,Среднее,Холост/Не замужем,101,51000
2215,19,15000,Среднее специальное,Женат/Замужем,4,5000
2216,41,60672,Высшее,Вдовец/Вдова,2,48000
2217,25,53252,Среднее специальное,Женат/Замужем,12,34000
2218,28,45267,Высшее,Женат/Замужем,35,17000
2219,30,16582,Среднее,Разведён/Разведена,70,5000
2220,34,55381,Высшее,Холост/Не замужем,120,21000
2221,25,23189,Среднее специальное,Холост/Не замужем,110,16000
2222,38,28435,Среднее специальное,Вдовец/Вдова,72,8000
2223,35,37848,Высшее,Холост/Не замужем,21,15000
2224,47,47149,Магистратура,Разведён/Разведена,117,31000
2225,35,36024,Среднее,Холост/Не замужем,110,21000
2226,63,85105,Высшее,Женат/Замужем,61,58000
2227,64,96977,Высшее,Женат/Замужем,35,65000
2228,48,33462,Высшее,Вдовец/Вдова,48,10000
2229,55,49267,Магистратура,Женат/Замужем,15,36000
2230,49,56941,Среднее специальное,Холост/Не замужем,71,23000
2231,28,32169,Аспирантура,Женат/Замужем,15,18000
2232,62,71190,Высшее,Холост/Не замужем,109,44000
2233,42,62939,Высшее,Женат/Замужем,6,24000
2234,50,66840,Магистратура,Разведён/Разведена,111,52000
2235,55,68746,Высшее,Женат/Замужем,81,37000
2236,58,86886,Высшее,Женат/Замужем,68,28000
2237,25,15000,Высшее,Холост/Не замужем,22,11000
2238,28,60201,Высшее,Женат/Замужем,32,35000
2239,39,40605,Среднее специальное,Женат/Замужем,22,26000
2240,68,81776,Высшее,Женат/Замужем,27,46000
2241,41,32955,Среднее специальное,Холост/Не замужем,110,23000
2242,58,48372,Магистратура,Женат/Замужем,15,15000
2243,34,52731,Аспирантура,Холост/Не замужем,44,22000
2244,29,15000,Высшее,Женат/Замужем,115,8000
2245,74,89641,Высшее,Холост/Не замужем,86,30000
2246,63,84899,Среднее,Разведён/Разведена,92,55000
2247,49,57466,Среднее,Холост/Не замужем,106,28000
2248,32,43326,Магистратура,Женат/Замужем,102,18000
2249,33,29495,Среднее специальное,Холост/Не замужем,9,8000
2250,71,82516,Высшее,Женат/Замужем,34,54000
2251,39,52014,Магистратура,Холост/Не замужем,100,37000
2252,45,37777,Магистратура,Женат/Замужем,73,18000
2253,37,39327,Высшее,Холост/Не замужем,15,22000
2254,50,53209,Высшее,Женат/Замужем,62,22000
2255,27,31307,Высшее,Холост/Не замужем,45,19000
2256,57,40756,Аспирантура,Холост/Не замужем,84,12000
2257,49,65285,Высшее,Женат/Замужем,72,35000
2258,67,65547,Высшее,Холост/Не замужем,58,40000
2259,50,55830,Среднее,Холост/Не замужем,92,42000
2260,19,22126,Среднее,Разведён/Разведена,115,10000
2261,50,62729,Высшее,Вдовец/Вдова,19,42000
2262,50,58580,Магистратура,Женат/Замужем,16,35000
2263,58,80191,Магистратура,Холост/Не замужем,75,61000
2264,30,46808,Аспирантура,Холост/Не замужем,106,23000
2265,47,50159,Высшее,Женат/Замужем,8,23000
2266,50,44504,Магистратура,Холост/Не замужем,33,33000
2267,30,52589,Магистратура,Разведён/Разведена,74,17000
2268,69,66561,Высшее,Холост/Не замужем,18,24000
2269,43,47424,Высшее,Вдовец/Вдова,35,16000
2270,39,44220,Высшее,Женат/Замужем,43,31000
2271,56,54375,Магистратура,Женат/Замужем,50,16000
2272,19,28481,Среднее специальное,Холост/Не замужем,3,20000
2273,55,88493,Магистратура,Разведён/Разведена,104,46000
2274,56,44682,Среднее специальное,Холост/Не замужем,91,13000
2275,43,37782,Высшее,Женат/Замужем,59,18000
2276,63,86764,Высшее,Разведён/Разведена,28,34000
2277,67,63577,Высшее,Холост/Не замужем,46,38000
2278,32,34440,Высшее,Женат/Замужем,64,22000
2279,51,71922,Магистратура,Женат/Замужем,70,39000
2280,59,41497,Высшее,Холост/Не замужем,47,13000
2281,72,85521,Среднее специальное,Женат/Замужем,14,53000
2282,61,65084,Высшее,Холост/Не замужем,7,46000
2283,66,75372,Среднее специальное,Женат/Замужем,74,49000
2284,57,67890,Среднее специальное,Женат/Замужем,79,48000
2285,28,28580,Высшее,Женат/Замужем,31,11000
2286,20,47367,Магистратура,Холост/Не замужем,93,35000
2287,23,25747,Высшее,Разведён/Разведена,106,11000
2288,26,42532,Высшее,Разведён/Разведена,118,13000
2289,23,52565,Высшее,Женат/Замужем,81,37000
2290,26,57083,Среднее специальное,Женат/Замужем,51,44000
2291,56,56393,Аспирантура,Женат/Замужем,29,35000
2292,48,60947,Высшее,Женат/Замужем,113,25000
2293,49,49407,Магистратура,Женат/Замужем,108,21000
2294,58,99556,Среднее специальное,Холост/Не замужем,15,53000
2295,67,80901,Среднее специальное,Женат/Замужем,90,60000
2296,29,40060,Магистратура,Холост/Не замужем,76,15000
2297,25,40288,Высшее,Холост/Не замужем,25,28000
2298,25,41706,Среднее специальное,Женат/Замужем,61,18000
2299,67,75751,Среднее специальное,Женат/Замужем,41,53000
2300,45,48000,Магистратура,Женат/Замужем,69,36000
2301,37,39285,Высшее,Женат/Замужем,4,20000
2302,64,64522,Высшее,Разведён/Разведена,108,31000
2303,24,17704,Высшее,Женат/Замужем,112,12000
2304,28,48774,Высшее,Женат/Замужем,105,27000
2305,37,33174,Аспирантура,Холост/Не замужем,57,21000
2306,33,26100,Среднее специальное,Холост/Не замужем,31,15000
2307,21,32184,Высшее,Холост/Не замужем,3,12000
2308,23,32048,Магистратура,Женат/Замужем,117,23000
2309,39,50544,Среднее специальное,Женат/Замужем,67,20000
2310,43,41476,Высшее,Холост/Не замужем,90,31000
2311,20,25711,Высшее,Женат/Замужем,50,10000
2312,58,72381,Высшее,Холост/Не замужем,17,48000
2313,59,72268,Высшее,Холост/Не замужем,60,31000
2314,31,49242,Высшее,Разведён/Разведена,74,22000
2315,28,38509,Высшее,Женат/Замужем,66,17000
2316,35,46133,Высшее,Холост/Не замужем,88,31000
2317,71,75856,Высшее,Женат/Замужем,75,43000
2318,29,28959,Среднее,Женат/Замужем,24,21000
2319,40,69710,Высшее,Женат/Замужем,99,31000
2320,29,58773,Аспирантура,Холост/Не замужем,87,37000
2321,30,51513,Высшее,Женат/Замужем,32,34000
2322,42,42812,Высшее,Холост/Не замужем,87,16000
2323,62,73287,Высшее,Разведён/Разведена,98,36000
2324,68,84675,Магистратура,Женат/Замужем,105,45000
2325,36,26052,Магистратура,Женат/Замужем,19,12000
2326,72,98617,Среднее специальное,Холост/Не замужем,66,45000
2327,63,39909,Высшее,Холост/Не замужем,60,25000
2328,53,68569,Высшее,Холост/Не замужем,115,27000
2329,62,86999,Высшее,Вдовец/Вдова,66,56000
2330,25,33904,Среднее специальное,Холост/Не замужем,15,26000
2331,46,50143,Магистратура,Холост/Не замужем,120,29000
2332,72,83214,Среднее,Вдовец/Вдова,85,50000
2333,70,99378,Высшее,Женат/Замужем,35,33000
2334,72,68983,Высшее,Женат/Замужем,69,50000
2335,49,43085,Среднее специальное,Холост/Не замужем,107,19000
2336,68,63643,Магистратура,Женат/Замужем,27,38000
2337,61,41112,Магистратура,Женат/Замужем,88,32000
2338,35,57066,Высшее,Женат/Замужем,7,34000
2339,23,26288,Высшее,Холост/Не замужем,6,17000
2340,35,40474,Среднее специальное,Женат/Замужем,110,21000
2341,36,58044,Высшее,Женат/Замужем,33,19000
2342,39,41146,Среднее специальное,Женат/Замужем,58,28000
2343,54,70186,Высшее,Женат/Замужем,49,22000
2344,49,39228,Магистратура,Холост/Не замужем,17,25000
2345,73,88380,Среднее специальное,Холост/Не замужем,110,27000
2346,58,67128,Магистратура,Женат/Замужем,42,49000
2347,20,30271,Среднее,Женат/Замужем,94,11000
2348,45,53563,Магистратура,Вдовец/Вдова,72,29000
2349,27,17898,Среднее специальное,Женат/Замужем,40,10000
2350,68,71620,Высшее,Женат/Замужем,46,37000
2351,52,55074,Среднее специальное,Разведён/Разведена,71,25000
2352,46,33508,Магистратура,Холост/Не замужем,70,17000
2353,71,62333,Высшее,Женат/Замужем,68,28000
2354,32,39261,Среднее специальное,Холост/Не замужем,1,20000
2355,50,46490,Высшее,Холост/Не замужем,79,22000
2356,24,15000,Высшее,Женат/Замужем,95,8000
2357,29,54945,Высшее,Женат/Замужем,89,23000
2358,66,66268,Магистратура,Женат/Замужем,111,52000
2359,47,19090,Высшее,Женат/Замужем,97,10000
2360,38,78024,Среднее специальное,Женат/Замужем,52,30000
2361,48,72620,Среднее,Холост/Не замужем,35,39000
2362,41,43165,Высшее,Женат/Замужем,119,31000
2363,37,32562,Высшее,Женат/Замужем,69,10000
2364,54,64847,Высшее,Разведён/Разведена,5,41000
2365,21,35434,Среднее специальное,Холост/Не замужем,100,20000
2366,45,59731,Высшее,Холост/Не замужем,17,22000
2367,61,51805,Аспирантура,Женат/Замужем,53,36000
2368,37,61666,Среднее специальное,Разведён/Разведена,52,29000
2369,41,41298,Высшее,Женат/Замужем,14,18000
2370,67,79411,Магистратура,Женат/Замужем,29,56000
2371,66,56445,Высшее,Вдовец/Вдова,8,34000
2372,68,109722,Высшее,Вдовец/Вдова,98,82000
2373,49,65232,Высшее,Женат/Замужем,104,40000
2374,58,105263,Магистратура,Женат/Замужем,1,70000
2375,53,70414,Среднее,Холост/Не замужем,29,50000
2376,70,63178,Высшее,Разведён/Разведена,36,20000
2377,51,68840,Среднее специальное,Женат/Замужем,51,47000
2378,53,71508,Высшее,Вдовец/Вдова,37,43000
2379,19,36399,Высшее,Холост/Не замужем,93,12000
2380,32,50655,Высшее,Женат/Замужем,69,28000
2381,51,67825,Среднее,Женат/Замужем,53,23000
2382,53,43094,Высшее,Женат/Замужем,96,28000
2383,23,18027,Высшее,Холост/Не замужем,52,10000
2384,56,48486,Высшее,Женат/Замужем,88,37000
2385,59,64713,Высшее,Женат/Замужем,83,25000
2386,68,66652,Высшее,Женат/Замужем,12,40000
2387,68,55366,Магистратура,Холост/Не замужем,52,22000
2388,71,84029,Высшее,Женат/Замужем,1,51000
2389,29,43045,Высшее,Холост/Не замужем,7,28000
2390,20,34133,Магистратура,Холост/Не замужем,17,22000
2391,62,61330,Среднее специальное,Женат/Замужем,98,43000
2392,35,37926,Среднее,Разведён/Разведена,43,27000
2393,57,48580,Высшее,Женат/Замужем,71,16000
2394,38,60006,Высшее,Женат/Замужем,17,28000
2395,32,30647,Магистратура,Холост/Не замужем,59,19000
2396,50,58740,Аспирантура,Женат/Замужем,3,32000
2397,52,82130,Высшее,Холост/Не замужем,29,32000
2398,43,45016,Высшее,Вдовец/Вдова,22,25000
2399,25,50010,Высшее,Разведён/Разведена,38,25000
2400,53,66530,Высшее,Женат/Замужем,54,32000
2401,65,72272,Магистратура,Женат/Замужем,107,50000
2402,47,59655,Магистратура,Женат/Замужем,93,30000
2403,40,46176,Высшее,Женат/Замужем,114,14000
2404,59,63321,Среднее,Холост/Не замужем,50,20000
2405,61,56178,Высшее,Холост/Не замужем,118,40000
2406,31,41021,Среднее специальное,Женат/Замужем,106,32000
2407,31,31621,Магистратура,Разведён/Разведена,69,20000
2408,19,45884,Среднее,Холост/Не замужем,30,22000
2409,72,47707,Магистратура,Холост/Не замужем,23,36000
2410,54,66015,Высшее,Женат/Замужем,119,41000
2411,22,38248,Высшее,Разведён/Разведена,85,27000
2412,55,63290,Высшее,Холост/Не замужем,120,43000
2413,62,80567,Высшее,Холост/Не замужем,90,39000
2414,58,57708,Высшее,Женат/Замужем,118,31000
2415,71,76231,Магистратура,Женат/Замужем,47,29000
2416,64,41051,Высшее,Холост/Не замужем,21,18000
2417,31,34170,Высшее,Холост/Не замужем,20,23000
2418,73,86836,Высшее,Женат/Замужем,23,64000
2419,56,40312,Среднее специальное,Женат/Замужем,68,26000
2420,42,51596,Высшее,Вдовец/Вдова,21,27000
2421,37,35037,Аспирантура,Женат/Замужем,21,12000
2422,19,29135,Среднее,Холост/Не замужем,1,9000
2423,56,51134,Высшее,Женат/Замужем,15,24000
2424,23,15292,Высшее,Женат/Замужем,17,8000
2425,34,48590,Высшее,Холост/Не замужем,51,29000
2426,42,48456,Среднее специальное,Разведён/Разведена,63,14000
2427,74,83989,Высшее,Разведён/Разведена,14,66000
2428,45,63516,Среднее,Холост/Не замужем,59,30000
2429,19,49178,Среднее,Холост/Не замужем,83,35000
2430,52,59202,Высшее,Холост/Не замужем,50,33000
2431,54,77829,Высшее,Холост/Не замужем,34,28000
2432,22,18563,Аспирантура,Женат/Замужем,6,12000
2433,18,43634,Среднее,Женат/Замужем,109,28000
2434,57,68090,Высшее,Вдовец/Вдова,49,38000
2435,29,42296,Среднее специальное,Холост/Не замужем,6,23000
2436,73,80670,Высшее,Женат/Замужем,117,27000
2437,53,43588,Аспирантура,Разведён/Разведена,118,27000
2438,62,47248,Магистратура,Женат/Замужем,69,35000
2439,40,73247,Среднее,Холост/Не замужем,7,25000
2440,64,64269,Высшее,Холост/Не замужем,97,27000
2441,48,51255,Высшее,Холост/Не замужем,77,38000
2442,28,21465,Среднее специальное,Вдовец/Вдова,51,9000
2443,27,15000,Среднее специальное,Разведён/Разведена,118,9000
2444,20,30275,Магистратура,Разведён/Разведена,1,17000
2445,71,67276,Аспирантура,Разведён/Разведена,13,40000
2446,31,40426,Аспирантура,Женат/Замужем,43,20000
2447,33,43307,Магистратура,Разведён/Разведена,27,19000
2448,27,74541,Высшее,Вдовец/Вдова,71,24000
2449,46,47321,Высшее,Женат/Замужем,116,31000
2450,27,60899,Среднее специальное,Холост/Не замужем,3,40000
2451,29,63430,Среднее,Женат/Замужем,58,40000
2452,47,64504,Высшее,Холост/Не замужем,89,40000
2453,58,58473,Магистратура,Холост/Не замужем,97,24000
2454,18,15000,Магистратура,Разведён/Разведена,104,5000
2455,22,40369,Магистратура,Разведён/Разведена,17,28000
2456,37,60482,Магистратура,Холост/Не замужем,45,32000
2457,25,61815,Аспирантура,Женат/Замужем,78,28000
2458,60,49350,Среднее специальное,Разведён/Разведена,101,17000
2459,29,35147,Магистратура,Женат/Замужем,58,11000
2460,18,15842,Высшее,Женат/Замужем,56,7000
2461,74,65297,Среднее специальное,Женат/Замужем,54,45000
2462,71,82365,Аспирантура,Разведён/Разведена,87,62000
2463,37,35010,Магистратура,Разведён/Разведена,88,26000
2464,45,39235,Среднее специальное,Женат/Замужем,29,29000
2465,74,86754,Среднее,Холост/Не замужем,102,65000
2466,60,70361,Высшее,Разведён/Разведена,54,39000
2467,54,64050,Высшее,Холост/Не замужем,27,26000
2468,64,57006,Магистратура,Женат/Замужем,102,39000
2469,54,78195,Среднее специальное,Холост/Не замужем,117,31000
2470,29,39017,Среднее,Женат/Замужем,104,16000
2471,54,94502,Среднее специальное,Женат/Замужем,45,39000
2472,66,70817,Среднее,Холост/Не замужем,114,39000
2473,66,33399,Среднее,Разведён/Разведена,87,15000
2474,73,38331,Магистратура,Холост/Не замужем,31,14000
2475,61,73759,Высшее,Разведён/Разведена,36,38000
2476,73,93507,Высшее,Разведён/Разведена,81,68000
2477,45,39842,Среднее,Холост/Не замужем,61,23000
2478,64,98314,Среднее специальное,Женат/Замужем,37,72000
2479,32,66144,Магистратура,Холост/Не замужем,67,26000
2480,23,37158,Высшее,Женат/Замужем,36,14000
2481,61,72491,Магистратура,Женат/Замужем,119,42000
2482,37,58617,Высшее,Холост/Не замужем,5,31000
2483,67,97549,Высшее,Женат/Замужем,46,61000
2484,31,50632,Высшее,Женат/Замужем,79,35000
2485,19,33618,Высшее,Разведён/Разведена,52,22000
2486,26,46484,Магистратура,Холост/Не замужем,49,35000
2487,54,66860,Среднее специальное,Женат/Замужем,6,33000
2488,37,59066,Высшее,Холост/Не замужем,10,23000
2489,43,26449,Среднее специальное,Разведён/Разведена,118,15000
2490,46,57137,Высшее,Холост/Не замужем,96,20000
2491,18,36906,Магистратура,Женат/Замужем,23,16000
2492,72,72107,Высшее,Холост/Не замужем,112,29000
2493,52,68962,Высшее,Женат/Замужем,17,34000
2494,23,62817,Аспирантура,Разведён/Разведена,110,22000
2495,54,60873,Высшее,Женат/Замужем,84,19000
2496,70,81975,Среднее специальное,Женат/Замужем,44,51000
2497,22,57293,Среднее специальное,Женат/Замужем,41,34000
2498,50,58023,Высшее,Разведён/Разведена,15,37000
2499,66,55073,Высшее,Женат/Замужем,44,34000
2500,68,79236,Высшее,Разведён/Разведена,110,28000
2501,31,15000,Высшее,Женат/Замужем,58,6000
2502,29,15000,Аспирантура,Женат/Замужем,86,5000
2503,59,67795,Среднее специальное,Холост/Не замужем,50,48000
2504,37,15000,Высшее,Женат/Замужем,52,10000
2505,70,51872,Среднее,Холост/Не замужем,70,20000
2506,67,63498,Магистратура,Разведён/Разведена,68,29000
2507,41,37578,Среднее,Женат/Замужем,63,29000
2508,60,61382,Высшее,Вдовец/Вдова,58,36000
2509,51,73093,Среднее,Холост/Не замужем,23,51000
2510,42,52777,Высшее,Холост/Не замужем,44,22000
2511,67,56610,Магистратура,Разведён/Разведена,109,22000
2512,46,72716,Высшее,Женат/Замужем,83,50000
2513,74,53367,Высшее,Женат/Замужем,118,34000
2514,56,63728,Высшее,Разведён/Разведена,109,40000
2515,48,30898,Высшее,Женат/Замужем,95,17000
2516,73,77784,Магистратура,Холост/Не замужем,44,45000
2517,64,62020,Среднее специальное,Разведён/Разведена,52,41000
2518,60,79833,Высшее,Холост/Не замужем,67,34000
2519,67,80010,Среднее специальное,Разведён/Разведена,28,38000
2520,40,38792,Среднее специальное,Холост/Не замужем,67,28000
2521,61,52715,Высшее,Женат/Замужем,78,23000
2522,55,54873,Высшее,Холост/Не замужем,18,31000
2523,37,73333,Высшее,Женат/Замужем,27,47000
2524,40,71886,Высшее,Холост/Не замужем,51,57000
2525,62,50675,Среднее специальное,Разведён/Разведена,60,26000
2526,69,82803,Среднее,Женат/Замужем,74,42000
2527,33,16028,Магистратура,Холост/Не замужем,49,11000
2528,67,62489,Магистратура,Женат/Замужем,15,43000
2529,59,48886,Среднее,Женат/Замужем,83,32000
2530,72,89239,Высшее,Холост/Не замужем,73,47000
2531,25,16239,Высшее,Холост/Не замужем,68,7000
2532,67,75640,Магистратура,Женат/Замужем,15,45000
2533,38,46010,Магистратура,Холост/Не замужем,51,33000
2534,18,27368,Магистратура,Холост/Не замужем,48,20000
2535,72,98273,Магистратура,Холост/Не замужем,72,34000
2536,25,61995,Среднее специальное,Женат/Замужем,113,31000
2537,46,50234,Магистратура,Женат/Замужем,117,26000
2538,49,49611,Высшее,Холост/Не замужем,1,39000
2539,55,36996,Среднее,Вдовец/Вдова,7,23000
2540,22,33136,Высшее,Разведён/Разведена,53,16000
2541,64,96099,Магистратура,Холост/Не замужем,31,30000
2542,39,44868,Магистратура,Холост/Не замужем,18,26000
2543,64,77731,Среднее специальное,Разведён/Разведена,12,27000
2544,51,35437,Высшее,Женат/Замужем,48,25000
2545,18,23478,Магистратура,Холост/Не замужем,30,15000
2546,72,80136,Среднее специальное,Женат/Замужем,97,42000
2547,72,74787,Высшее,Женат/Замужем,111,38000
2548,43,62370,Высшее,Холост/Не замужем,7,46000
2549,60,54559,Высшее,Женат/Замужем,92,24000
2550,27,15000,Среднее специальное,Женат/Замужем,113,6000
2551,47,70031,Высшее,Женат/Замужем,3,53000
2552,67,55157,Магистратура,Разведён/Разведена,107,38000
2553,35,51199,Высшее,Холост/Не замужем,63,36000
2554,34,49562,Магистратура,Женат/Замужем,6,19000
2555,43,25043,Высшее,Женат/Замужем,95,9000
2556,25,51336,Среднее специальное,Женат/Замужем,102,16000
2557,64,58301,Высшее,Холост/Не замужем,15,24000
2558,57,62025,Высшее,Женат/Замужем,71,42000
2559,66,63027,Магистратура,Холост/Не замужем,43,26000
2560,29,63138,Среднее специальное,Холост/Не замужем,94,41000
2561,44,70952,Высшее,Холост/Не замужем,91,30000
2562,25,15000,Высшее,Женат/Замужем,81,7000
2563,42,83082,Магистратура,Холост/Не замужем,119,65000
2564,63,55825,Среднее специальное,Женат/Замужем,18,23000
2565,21,63936,Среднее,Холост/Не замужем,22,31000
2566,50,51756,Среднее специальное,Холост/Не замужем,61,23000
2567,18,24886,Магистратура,Холост/Не замужем,120,8000
2568,36,40690,Среднее специальное,Холост/Не замужем,61,22000
2569,48,47988,Среднее специальное,Женат/Замужем,53,23000
2570,33,79865,Среднее специальное,Женат/Замужем,26,51000
2571,31,39254,Высшее,Вдовец/Вдова,115,27000
2572,70,67065,Среднее,Вдовец/Вдова,91,38000
2573,65,68755,Высшее,Женат/Замужем,40,21000
2574,22,18689,Среднее специальное,Женат/Замужем,88,11000
2575,58,85956,Высшее,Холост/Не замужем,116,28000
2576,43,27933,Высшее,Женат/Замужем,8,16000
2577,45,42389,Высшее,Женат/Замужем,21,27000
2578,19,44849,Магистратура,Холост/Не замужем,93,17000
2579,67,69835,Аспирантура,Холост/Не замужем,43,49000
2580,23,42238,Высшее,Холост/Не замужем,21,31000
2581,26,59397,Магистратура,Женат/Замужем,3,41000
2582,50,70657,Высшее,Женат/Замужем,31,31000
2583,58,64062,Магистратура,Женат/Замужем,119,38000
2584,42,80540,Высшее,Женат/Замужем,27,61000
2585,65,58174,Высшее,Женат/Замужем,110,26000
2586,30,38095,Высшее,Женат/Замужем,27,27000
2587,26,35943,Магистратура,Холост/Не замужем,73,10000
2588,70,70063,Среднее специальное,Женат/Замужем,57,21000
2589,30,23561,Среднее специальное,Женат/Замужем,97,16000
2590,48,30245,Высшее,Женат/Замужем,33,20000
2591,58,68258,Среднее специальное,Женат/Замужем,90,47000
2592,28,28497,Высшее,Женат/Замужем,92,21000
2593,21,61017,Среднее специальное,Холост/Не замужем,44,21000
2594,51,55311,Высшее,Женат/Замужем,43,23000
2595,55,55827,Магистратура,Вдовец/Вдова,31,41000
2596,63,82415,Высшее,Женат/Замужем,117,32000
2597,21,38432,Высшее,Холост/Не замужем,65,24000
2598,55,56967,Среднее специальное,Холост/Не замужем,84,32000
2599,36,34789,Среднее специальное,Вдовец/Вдова,76,11000
2600,23,88865,Магистратура,Холост/Не замужем,17,39000
2601,51,61826,Магистратура,Холост/Не замужем,15,34000
2602,35,59866,Высшее,Женат/Замужем,34,43000
2603,30,24255,Аспирантура,Вдовец/Вдова,114,15000
2604,58,53330,Магистратура,Холост/Не замужем,80,32000
2605,40,79285,Аспирантура,Женат/Замужем,4,43000
2606,36,65353,Высшее,Женат/Замужем,72,29000
2607,62,72064,Среднее специальное,Холост/Не замужем,98,25000
2608,28,32276,Высшее,Разведён/Разведена,110,16000
2609,18,26489,Высшее,Женат/Замужем,89,8000
2610,41,38258,Среднее специальное,Женат/Замужем,79,15000
2611,71,55047,Магистратура,Разведён/Разведена,28,28000
2612,24,48657,Среднее,Вдовец/Вдова,73,24000
2613,42,57282,Высшее,Женат/Замужем,2,18000
2614,38,57041,Высшее,Холост/Не замужем,17,33000
2615,32,36146,Высшее,Разведён/Разведена,58,20000
2616,18,33834,Высшее,Женат/Замужем,74,11000
2617,29,32319,Магистратура,Разведён/Разведена,9,24000
2618,24,23890,Высшее,Разведён/Разведена,31,8000
2619,32,66205,Магистратура,Холост/Не замужем,66,48000
2620,38,47822,Аспирантура,Вдовец/Вдова,88,14000
2621,36,52011,Высшее,Женат/Замужем,62,38000
2622,46,64936,Аспирантура,Женат/Замужем,19,20000
2623,42,51210,Среднее,Холост/Не замужем,81,34000
2624,50,59209,Высшее,Разведён/Разведена,107,28000
2625,66,52100,Среднее специальное,Женат/Замужем,113,34000
2626,49,41358,Среднее специальное,Женат/Замужем,74,20000
2627,66,54182,Магистратура,Разведён/Разведена,114,18000
2628,52,66281,Среднее,Женат/Замужем,55,45000
2629,61,65463,Высшее,Женат/Замужем,28,21000
2630,55,46159,Высшее,Разведён/Разведена,102,35000
2631,43,58701,Высшее,Женат/Замужем,112,19000
2632,28,46151,Высшее,Разведён/Разведена,92,24000
2633,52,46775,Магистратура,Разведён/Разведена,114,30000
2634,25,35182,Среднее специальное,Женат/Замужем,116,17000
2635,63,74207,Высшее,Женат/Замужем,50,30000
2636,31,27524,Высшее,Холост/Не замужем,65,18000
2637,27,45693,Высшее,Женат/Замужем,3,31000
2638,19,35315,Высшее,Женат/Замужем,79,26000
2639,63,51012,Магистратура,Женат/Замужем,52,24000
2640,26,39696,Высшее,Холост/Не замужем,10,21000
2641,20,37084,Высшее,Холост/Не замужем,21,17000
2642,38,36609,Среднее,Холост/Не замужем,37,15000
2643,43,41790,Высшее,Холост/Не замужем,15,28000
2644,25,20473,Высшее,Женат/Замужем,87,9000
2645,65,60865,Среднее специальное,Холост/Не замужем,78,31000
2646,19,30618,Высшее,Холост/Не замужем,79,15000
2647,23,25832,Магистратура,Холост/Не замужем,74,16000
2648,45,29326,Высшее,Женат/Замужем,120,22000
2649,70,61271,Среднее специальное,Разведён/Разведена,9,38000
2650,46,46140,Высшее,Холост/Не замужем,44,24000
2651,43,62252,Среднее специальное,Женат/Замужем,39,42000
2652,42,58121,Магистратура,Женат/Замужем,5,36000
2653,29,51343,Среднее специальное,Холост/Не замужем,25,16000
2654,22,22114,Высшее,Женат/Замужем,56,7000
2655,51,58523,Высшее,Холост/Не замужем,106,18000
2656,65,31254,Магистратура,Женат/Замужем,90,16000
2657,54,65233,Среднее специальное,Холост/Не замужем,64,46000
2658,32,50363,Высшее,Вдовец/Вдова,72,22000
2659,61,59125,Высшее,Холост/Не замужем,86,29000
2660,53,62431,Высшее,Женат/Замужем,52,47000
2661,32,18476,Высшее,Разведён/Разведена,89,13000
2662,60,51583,Высшее,Холост/Не замужем,112,32000
2663,65,79081,Магистратура,Женат/Замужем,76,34000
2664,40,55268,Среднее,Женат/Замужем,9,19000
2665,23,27822,Среднее,Женат/Замужем,10,8000
2666,63,78170,Магистратура,Холост/Не замужем,112,27000
2667,67,71274,Среднее специальное,Холост/Не замужем,10,31000
2668,61,56836,Аспирантура,Женат/Замужем,73,32000
2669,60,60857,Высшее,Женат/Замужем,62,20000
2670,62,58368,Высшее,Женат/Замужем,90,21000
2671,38,28243,Среднее специальное,Холост/Не замужем,99,11000
2672,40,66450,Среднее специальное,Холост/Не замужем,91,40000
2673,60,55079,Высшее,Женат/Замужем,60,33000
2674,72,60714,Магистратура,Женат/Замужем,95,34000
2675,33,19059,Аспирантура,Женат/Замужем,19,8000
2676,64,27260,Среднее специальное,Холост/Не замужем,107,13000
2677,70,82122,Среднее специальное,Холост/Не замужем,38,28000
2678,32,53104,Среднее,Холост/Не замужем,6,21000
2679,42,67095,Магистратура,Холост/Не замужем,15,50000
2680,53,55764,Среднее специальное,Холост/Не замужем,93,44000
2681,28,33170,Среднее,Женат/Замужем,47,20000
2682,68,62384,Среднее специальное,Женат/Замужем,45,47000
2683,32,34951,Высшее,Женат/Замужем,118,21000
2684,21,49196,Аспирантура,Холост/Не замужем,5,15000
2685,38,45602,Высшее,Холост/Не замужем,78,36000
2686,30,45271,Среднее специальное,Женат/Замужем,53,15000
2687,39,40169,Высшее,Разведён/Разведена,66,25000
2688,36,64212,Высшее,Женат/Замужем,62,27000
2689,51,27828,Среднее,Женат/Замужем,23,13000
2690,31,22092,Среднее специальное,Разведён/Разведена,44,13000
2691,21,38095,Высшее,Женат/Замужем,52,19000
2692,65,93859,Среднее специальное,Холост/Не замужем,46,39000
2693,70,68223,Среднее специальное,Женат/Замужем,19,31000
2694,69,58164,Высшее,Холост/Не замужем,88,27000
2695,63,81009,Магистратура,Женат/Замужем,84,63000
2696,44,55655,Высшее,Женат/Замужем,47,38000
2697,46,71753,Высшее,Женат/Замужем,91,37000
2698,64,47444,Высшее,Холост/Не замужем,52,18000
2699,45,69775,Высшее,Женат/Замужем,24,49000
2700,52,33973,Среднее,Женат/Замужем,17,12000
2701,25,31277,Магистратура,Разведён/Разведена,89,12000
2702,33,48191,Среднее специальное,Женат/Замужем,46,23000
2703,59,65590,Высшее,Вдовец/Вдова,64,48000
2704,53,73908,Магистратура,Холост/Не замужем,119,27000
2705,47,25800,Высшее,Женат/Замужем,95,9000
2706,35,45715,Магистратура,Холост/Не замужем,28,25000
2707,19,48794,Высшее,Холост/Не замужем,50,21000
2708,66,69289,Магистратура,Разведён/Разведена,64,40000
2709,30,22464,Магистратура,Вдовец/Вдова,28,11000
2710,21,47512,Аспирантура,Холост/Не замужем,86,24000
2711,43,40275,Магистратура,Холост/Не замужем,56,14000
2712,42,36835,Магистратура,Холост/Не замужем,59,13000
2713,47,38947,Высшее,Разведён/Разведена,5,27000
2714,28,35019,Высшее,Холост/Не замужем,54,26000
2715,24,37545,Среднее специальное,Холост/Не замужем,44,15000
2716,48,34963,Высшее,Холост/Не замужем,42,12000
2717,61,48445,Аспирантура,Женат/Замужем,72,15000
2718,27,26782,Высшее,Разведён/Разведена,102,16000
2719,56,46075,Магистратура,Холост/Не замужем,92,30000
2720,30,40151,Магистратура,Женат/Замужем,57,19000
2721,48,59418,Среднее специальное,Холост/Не замужем,47,38000
2722,24,38158,Среднее специальное,Женат/Замужем,76,25000
2723,73,77379,Высшее,Женат/Замужем,25,59000
2724,66,93464,Среднее специальное,Холост/Не замужем,102,31000
2725,59,69155,Высшее,Холост/Не замужем,44,27000
2726,59,74559,Аспирантура,Разведён/Разведена,15,24000
2727,73,67780,Магистратура,Холост/Не замужем,108,49000
2728,53,72160,Высшее,Женат/Замужем,105,50000
2729,37,38264,Среднее,Женат/Замужем,51,22000
2730,21,38571,Высшее,Холост/Не замужем,53,13000
2731,71,51829,Высшее,Женат/Замужем,34,22000
2732,24,37293,Высшее,Разведён/Разведена,109,16000
2733,71,57769,Среднее специальное,Женат/Замужем,77,33000
2734,18,44040,Высшее,Холост/Не замужем,8,18000
2735,61,77538,Среднее специальное,Женат/Замужем,77,26000
2736,73,67000,Магистратура,Женат/Замужем,100,44000
2737,62,95943,Среднее специальное,Женат/Замужем,70,43000
2738,59,58511,Среднее,Женат/Замужем,102,30000
2739,64,42619,Среднее,Холост/Не замужем,96,15000
2740,30,27913,Высшее,Женат/Замужем,21,19000
2741,72,57537,Высшее,Женат/Замужем,108,33000
2742,39,52494,Высшее,Холост/Не замужем,108,39000
2743,71,53869,Высшее,Женат/Замужем,113,29000
2744,38,37911,Высшее,Холост/Не замужем,7,29000
2745,39,51518,Высшее,Холост/Не замужем,90,38000
2746,45,53679,Высшее,Вдовец/Вдова,79,31000
2747,26,36210,Среднее,Холост/Не замужем,56,27000
2748,43,51890,Высшее,Холост/Не замужем,49,23000
2749,26,30842,Магистратура,Женат/Замужем,42,14000
2750,32,17143,Магистратура,Вдовец/Вдова,23,5000
2751,27,31247,Высшее,Вдовец/Вдова,52,18000
2752,41,55431,Среднее специальное,Женат/Замужем,102,36000
2753,74,72745,Среднее специальное,Холост/Не замужем,105,49000
2754,59,68672,Аспирантура,Разведён/Разведена,79,25000
2755,25,26798,Среднее специальное,Женат/Замужем,112,13000
2756,41,63315,Среднее специальное,Женат/Замужем,53,24000
2757,33,15000,Среднее специальное,Разведён/Разведена,104,9000
2758,66,70521,Высшее,Женат/Замужем,16,26000
2759,43,70233,Среднее специальное,Холост/Не замужем,96,52000
2760,44,73265,Высшее,Разведён/Разведена,37,30000
2761,54,55322,Высшее,Женат/Замужем,18,24000
2762,21,15000,Магистратура,Холост/Не замужем,20,10000
2763,67,89697,Среднее,Холост/Не замужем,46,47000
2764,41,47622,Высшее,Женат/Замужем,2,14000
2765,36,42015,Высшее,Холост/Не замужем,119,22000
2766,53,44607,Высшее,Холост/Не замужем,87,15000
2767,56,41651,Высшее,Женат/Замужем,94,33000
2768,27,45657,Магистратура,Разведён/Разведена,63,27000
2769,42,59248,Среднее,Женат/Замужем,3,25000
2770,35,46623,Магистратура,Женат/Замужем,46,27000
2771,36,32939,Высшее,Женат/Замужем,103,11000
2772,53,42025,Среднее специальное,Женат/Замужем,111,29000
2773,27,15716,Магистратура,Холост/Не замужем,49,11000
2774,50,47191,Высшее,Разведён/Разведена,1,34000
2775,72,58112,Среднее специальное,Женат/Замужем,105,27000
2776,67,43560,Среднее,Холост/Не замужем,22,20000
2777,22,42970,Среднее специальное,Холост/Не замужем,93,13000
2778,64,47014,Высшее,Женат/Замужем,14,29000
2779,66,83158,Среднее специальное,Холост/Не замужем,112,47000
2780,52,63111,Среднее специальное,Холост/Не замужем,92,33000
2781,61,68815,Среднее,Женат/Замужем,85,51000
2782,51,81379,Высшее,Разведён/Разведена,45,31000
2783,50,36312,Магистратура,Женат/Замужем,96,11000
2784,72,86306,Магистратура,Холост/Не замужем,6,29000
2785,38,41535,Среднее специальное,Холост/Не замужем,118,17000
2786,34,81366,Магистратура,Женат/Замужем,65,25000
2787,39,41088,Высшее,Холост/Не замужем,21,22000
2788,65,59465,Магистратура,Женат/Замужем,4,27000
2789,54,65183,Высшее,Холост/Не замужем,3,25000
2790,32,38066,Высшее,Разведён/Разведена,113,25000
2791,52,45823,Магистратура,Женат/Замужем,30,18000
2792,45,37045,Среднее,Холост/Не замужем,31,23000
2793,24,56673,Высшее,Разведён/Разведена,34,26000
2794,49,37348,Магистратура,Холост/Не замужем,83,20000
2795,28,41346,Магистратура,Холост/Не замужем,20,31000
2796,27,53042,Аспирантура,Разведён/Разведена,87,16000
2797,26,52967,Высшее,Холост/Не замужем,54,29000
2798,31,31375,Среднее специальное,Женат/Замужем,104,22000
2799,30,36507,Среднее,Холост/Не замужем,25,21000
2800,74,68797,Высшее,Холост/Не замужем,15,30000
2801,42,26174,Высшее,Холост/Не замужем,38,13000
2802,19,38862,Среднее специальное,Женат/Замужем,23,24000
2803,52,57777,Среднее специальное,Женат/Замужем,52,43000
2804,24,56408,Высшее,Холост/Не замужем,66,18000
2805,38,33651,Магистратура,Холост/Не замужем,57,11000
2806,35,59930,Аспирантура,Разведён/Разведена,57,27000
2807,20,48988,Магистратура,Вдовец/Вдова,79,20000
2808,59,63506,Магистратура,Женат/Замужем,52,27000
2809,71,39837,Высшее,Разведён/Разведена,108,16000
2810,56,52711,Аспирантура,Женат/Замужем,35,20000
2811,58,88788,Высшее,Холост/Не замужем,74,32000
2812,66,72855,Магистратура,Холост/Не замужем,14,55000
2813,28,48400,Магистратура,Холост/Не замужем,91,18000
2814,56,59062,Магистратура,Разведён/Разведена,118,23000
2815,41,45048,Высшее,Женат/Замужем,14,19000
2816,63,37989,Среднее,Женат/Замужем,99,29000
2817,36,56321,Среднее специальное,Холост/Не замужем,33,38000
2818,21,48595,Среднее,Женат/Замужем,52,33000
2819,43,35737,Среднее специальное,Женат/Замужем,1,12000
2820,55,56917,Среднее специальное,Разведён/Разведена,34,40000
2821,59,58093,Высшее,Холост/Не замужем,19,29000
2822,49,61102,Высшее,Женат/Замужем,24,26000
2823,56,52234,Высшее,Холост/Не замужем,106,30000
2824,62,79170,Среднее специальное,Женат/Замужем,4,56000
2825,63,67069,Высшее,Женат/Замужем,36,46000
2826,53,19758,Высшее,Холост/Не замужем,77,14000
2827,57,67840,Высшее,Женат/Замужем,58,51000
2828,54,73745,Магистратура,Холост/Не замужем,32,30000
2829,50,38319,Среднее специальное,Разведён/Разведена,9,19000
2830,53,64130,Среднее специальное,Холост/Не замужем,103,19000
2831,20,59049,Высшее,Женат/Замужем,80,43000
2832,26,38080,Среднее специальное,Разведён/Разведена,114,14000
2833,25,52724,Высшее,Холост/Не замужем,67,38000
2834,50,48967,Высшее,Женат/Замужем,116,22000
2835,23,33730,Среднее специальное,Женат/Замужем,20,16000
2836,58,58930,Среднее специальное,Холост/Не замужем,74,18000
2837,56,54593,Высшее,Женат/Замужем,120,25000
2838,21,30184,Высшее,Женат/Замужем,62,22000
2839,30,15139,Высшее,Разведён/Разведена,58,5000
2840,66,63436,Среднее специальное,Разведён/Разведена,22,31000
2841,19,50867,Среднее специальное,Женат/Замужем,112,16000
2842,22,18744,Среднее,Женат/Замужем,67,9000
2843,61,48408,Среднее,Разведён/Разведена,75,18000
2844,44,51718,Магистратура,Женат/Замужем,89,22000
2845,49,56467,Среднее,Холост/Не замужем,106,41000
2846,38,51661,Высшее,Женат/Замужем,48,26000
2847,25,33893,Магистратура,Разведён/Разведена,8,14000
2848,55,60677,Среднее,Женат/Замужем,73,36000
2849,25,30336,Высшее,Женат/Замужем,15,11000
2850,67,50063,Аспирантура,Холост/Не замужем,32,21000
2851,20,30529,Магистратура,Вдовец/Вдова,53,17000
2852,71,83268,Высшее,Женат/Замужем,67,34000
2853,61,72125,Магистратура,Женат/Замужем,4,46000
2854,20,15000,Магистратура,Холост/Не замужем,30,8000
2855,39,50578,Высшее,Холост/Не замужем,13,34000
2856,23,20608,Магистратура,Женат/Замужем,108,15000
2857,19,51682,Высшее,Вдовец/Вдова,21,18000
2858,40,52494,Высшее,Холост/Не замужем,41,24000
2859,61,77844,Аспирантура,Холост/Не замужем,110,35000
2860,19,31117,Магистратура,Женат/Замужем,19,11000
2861,55,58609,Высшее,Холост/Не замужем,103,41000
2862,34,65237,Среднее,Холост/Не замужем,48,44000
2863,52,71791,Высшее,Женат/Замужем,86,38000
2864,51,58167,Высшее,Разведён/Разведена,63,33000
2865,40,44605,Высшее,Холост/Не замужем,20,14000
2866,47,27592,Аспирантура,Женат/Замужем,64,15000
2867,69,75668,Магистратура,Холост/Не замужем,37,52000
2868,25,33708,Высшее,Холост/Не замужем,31,19000
2869,39,55109,Среднее,Холост/Не замужем,74,23000
2870,61,77267,Высшее,Женат/Замужем,18,48000
2871,53,76493,Высшее,Холост/Не замужем,107,36000
2872,22,38254,Высшее,Женат/Замужем,103,21000
2873,30,23904,Высшее,Холост/Не замужем,110,12000
2874,46,20160,Высшее,Холост/Не замужем,20,9000
2875,48,41629,Среднее специальное,Холост/Не замужем,82,27000
2876,64,86802,Среднее специальное,Разведён/Разведена,11,64000
2877,74,102152,Высшее,Женат/Замужем,86,30000
2878,72,69631,Среднее специальное,Разведён/Разведена,44,53000
2879,33,20085,Высшее,Женат/Замужем,82,11000
2880,59,53073,Высшее,Холост/Не замужем,64,34000
2881,47,70267,Высшее,Женат/Замужем,34,51000
2882,74,65934,Среднее,Холост/Не замужем,87,35000
2883,72,82036,Магистратура,Женат/Замужем,65,58000
2884,33,44528,Высшее,Холост/Не замужем,55,17000
2885,29,49450,Высшее,Холост/Не замужем,74,18000
2886,34,70070,Высшее,Женат/Замужем,117,44000
2887,33,50846,Среднее специальное,Женат/Замужем,1,37000
2888,29,41003,Высшее,Вдовец/Вдова,38,30000
2889,25,64525,Аспирантура,Женат/Замужем,103,40000
2890,37,50443,Магистратура,Женат/Замужем,113,28000
2891,20,19705,Аспирантура,Холост/Не замужем,9,9000
2892,33,52311,Высшее,Вдовец/Вдова,95,41000
2893,47,59911,Среднее специальное,Женат/Замужем,71,27000
2894,62,60581,Среднее,Женат/Замужем,17,40000
2895,40,39836,Высшее,Холост/Не замужем,99,22000
2896,45,47126,Высшее,Женат/Замужем,112,28000
2897,68,62021,Среднее специальное,Холост/Не замужем,101,30000
2898,57,57213,Магистратура,Женат/Замужем,52,44000
2899,71,59758,Высшее,Разведён/Разведена,18,35000
2900,22,38992,Высшее,Вдовец/Вдова,63,29000
2901,37,49868,Магистратура,Женат/Замужем,33,15000
2902,57,66378,Магистратура,Разведён/Разведена,4,38000
2903,73,73064,Высшее,Холост/Не замужем,87,48000
2904,61,61735,Магистратура,Разведён/Разведена,75,41000
2905,18,51630,Магистратура,Женат/Замужем,52,38000
2906,74,75811,Высшее,Женат/Замужем,9,22000
2907,47,72156,Среднее,Разведён/Разведена,64,21000
2908,38,31053,Среднее,Разведён/Разведена,30,16000
2909,37,54037,Высшее,Холост/Не замужем,8,17000
2910,23,22979,Высшее,Женат/Замужем,104,18000
2911,39,38457,Аспирантура,Холост/Не замужем,5,15000
2912,35,37421,Магистратура,Разведён/Разведена,76,20000
2913,25,28481,Магистратура,Женат/Замужем,63,9000
2914,56,53355,Аспирантура,Холост/Не замужем,1,29000
2915,49,73059,Магистратура,Женат/Замужем,15,35000
2916,50,56281,Высшее,Женат/Замужем,89,18000
2917,70,74975,Среднее специальное,Женат/Замужем,82,35000
2918,33,35142,Высшее,Холост/Не замужем,38,17000
2919,29,51654,Высшее,Холост/Не замужем,42,41000
2920,55,64925,Высшее,Женат/Замужем,46,26000
2921,69,66166,Высшее,Холост/Не замужем,53,37000
2922,51,32635,Магистратура,Женат/Замужем,26,25000
2923,31,43644,Высшее,Женат/Замужем,61,30000
2924,53,66635,Магистратура,Холост/Не замужем,104,53000
2925,50,40917,Среднее специальное,Женат/Замужем,67,32000
2926,40,43169,Высшее,Женат/Замужем,54,23000
2927,67,77257,Среднее,Женат/Замужем,22,50000
2928,62,41636,Магистратура,Женат/Замужем,26,14000
2929,19,21067,Среднее,Женат/Замужем,83,10000
2930,58,67653,Высшее,Холост/Не замужем,108,47000
2931,38,62575,Среднее,Разведён/Разведена,108,34000
2932,19,63586,Среднее специальное,Холост/Не замужем,111,41000
2933,44,80179,Высшее,Вдовец/Вдова,60,53000
2934,74,76956,Высшее,Женат/Замужем,39,32000
2935,26,29136,Среднее специальное,Разведён/Разведена,36,21000
2936,18,43846,Высшее,Женат/Замужем,21,23000
2937,28,29846,Высшее,Холост/Не замужем,41,12000
2938,20,20168,Высшее,Разведён/Разведена,118,14000
2939,69,66221,Среднее,Холост/Не замужем,48,33000
2940,40,41139,Высшее,Холост/Не замужем,26,27000
2941,43,56189,Среднее,Холост/Не замужем,63,32000
2942,21,23363,Высшее,Вдовец/Вдова,77,11000
2943,35,44876,Среднее специальное,Женат/Замужем,36,31000
2944,72,97124,Высшее,Женат/Замужем,24,57000
2945,23,35832,Среднее специальное,Женат/Замужем,105,17000
2946,52,79951,Аспирантура,Женат/Замужем,90,28000
2947,39,64830,Высшее,Женат/Замужем,21,48000
2948,60,72480,Среднее специальное,Женат/Замужем,18,23000
2949,32,35887,Среднее специальное,Разведён/Разведена,15,26000
2950,39,62407,Магистратура,Холост/Не замужем,79,29000
2951,54,55050,Высшее,Холост/Не замужем,6,34000
2952,69,70769,Высшее,Женат/Замужем,43,53000
2953,59,67752,Магистратура,Женат/Замужем,31,25000
2954,29,38719,Магистратура,Женат/Замужем,28,22000
2955,64,55995,Высшее,Женат/Замужем,8,38000
2956,66,45493,Среднее специальное,Холост/Не замужем,29,30000
2957,59,77186,Магистратура,Женат/Замужем,21,43000
2958,55,68155,Среднее специальное,Женат/Замужем,81,41000
2959,35,17790,Высшее,Холост/Не замужем,120,12000
2960,62,53998,Высшее,Женат/Замужем,113,38000
2961,52,59885,Магистратура,Холост/Не замужем,88,40000
2962,47,59838,Высшее,Женат/Замужем,58,28000
2963,41,25623,Высшее,Холост/Не замужем,60,20000
2964,59,61461,Аспирантура,Разведён/Разведена,50,31000
2965,47,61294,Среднее специальное,Женат/Замужем,100,19000
2966,31,35127,Высшее,Холост/Не замужем,31,16000
2967,23,37837,Высшее,Женат/Замужем,47,13000
2968,20,24286,Аспирантура,Разведён/Разведена,34,8000
2969,33,55637,Среднее,Женат/Замужем,2,24000
2970,24,22810,Среднее,Разведён/Разведена,106,7000
2971,69,53668,Среднее,Холост/Не замужем,67,34000
2972,31,40833,Среднее,Разведён/Разведена,94,13000
2973,26,15000,Магистратура,Женат/Замужем,72,6000
2974,32,15000,Высшее,Холост/Не замужем,52,5000
2975,38,62256,Высшее,Женат/Замужем,7,20000
2976,52,42436,Высшее,Вдовец/Вдова,76,18000
2977,19,15000,Магистратура,Женат/Замужем,19,8000
2978,44,38623,Среднее специальное,Женат/Замужем,90,30000
2979,19,17950,Высшее,Холост/Не замужем,92,13000
2980,52,55068,Высшее,Женат/Замужем,15,40000
2981,35,27197,Среднее специальное,Холост/Не замужем,78,10000
2982,31,47872,Высшее,Холост/Не замужем,48,20000
2983,37,54893,Высшее,Женат/Замужем,14,18000
2984,35,24475,Среднее,Разведён/Разведена,3,16000
2985,27,27928,Среднее специальное,Женат/Замужем,50,9000
2986,42,41354,Магистратура,Холост/Не замужем,93,23000
2987,19,28324,Среднее,Женат/Замужем,54,12000
2988,42,65440,Магистратура,Разведён/Разведена,6,27000
2989,71,89504,Среднее,Женат/Замужем,49,71000
2990,50,93083,Магистратура,Женат/Замужем,23,63000
2991,53,23959,Магистратура,Вдовец/Вдова,92,17000
2992,48,40135,Магистратура,Женат/Замужем,78,23000
2993,31,67610,Магистратура,Холост/Не замужем,78,49000
2994,18,15000,Среднее специальное,Холост/Не замужем,20,9000
2995,63,92868,Высшее,Вдовец/Вдова,77,71000
2996,33,44210,Высшее,Женат/Замужем,91,19000
2997,71,75161,Среднее специальное,Холост/Не замужем,60,44000
2998,63,46803,Среднее,Женат/Замужем,99,30000
2999,69,64032,Магистратура,Женат/Замужем,45,31000
3000,20,57810,Высшее,Вдовец/Вдова,61,42000
