order_id,customer_id,дата_заказа,сумма_заказа,категория,статус
O00001,C0333,2024-02-21,854.14,одежда,отменён
O00002,C0477,2024-07-27,1318.21,продукты,выполнен
O00003,C0282,2024-02-07,634.63,спорт,выполнен
O00004,C0463,2024-04-09,612.58,электроника,выполнен
O00005,C0031,2024-07-11,460.76,спорт,отменён
O00006,C0209,2024-07-09,934.14,продукты,отменён
O00007,C0131,2024-02-20,1480.7,спорт,выполнен
O00008,C0358,2024-05-20,1172.34,книги,выполнен
O00009,C0489,2024-06-16,251.03,одежда,выполнен
O00010,C0130,2024-11-06,262.02,электроника,выполнен
O00011,C0330,2024-04-18,1608.27,спорт,выполнен
O00012,C0105,2024-07-25,766.06,красота,отменён
O00013,C0285,2024-10-26,790.38,продукты,выполнен
O00014,C0236,2024-04-19,776.26,книги,выполнен
O00015,C0484,2024-07-14,2700.82,дом_и_сад,выполнен
O00016,C0309,2024-05-31,465.43,продукты,выполнен
O00017,C0168,2024-08-30,1625.07,спорт,выполнен
O00018,C0060,2024-05-07,801.82,продукты,выполнен
O00019,C0078,2024-04-14,184.86,спорт,выполнен
O00020,C0118,2024-01-10,343.82,продукты,выполнен
O00021,C0127,2024-12-21,409.27,дом_и_сад,выполнен
O00022,C0417,2024-05-27,1594.77,продукты,выполнен
O00023,C0283,2024-12-30,1775.5,электроника,выполнен
O00024,C0263,2024-12-29,882.79,дом_и_сад,отменён
O00025,C0060,2024-05-19,437.81,дом_и_сад,отменён
O00026,C0424,2024-07-08,320.93,красота,выполнен
O00027,C0355,2024-04-03,1652.53,продукты,выполнен
O00028,C0035,2024-08-16,238.02,электроника,выполнен
O00029,C0347,2024-03-03,612.1,электроника,выполнен
O00030,C0271,2024-12-05,4409.77,дом_и_сад,возврат
O00031,C0041,2024-01-25,438.86,электроника,выполнен
O00032,C0232,2024-09-24,240.48,книги,выполнен
O00033,C0245,2024-10-07,162.01,одежда,выполнен
O00034,C0091,2024-01-11,4551.46,книги,выполнен
O00035,C0469,2024-11-15,879.1,дом_и_сад,выполнен
O00036,C0417,2024-07-19,331.87,книги,возврат
O00037,C0335,2024-05-05,571.74,одежда,возврат
O00038,C0236,2024-11-01,391.36,спорт,отменён
O00039,C0208,2024-07-08,149.78,электроника,выполнен
O00040,C0326,2024-03-29,1249.49,одежда,выполнен
O00041,C0273,2024-12-20,683.38,одежда,отменён
O00042,C0034,2024-04-25,1169.1,дом_и_сад,выполнен
O00043,C0257,2024-12-17,668.64,электроника,выполнен
O00044,C0395,2024-06-25,738.78,книги,выполнен
O00045,C0233,2024-01-14,111.29,электроника,выполнен
O00046,C0031,2024-09-13,1375.1,одежда,выполнен
O00047,C0386,2024-07-27,278.48,электроника,выполнен
O00048,C0105,2024-10-07,341.84,дом_и_сад,выполнен
O00049,C0130,2024-11-23,436.03,электроника,выполнен
O00050,C0091,2024-11-20,128.13,книги,возврат
O00051,C0163,2024-04-14,417.36,спорт,выполнен
O00052,C0371,2024-05-26,394.75,красота,возврат
O00053,C0261,2024-10-05,491.63,одежда,выполнен
O00054,C0107,2024-01-09,170.55,продукты,выполнен
O00055,C0435,2024-04-27,1397.12,дом_и_сад,возврат
O00056,C0436,2024-04-03,914.56,книги,выполнен
O00057,C0428,2024-05-23,333.21,продукты,выполнен
O00058,C0122,2024-10-15,417.7,книги,выполнен
O00059,C0226,2024-01-14,1300.52,электроника,выполнен
O00060,C0491,2024-09-13,541.33,дом_и_сад,выполнен
O00061,C0378,2024-12-11,246.55,одежда,выполнен
O00062,C0016,2024-07-04,622.12,электроника,выполнен
O00063,C0034,2024-12-10,278.59,продукты,выполнен
O00064,C0236,2024-07-25,377.55,книги,выполнен
O00065,C0447,2024-12-11,638.74,красота,возврат
O00066,C0268,2024-06-20,1547.15,продукты,отменён
O00067,C0253,2024-09-26,3356.52,книги,отменён
O00068,C0054,2024-08-08,1978.5,продукты,выполнен
O00069,C0330,2024-05-31,627.98,дом_и_сад,выполнен
O00070,C0402,2024-04-20,4047.6,электроника,возврат
O00071,C0188,2024-07-01,1039.63,спорт,отменён
O00072,C0381,2024-12-04,303.76,электроника,выполнен
O00073,C0478,2024-03-12,717.4,одежда,отменён
O00074,C0107,2024-10-09,393.26,спорт,отменён
O00075,C0263,2024-03-14,245.1,книги,отменён
O00076,C0146,2024-12-20,259.98,спорт,выполнен
O00077,C0389,2024-08-02,591.23,красота,выполнен
O00078,C0293,2024-11-23,1216.05,книги,возврат
O00079,C0319,2024-01-23,1563.31,электроника,отменён
O00080,C0393,2024-03-08,245.73,продукты,выполнен
O00081,C0197,2024-12-27,521.86,спорт,возврат
O00082,C0453,2024-04-02,981.69,красота,отменён
O00083,C0267,2024-11-16,751.06,красота,выполнен
O00084,C0085,2024-11-19,1159.38,дом_и_сад,выполнен
O00085,C0343,2024-03-03,469.77,спорт,выполнен
O00086,C0389,2024-08-11,1841.49,дом_и_сад,возврат
O00087,C0155,2024-08-12,662.89,одежда,выполнен
O00088,C0423,2024-12-11,1219.48,одежда,выполнен
O00089,C0445,2024-12-02,490.48,спорт,выполнен
O00090,C0143,2024-04-12,696.95,книги,выполнен
O00091,C0489,2024-08-02,185.52,красота,выполнен
O00092,C0073,2024-07-10,340.56,одежда,возврат
O00093,C0105,2024-06-08,563.42,дом_и_сад,отменён
O00094,C0098,2024-07-25,720.57,книги,отменён
O00095,C0440,2024-09-25,5681.45,спорт,выполнен
O00096,C0330,2024-07-12,490.04,одежда,выполнен
O00097,C0081,2024-05-31,221.12,спорт,выполнен
O00098,C0222,2024-08-24,2596.68,спорт,возврат
O00099,C0312,2024-03-28,1576.67,спорт,выполнен
O00100,C0042,2024-01-11,263.69,спорт,отменён
O00101,C0436,2024-07-05,965.08,книги,возврат
O00102,C0394,2024-08-01,1297.46,электроника,возврат
O00103,C0255,2024-01-15,758.29,одежда,выполнен
O00104,C0478,2024-09-22,863.21,спорт,возврат
O00105,C0209,2024-10-23,401.09,одежда,отменён
O00106,C0489,2024-03-13,995.29,красота,выполнен
O00107,C0334,2024-02-21,448.95,одежда,отменён
O00108,C0319,2024-05-07,100.0,продукты,выполнен
O00109,C0091,2024-01-28,778.22,книги,выполнен
O00110,C0436,2024-03-05,174.03,электроника,выполнен
O00111,C0213,2024-01-17,1496.37,книги,выполнен
O00112,C0089,2024-12-16,269.17,спорт,отменён
O00113,C0006,2024-05-17,100.0,электроника,выполнен
O00114,C0282,2024-11-14,161.51,книги,возврат
O00115,C0264,2024-08-16,643.43,электроника,выполнен
O00116,C0354,2024-09-10,772.17,продукты,отменён
O00117,C0437,2024-07-28,214.84,электроника,выполнен
O00118,C0041,2024-10-20,282.05,электроника,отменён
O00119,C0358,2024-08-18,660.86,книги,выполнен
O00120,C0099,2024-08-28,1447.77,дом_и_сад,возврат
O00121,C0424,2024-03-10,252.63,электроника,отменён
O00122,C0401,2024-04-13,900.85,спорт,выполнен
O00123,C0269,2024-07-22,165.51,дом_и_сад,выполнен
O00124,C0347,2024-02-22,856.38,книги,выполнен
O00125,C0154,2024-11-25,1217.6,продукты,возврат
O00126,C0238,2024-02-23,1011.68,книги,выполнен
O00127,C0402,2024-10-02,1473.68,продукты,выполнен
O00128,C0233,2024-11-30,1397.16,дом_и_сад,возврат
O00129,C0171,2024-01-31,2914.77,красота,выполнен
O00130,C0253,2024-05-14,725.52,одежда,выполнен
O00131,C0406,2024-02-27,2921.68,электроника,выполнен
O00132,C0164,2024-04-14,312.54,одежда,выполнен
O00133,C0094,2024-09-22,564.38,электроника,выполнен
O00134,C0351,2024-01-10,606.68,одежда,выполнен
O00135,C0406,2024-09-09,288.81,дом_и_сад,выполнен
O00136,C0052,2024-10-21,100.63,продукты,выполнен
O00137,C0123,2024-06-04,1333.34,одежда,отменён
O00138,C0073,2024-06-06,316.1,одежда,выполнен
O00139,C0168,2024-02-06,482.67,электроника,выполнен
O00140,C0224,2024-04-28,2362.95,продукты,выполнен
O00141,C0365,2024-03-07,1051.18,спорт,отменён
O00142,C0326,2024-08-29,2676.24,электроника,отменён
O00143,C0313,2024-10-25,732.47,красота,выполнен
O00144,C0170,2024-07-31,1037.32,продукты,отменён
O00145,C0414,2024-11-03,548.65,красота,выполнен
O00146,C0238,2024-04-10,337.32,электроника,выполнен
O00147,C0487,2024-02-25,1034.25,дом_и_сад,выполнен
O00148,C0317,2024-11-27,469.32,спорт,отменён
O00149,C0066,2024-11-19,1113.89,книги,отменён
O00150,C0336,2024-08-26,421.42,спорт,выполнен
O00151,C0161,2024-08-18,578.07,красота,выполнен
O00152,C0340,2024-12-27,616.32,спорт,выполнен
O00153,C0035,2024-04-01,1574.31,дом_и_сад,выполнен
O00154,C0094,2024-10-05,473.67,книги,выполнен
O00155,C0420,2024-04-18,1719.16,дом_и_сад,отменён
O00156,C0120,2024-11-12,322.5,продукты,выполнен
O00157,C0412,2024-06-16,825.41,одежда,выполнен
O00158,C0144,2024-10-26,383.72,книги,отменён
O00159,C0324,2024-08-05,1623.92,продукты,выполнен
O00160,C0342,2024-08-09,345.53,спорт,выполнен
O00161,C0257,2024-06-09,374.88,электроника,выполнен
O00162,C0152,2024-01-16,243.46,продукты,выполнен
O00163,C0113,2024-10-04,722.29,дом_и_сад,выполнен
O00164,C0022,2024-02-26,1067.25,спорт,выполнен
O00165,C0151,2024-03-02,978.97,продукты,выполнен
O00166,C0330,2024-12-28,592.65,одежда,выполнен
O00167,C0463,2024-11-22,392.12,одежда,выполнен
O00168,C0429,2024-08-29,532.22,дом_и_сад,выполнен
O00169,C0376,2024-03-30,548.71,одежда,выполнен
O00170,C0388,2024-03-12,814.1,спорт,отменён
O00171,C0334,2024-11-21,770.53,спорт,отменён
O00172,C0131,2024-01-30,2675.19,красота,отменён
O00173,C0446,2024-12-24,686.57,электроника,выполнен
O00174,C0335,2024-10-14,887.71,электроника,выполнен
O00175,C0282,2024-03-26,704.27,продукты,выполнен
O00176,C0059,2024-08-21,512.15,продукты,выполнен
O00177,C0223,2024-08-22,882.94,электроника,выполнен
O00178,C0236,2024-11-08,475.07,книги,выполнен
O00179,C0426,2024-12-30,634.87,продукты,выполнен
O00180,C0273,2024-09-21,1681.46,одежда,выполнен
O00181,C0188,2024-10-13,451.11,одежда,выполнен
O00182,C0487,2024-11-22,906.76,книги,выполнен
O00183,C0056,2024-09-25,100.0,электроника,отменён
O00184,C0210,2024-07-04,573.48,электроника,возврат
O00185,C0026,2024-05-10,448.68,одежда,отменён
O00186,C0363,2024-10-17,732.31,спорт,отменён
O00187,C0455,2024-10-03,550.6,книги,выполнен
O00188,C0144,2024-11-15,744.87,одежда,выполнен
O00189,C0424,2024-12-16,491.31,электроника,выполнен
O00190,C0147,2024-06-28,906.03,одежда,выполнен
O00191,C0448,2024-10-16,168.73,спорт,выполнен
O00192,C0370,2024-06-11,727.15,одежда,выполнен
O00193,C0394,2024-09-27,314.3,книги,возврат
O00194,C0010,2024-04-05,1693.06,электроника,выполнен
O00195,C0477,2024-09-18,310.27,электроника,выполнен
O00196,C0356,2024-12-30,1474.65,электроника,выполнен
O00197,C0151,2024-12-18,659.03,книги,выполнен
O00198,C0406,2024-10-14,154.01,спорт,выполнен
O00199,C0144,2024-03-23,329.96,красота,выполнен
O00200,C0431,2024-08-12,1310.6,одежда,отменён
O00201,C0059,2024-08-10,1252.39,одежда,выполнен
O00202,C0346,2024-04-27,235.22,спорт,возврат
O00203,C0269,2024-07-10,2322.23,спорт,отменён
O00204,C0048,2024-03-19,652.2,спорт,выполнен
O00205,C0123,2024-03-18,1350.02,одежда,отменён
O00206,C0006,2024-05-26,252.28,электроника,выполнен
O00207,C0237,2024-04-16,461.85,электроника,отменён
O00208,C0151,2024-09-27,927.71,спорт,возврат
O00209,C0305,2024-08-31,517.74,продукты,выполнен
O00210,C0149,2024-03-13,100.0,книги,отменён
O00211,C0149,2024-12-22,570.99,одежда,возврат
O00212,C0363,2024-12-19,138.14,книги,отменён
O00213,C0028,2024-01-26,282.43,продукты,выполнен
O00214,C0444,2024-07-28,216.52,электроника,выполнен
O00215,C0419,2024-04-01,1645.9,красота,выполнен
O00216,C0334,2024-05-04,2115.58,продукты,возврат
O00217,C0302,2024-03-13,874.15,спорт,отменён
O00218,C0438,2024-05-02,553.32,дом_и_сад,выполнен
O00219,C0098,2024-11-04,680.39,одежда,выполнен
O00220,C0041,2024-07-02,1644.98,дом_и_сад,выполнен
O00221,C0123,2024-07-05,136.08,книги,возврат
O00222,C0392,2024-07-16,281.44,продукты,выполнен
O00223,C0022,2024-03-18,1485.09,спорт,возврат
O00224,C0297,2024-12-13,1754.29,дом_и_сад,возврат
O00225,C0499,2024-07-04,1066.12,электроника,выполнен
O00226,C0420,2024-12-09,288.31,одежда,выполнен
O00227,C0261,2024-09-09,1467.98,электроника,отменён
O00228,C0034,2024-01-13,1976.63,спорт,выполнен
O00229,C0408,2024-10-25,1181.57,книги,возврат
O00230,C0305,2024-03-16,100.0,спорт,выполнен
O00231,C0060,2024-02-20,734.86,электроника,возврат
O00232,C0047,2024-10-01,1062.3,спорт,возврат
O00233,C0447,2024-05-28,440.32,книги,выполнен
O00234,C0335,2024-08-06,772.28,одежда,выполнен
O00235,C0406,2024-05-01,441.08,книги,выполнен
O00236,C0436,2024-07-29,333.86,дом_и_сад,возврат
O00237,C0288,2024-10-06,2227.14,электроника,выполнен
O00238,C0261,2024-01-26,790.02,одежда,возврат
O00239,C0215,2024-06-21,274.57,спорт,отменён
O00240,C0155,2024-06-04,221.12,дом_и_сад,выполнен
O00241,C0217,2024-08-25,334.02,книги,возврат
O00242,C0380,2024-03-22,335.47,спорт,выполнен
O00243,C0306,2024-12-21,747.87,продукты,выполнен
O00244,C0438,2024-09-29,980.88,электроника,выполнен
O00245,C0222,2024-03-08,980.04,дом_и_сад,выполнен
O00246,C0309,2024-02-13,365.0,одежда,выполнен
O00247,C0316,2024-03-01,1389.23,дом_и_сад,отменён
O00248,C0300,2024-05-02,1776.28,электроника,выполнен
O00249,C0346,2024-12-14,540.25,электроника,возврат
O00250,C0122,2024-07-14,291.3,одежда,выполнен
O00251,C0257,2024-11-25,720.7,одежда,возврат
O00252,C0054,2024-11-18,3744.57,спорт,выполнен
O00253,C0190,2024-04-20,285.25,электроника,выполнен
O00254,C0248,2024-09-14,436.62,красота,выполнен
O00255,C0329,2024-03-29,696.42,спорт,выполнен
O00256,C0471,2024-07-16,1025.91,продукты,выполнен
O00257,C0306,2024-10-08,135.85,продукты,выполнен
O00258,C0364,2024-07-18,1890.71,спорт,выполнен
O00259,C0255,2024-04-08,1870.26,электроника,отменён
O00260,C0317,2024-01-27,473.51,красота,выполнен
O00261,C0038,2024-03-29,5798.15,спорт,выполнен
O00262,C0129,2024-05-25,1776.08,электроника,выполнен
O00263,C0180,2024-06-30,1702.0,спорт,отменён
O00264,C0238,2024-09-13,1719.94,продукты,выполнен
O00265,C0028,2024-07-07,1680.71,электроника,возврат
O00266,C0073,2024-08-27,653.58,красота,возврат
O00267,C0143,2024-12-24,603.79,электроника,возврат
O00268,C0484,2024-07-14,312.67,спорт,выполнен
O00269,C0163,2024-10-23,419.1,красота,отменён
O00270,C0243,2024-06-13,518.68,одежда,выполнен
O00271,C0104,2024-11-02,700.9,одежда,выполнен
O00272,C0310,2024-09-27,2389.02,электроника,выполнен
O00273,C0144,2024-01-08,123.72,электроника,выполнен
O00274,C0109,2024-02-07,1950.71,электроника,возврат
O00275,C0259,2024-04-23,296.04,книги,возврат
O00276,C0003,2024-12-04,611.79,книги,выполнен
O00277,C0003,2024-02-25,372.59,дом_и_сад,выполнен
O00278,C0115,2024-12-24,2931.95,одежда,выполнен
O00279,C0024,2024-05-17,445.87,книги,отменён
O00280,C0055,2024-04-11,1009.45,спорт,выполнен
O00281,C0165,2024-11-29,1052.17,одежда,выполнен
O00282,C0394,2024-06-25,262.96,продукты,выполнен
O00283,C0288,2024-06-17,615.59,электроника,отменён
O00284,C0257,2024-12-04,1743.17,красота,отменён
O00285,C0147,2024-10-12,330.77,спорт,выполнен
O00286,C0461,2024-09-17,1291.0,дом_и_сад,выполнен
O00287,C0197,2024-08-10,510.37,дом_и_сад,выполнен
O00288,C0044,2024-07-17,1687.36,спорт,выполнен
O00289,C0312,2024-07-29,2691.89,электроника,выполнен
O00290,C0060,2024-10-13,133.45,продукты,выполнен
O00291,C0167,2024-06-28,228.03,книги,выполнен
O00292,C0255,2024-09-06,468.34,электроника,возврат
O00293,C0434,2024-08-18,2148.1,красота,выполнен
O00294,C0252,2024-01-23,1018.38,продукты,выполнен
O00295,C0346,2024-02-17,245.72,одежда,возврат
O00296,C0496,2024-04-18,1144.97,спорт,выполнен
O00297,C0069,2024-10-22,320.22,книги,отменён
O00298,C0142,2024-01-06,1334.65,продукты,выполнен
O00299,C0197,2024-02-07,1023.69,спорт,возврат
O00300,C0210,2024-06-17,319.1,продукты,выполнен
O00301,C0206,2024-12-21,630.96,спорт,возврат
O00302,C0446,2024-10-09,1771.79,электроника,отменён
O00303,C0351,2024-07-21,146.4,электроника,выполнен
O00304,C0309,2024-11-20,846.31,электроника,отменён
O00305,C0153,2024-11-08,274.37,одежда,выполнен
O00306,C0404,2024-09-29,656.58,одежда,выполнен
O00307,C0473,2024-08-31,959.31,спорт,выполнен
O00308,C0402,2024-11-22,3329.36,продукты,выполнен
O00309,C0001,2024-02-16,651.29,электроника,отменён
O00310,C0320,2024-09-05,2148.28,электроника,выполнен
O00311,C0031,2024-03-19,339.54,электроника,выполнен
O00312,C0130,2024-04-19,447.64,одежда,выполнен
O00313,C0033,2024-01-13,1063.85,электроника,выполнен
O00314,C0307,2024-12-30,781.65,продукты,выполнен
O00315,C0340,2024-03-30,511.46,одежда,выполнен
O00316,C0060,2024-12-07,500.49,спорт,отменён
O00317,C0190,2024-12-13,1932.63,дом_и_сад,выполнен
O00318,C0230,2024-10-06,528.08,одежда,выполнен
O00319,C0181,2024-08-08,293.92,электроника,выполнен
O00320,C0065,2024-03-13,335.66,одежда,выполнен
O00321,C0209,2024-08-21,1136.74,электроника,отменён
O00322,C0369,2024-09-16,4044.92,электроника,выполнен
O00323,C0038,2024-04-22,437.39,дом_и_сад,выполнен
O00324,C0041,2024-02-15,3710.42,одежда,отменён
O00325,C0171,2024-09-30,659.4,красота,выполнен
O00326,C0465,2024-02-12,531.74,электроника,выполнен
O00327,C0334,2024-07-26,321.11,дом_и_сад,выполнен
O00328,C0337,2024-12-14,567.7,дом_и_сад,выполнен
O00329,C0180,2024-04-12,363.25,одежда,выполнен
O00330,C0304,2024-05-03,340.66,одежда,выполнен
O00331,C0003,2024-01-10,177.39,спорт,выполнен
O00332,C0320,2024-11-24,2732.28,книги,выполнен
O00333,C0453,2024-07-05,1558.55,продукты,выполнен
O00334,C0310,2024-01-31,826.57,электроника,возврат
O00335,C0434,2024-06-04,592.76,одежда,выполнен
O00336,C0355,2024-02-29,662.18,одежда,возврат
O00337,C0064,2024-09-05,357.26,красота,возврат
O00338,C0444,2024-09-26,268.52,дом_и_сад,выполнен
O00339,C0035,2024-08-04,1180.78,электроника,выполнен
O00340,C0267,2024-01-02,539.27,одежда,возврат
O00341,C0073,2024-01-24,863.15,электроника,выполнен
O00342,C0006,2024-07-24,175.92,книги,выполнен
O00343,C0210,2024-11-15,516.8,книги,выполнен
O00344,C0148,2024-07-17,264.36,электроника,выполнен
O00345,C0247,2024-12-21,979.7,продукты,выполнен
O00346,C0293,2024-04-23,1474.72,красота,выполнен
O00347,C0026,2024-10-06,2138.29,электроника,выполнен
O00348,C0066,2024-06-03,402.15,одежда,отменён
O00349,C0282,2024-06-13,269.8,одежда,выполнен
O00350,C0167,2024-08-09,475.86,электроника,отменён
O00351,C0357,2024-03-31,380.14,электроника,выполнен
O00352,C0330,2024-06-15,939.16,красота,возврат
O00353,C0416,2024-07-25,216.54,спорт,выполнен
O00354,C0342,2024-10-08,163.45,одежда,возврат
O00355,C0214,2024-03-05,504.13,одежда,выполнен
O00356,C0335,2024-01-04,1189.4,дом_и_сад,отменён
O00357,C0142,2024-06-05,292.37,одежда,выполнен
O00358,C0153,2024-09-05,1311.98,одежда,отменён
O00359,C0388,2024-09-13,890.93,электроника,выполнен
O00360,C0223,2024-08-22,2292.59,дом_и_сад,отменён
O00361,C0393,2024-11-01,350.09,электроника,возврат
O00362,C0402,2024-03-14,183.98,электроника,выполнен
O00363,C0423,2024-07-05,1073.67,продукты,выполнен
O00364,C0454,2024-03-02,832.06,электроника,отменён
O00365,C0215,2024-12-02,782.11,красота,выполнен
O00366,C0155,2024-06-12,287.65,спорт,выполнен
O00367,C0297,2024-02-25,1236.6,электроника,выполнен
O00368,C0182,2024-04-20,400.72,электроника,выполнен
O00369,C0306,2024-08-05,781.84,спорт,выполнен
O00370,C0347,2024-08-27,460.52,одежда,выполнен
O00371,C0341,2024-01-21,883.16,дом_и_сад,выполнен
O00372,C0182,2024-05-20,255.67,спорт,выполнен
O00373,C0092,2024-09-21,992.02,продукты,выполнен
O00374,C0215,2024-05-18,1125.6,красота,выполнен
O00375,C0073,2024-03-10,729.81,продукты,выполнен
O00376,C0437,2024-04-27,2477.78,продукты,выполнен
O00377,C0168,2024-07-16,785.03,спорт,выполнен
O00378,C0081,2024-07-23,1387.15,книги,выполнен
O00379,C0014,2024-08-01,716.18,спорт,возврат
O00380,C0325,2024-02-25,1291.45,дом_и_сад,выполнен
O00381,C0320,2024-10-13,195.07,одежда,выполнен
O00382,C0165,2024-10-19,682.91,продукты,выполнен
O00383,C0038,2024-06-23,270.01,электроника,возврат
O00384,C0206,2024-12-12,744.22,дом_и_сад,выполнен
O00385,C0154,2024-05-07,904.47,одежда,отменён
O00386,C0336,2024-11-20,1269.02,электроника,выполнен
O00387,C0309,2024-10-18,984.3,красота,выполнен
O00388,C0180,2024-10-14,508.02,одежда,выполнен
O00389,C0115,2024-08-13,363.99,электроника,возврат
O00390,C0494,2024-03-04,102.1,одежда,выполнен
O00391,C0230,2024-02-17,702.81,одежда,отменён
O00392,C0341,2024-07-20,1652.9,продукты,отменён
O00393,C0073,2024-12-02,725.39,электроника,возврат
O00394,C0246,2024-02-29,621.54,электроника,возврат
O00395,C0016,2024-09-13,745.79,одежда,выполнен
O00396,C0255,2024-03-05,487.76,одежда,выполнен
O00397,C0478,2024-08-26,777.41,электроника,выполнен
O00398,C0190,2024-10-15,481.08,продукты,отменён
O00399,C0026,2024-02-07,324.05,одежда,выполнен
O00400,C0021,2024-01-25,626.26,электроника,выполнен
O00401,C0194,2024-02-28,615.43,книги,выполнен
O00402,C0087,2024-12-22,2981.36,книги,отменён
O00403,C0014,2024-10-23,349.13,одежда,отменён
O00404,C0371,2024-06-06,585.49,электроника,выполнен
O00405,C0232,2024-02-26,541.68,спорт,выполнен
O00406,C0146,2024-02-17,464.91,спорт,возврат
O00407,C0441,2024-11-23,1002.73,красота,выполнен
O00408,C0061,2024-02-25,3985.31,одежда,выполнен
O00409,C0474,2024-03-05,514.57,спорт,выполнен
O00410,C0154,2024-09-24,1004.97,книги,возврат
O00411,C0437,2024-03-09,144.04,продукты,возврат
O00412,C0307,2024-08-03,485.5,электроника,выполнен
O00413,C0406,2024-03-29,2308.13,одежда,выполнен
O00414,C0489,2024-10-07,636.52,электроника,выполнен
O00415,C0146,2024-09-13,994.13,электроника,выполнен
O00416,C0477,2024-06-08,404.16,дом_и_сад,отменён
O00417,C0194,2024-08-21,817.33,одежда,выполнен
O00418,C0191,2024-05-10,2455.83,электроника,выполнен
O00419,C0165,2024-02-18,262.94,книги,отменён
O00420,C0269,2024-05-26,3824.69,продукты,возврат
O00421,C0081,2024-11-11,193.11,одежда,выполнен
O00422,C0278,2024-01-02,451.06,одежда,выполнен
O00423,C0269,2024-11-24,340.79,одежда,выполнен
O00424,C0374,2024-05-24,534.87,электроника,выполнен
O00425,C0410,2024-03-01,337.27,книги,выполнен
O00426,C0222,2024-09-29,317.42,электроника,выполнен
O00427,C0151,2024-02-18,257.39,спорт,выполнен
O00428,C0131,2024-11-27,1113.48,электроника,выполнен
O00429,C0104,2024-05-10,549.84,красота,выполнен
O00430,C0032,2024-02-12,446.03,спорт,возврат
O00431,C0167,2024-02-26,833.64,книги,выполнен
O00432,C0138,2024-02-19,201.2,продукты,выполнен
O00433,C0478,2024-06-26,849.88,книги,отменён
O00434,C0282,2024-10-19,617.07,книги,выполнен
O00435,C0168,2024-02-15,632.43,дом_и_сад,выполнен
O00436,C0297,2024-06-18,1007.61,электроника,выполнен
O00437,C0072,2024-09-27,2477.04,электроника,отменён
O00438,C0223,2024-12-01,861.25,электроника,выполнен
O00439,C0315,2024-05-18,566.85,электроника,выполнен
O00440,C0248,2024-09-03,258.24,дом_и_сад,возврат
O00441,C0200,2024-05-27,100.0,спорт,отменён
O00442,C0497,2024-08-17,736.79,продукты,выполнен
O00443,C0436,2024-10-06,242.81,одежда,выполнен
O00444,C0314,2024-05-04,100.0,электроника,возврат
O00445,C0287,2024-07-10,502.35,одежда,выполнен
O00446,C0313,2024-03-20,805.6,продукты,возврат
O00447,C0105,2024-04-03,1206.46,дом_и_сад,выполнен
O00448,C0197,2024-08-13,1554.64,одежда,выполнен
O00449,C0026,2024-03-05,1340.19,дом_и_сад,выполнен
O00450,C0239,2024-03-28,1369.31,продукты,отменён
O00451,C0271,2024-03-28,205.52,книги,выполнен
O00452,C0120,2024-07-19,590.12,одежда,отменён
O00453,C0478,2024-08-01,1057.72,продукты,выполнен
O00454,C0447,2024-07-22,690.28,электроника,выполнен
O00455,C0355,2024-03-29,587.5,одежда,выполнен
O00456,C0267,2024-03-01,680.26,продукты,выполнен
O00457,C0428,2024-09-27,809.51,дом_и_сад,возврат
O00458,C0068,2024-04-03,625.46,электроника,отменён
O00459,C0388,2024-11-02,337.98,одежда,выполнен
O00460,C0066,2024-01-27,170.33,спорт,выполнен
O00461,C0391,2024-08-01,564.97,продукты,возврат
O00462,C0142,2024-03-14,696.44,продукты,выполнен
O00463,C0435,2024-03-01,690.39,книги,возврат
O00464,C0468,2024-07-04,1425.58,продукты,выполнен
O00465,C0076,2024-01-31,1643.34,спорт,выполнен
O00466,C0236,2024-08-06,612.03,спорт,выполнен
O00467,C0488,2024-01-12,615.55,книги,отменён
O00468,C0243,2024-10-28,1052.06,спорт,отменён
O00469,C0425,2024-02-01,935.65,электроника,выполнен
O00470,C0299,2024-06-08,466.82,одежда,отменён
O00471,C0183,2024-08-24,1126.88,красота,выполнен
O00472,C0146,2024-08-14,591.64,электроника,выполнен
O00473,C0107,2024-06-29,601.79,спорт,выполнен
O00474,C0374,2024-11-12,940.95,книги,выполнен
O00475,C0191,2024-02-15,522.73,спорт,выполнен
O00476,C0256,2024-12-06,717.47,одежда,выполнен
O00477,C0251,2024-03-20,843.9,электроника,выполнен
O00478,C0293,2024-05-14,1278.88,одежда,выполнен
O00479,C0426,2024-09-16,1210.17,электроника,возврат
O00480,C0488,2024-11-03,823.56,красота,выполнен
O00481,C0201,2024-09-03,100.0,дом_и_сад,выполнен
O00482,C0406,2024-06-07,808.1,дом_и_сад,возврат
O00483,C0374,2024-07-21,914.44,продукты,выполнен
O00484,C0292,2024-04-21,1075.72,электроника,выполнен
O00485,C0474,2024-10-18,309.57,одежда,возврат
O00486,C0105,2024-11-05,121.79,одежда,возврат
O00487,C0055,2024-04-28,1267.67,продукты,выполнен
O00488,C0419,2024-01-17,249.73,продукты,выполнен
O00489,C0221,2024-11-26,1768.23,продукты,отменён
O00490,C0417,2024-08-14,418.67,продукты,выполнен
O00491,C0439,2024-12-26,292.44,красота,возврат
O00492,C0034,2024-04-26,879.8,одежда,выполнен
O00493,C0436,2024-02-12,1088.92,спорт,выполнен
O00494,C0224,2024-04-24,1038.22,одежда,выполнен
O00495,C0256,2024-10-09,993.55,продукты,отменён
O00496,C0315,2024-02-06,377.57,одежда,выполнен
O00497,C0460,2024-10-28,196.07,спорт,выполнен
O00498,C0011,2024-04-22,487.0,одежда,выполнен
O00499,C0241,2024-02-04,265.98,электроника,отменён
O00500,C0340,2024-05-11,940.15,книги,выполнен
O00501,C0355,2024-12-01,1338.63,электроника,возврат
O00502,C0342,2024-12-01,763.69,одежда,возврат
O00503,C0071,2024-08-15,664.64,продукты,выполнен
O00504,C0149,2024-05-26,518.87,продукты,возврат
O00505,C0173,2024-05-01,1457.21,дом_и_сад,выполнен
O00506,C0394,2024-03-21,153.8,спорт,возврат
O00507,C0144,2024-06-21,253.43,одежда,выполнен
O00508,C0112,2024-06-02,2868.05,электроника,выполнен
O00509,C0475,2024-05-29,243.72,дом_и_сад,выполнен
O00510,C0003,2024-02-27,1017.22,одежда,выполнен
O00511,C0499,2024-03-03,1199.23,книги,выполнен
O00512,C0336,2024-06-04,142.45,продукты,выполнен
O00513,C0406,2024-12-21,166.1,дом_и_сад,выполнен
O00514,C0147,2024-11-17,1829.45,красота,выполнен
O00515,C0009,2024-06-16,305.41,спорт,выполнен
O00516,C0362,2024-06-14,312.15,продукты,отменён
O00517,C0410,2024-03-25,438.47,спорт,выполнен
O00518,C0363,2024-05-16,306.01,спорт,выполнен
O00519,C0073,2024-07-07,1013.35,спорт,выполнен
O00520,C0370,2024-01-02,258.36,электроника,выполнен
O00521,C0377,2024-04-15,138.02,дом_и_сад,выполнен
O00522,C0331,2024-12-29,1677.54,электроника,выполнен
O00523,C0376,2024-03-12,268.72,электроника,выполнен
O00524,C0416,2024-05-05,364.45,спорт,возврат
O00525,C0311,2024-06-18,1291.92,электроника,отменён
O00526,C0045,2024-07-23,703.59,дом_и_сад,возврат
O00527,C0248,2024-11-08,1619.5,книги,выполнен
O00528,C0040,2024-12-02,1307.82,красота,выполнен
O00529,C0201,2024-07-13,462.78,спорт,выполнен
O00530,C0200,2024-06-06,1506.49,продукты,отменён
O00531,C0035,2024-05-20,760.68,одежда,отменён
O00532,C0168,2024-10-01,412.11,продукты,отменён
O00533,C0059,2024-01-07,839.09,электроника,выполнен
O00534,C0397,2024-02-23,233.32,одежда,выполнен
O00535,C0470,2024-04-13,1296.05,дом_и_сад,выполнен
O00536,C0038,2024-12-07,1168.29,одежда,отменён
O00537,C0473,2024-12-03,732.37,одежда,выполнен
O00538,C0263,2024-03-01,143.36,дом_и_сад,возврат
O00539,C0149,2024-03-27,1674.93,электроника,выполнен
O00540,C0040,2024-09-14,943.57,одежда,отменён
O00541,C0254,2024-06-26,653.04,электроника,выполнен
O00542,C0392,2024-08-29,575.63,дом_и_сад,отменён
O00543,C0347,2024-07-21,432.95,спорт,выполнен
O00544,C0029,2024-01-31,504.93,дом_и_сад,выполнен
O00545,C0038,2024-10-15,1230.74,одежда,возврат
O00546,C0200,2024-03-20,439.93,дом_и_сад,выполнен
O00547,C0149,2024-01-11,534.09,спорт,выполнен
O00548,C0121,2024-09-10,600.6,одежда,выполнен
O00549,C0144,2024-10-13,613.91,продукты,отменён
O00550,C0394,2024-06-24,405.76,спорт,выполнен
O00551,C0460,2024-05-05,580.47,продукты,возврат
O00552,C0200,2024-02-16,875.37,спорт,отменён
O00553,C0445,2024-07-24,322.52,электроника,выполнен
O00554,C0156,2024-04-16,582.62,спорт,выполнен
O00555,C0239,2024-10-01,3117.5,продукты,выполнен
O00556,C0119,2024-12-02,632.38,продукты,отменён
O00557,C0321,2024-05-02,315.97,продукты,выполнен
O00558,C0487,2024-05-13,287.74,книги,отменён
O00559,C0307,2024-04-16,241.74,книги,отменён
O00560,C0171,2024-10-31,2444.74,спорт,отменён
O00561,C0326,2024-11-24,1489.83,дом_и_сад,выполнен
O00562,C0066,2024-02-19,237.06,электроника,возврат
O00563,C0437,2024-12-02,789.16,дом_и_сад,отменён
O00564,C0255,2024-04-04,1772.01,продукты,выполнен
O00565,C0224,2024-09-24,643.95,одежда,выполнен
O00566,C0298,2024-01-23,448.86,электроника,выполнен
O00567,C0315,2024-02-23,3994.68,электроника,выполнен
O00568,C0038,2024-09-10,144.85,электроника,отменён
O00569,C0339,2024-08-22,5464.7,электроника,выполнен
O00570,C0123,2024-02-28,697.85,электроника,выполнен
O00571,C0351,2024-06-12,1867.48,дом_и_сад,выполнен
O00572,C0402,2024-09-15,254.55,одежда,выполнен
O00573,C0394,2024-11-09,372.24,одежда,выполнен
O00574,C0278,2024-08-03,280.35,книги,отменён
O00575,C0261,2024-07-01,613.5,электроника,выполнен
O00576,C0073,2024-02-26,850.8,книги,выполнен
O00577,C0381,2024-05-24,1561.56,спорт,выполнен
O00578,C0139,2024-03-30,169.16,одежда,отменён
O00579,C0253,2024-11-06,754.09,электроника,выполнен
O00580,C0145,2024-02-14,1360.93,электроника,возврат
O00581,C0071,2024-09-13,1580.9,одежда,выполнен
O00582,C0316,2024-01-21,467.59,электроника,выполнен
O00583,C0032,2024-01-21,472.26,одежда,выполнен
O00584,C0365,2024-02-21,617.93,электроника,выполнен
O00585,C0155,2024-12-03,771.89,спорт,отменён
O00586,C0001,2024-06-19,1885.75,электроника,выполнен
O00587,C0256,2024-03-07,252.63,дом_и_сад,отменён
O00588,C0028,2024-04-22,354.6,одежда,выполнен
O00589,C0142,2024-10-26,229.26,дом_и_сад,выполнен
O00590,C0347,2024-06-08,936.55,электроника,выполнен
O00591,C0034,2024-09-22,1605.35,дом_и_сад,выполнен
O00592,C0413,2024-11-15,213.41,одежда,отменён
O00593,C0001,2024-08-19,714.06,спорт,отменён
O00594,C0125,2024-11-20,1515.05,электроника,выполнен
O00595,C0363,2024-03-08,1245.93,продукты,выполнен
O00596,C0155,2024-01-28,1234.23,электроника,выполнен
O00597,C0052,2024-04-25,256.75,продукты,выполнен
O00598,C0174,2024-02-20,1230.96,электроника,выполнен
O00599,C0138,2024-06-29,573.21,продукты,выполнен
O00600,C0415,2024-09-16,1565.76,электроника,выполнен
O00601,C0154,2024-03-19,952.73,одежда,выполнен
O00602,C0388,2024-09-29,346.4,спорт,выполнен
O00603,C0438,2024-04-17,831.35,красота,выполнен
O00604,C0217,2024-03-14,1280.25,продукты,возврат
O00605,C0447,2024-06-23,443.59,дом_и_сад,выполнен
O00606,C0185,2024-07-02,737.33,спорт,выполнен
O00607,C0478,2024-01-23,228.31,продукты,отменён
O00608,C0046,2024-09-30,1031.97,электроника,выполнен
O00609,C0340,2024-05-08,635.87,электроника,отменён
O00610,C0252,2024-10-17,1381.98,книги,возврат
O00611,C0194,2024-11-15,1008.98,продукты,выполнен
O00612,C0317,2024-07-04,480.23,спорт,выполнен
O00613,C0346,2024-02-28,337.95,продукты,выполнен
O00614,C0001,2024-01-01,281.15,одежда,возврат
O00615,C0092,2024-05-10,443.22,продукты,отменён
O00616,C0351,2024-03-07,1352.46,спорт,выполнен
O00617,C0334,2024-10-19,163.2,электроника,выполнен
O00618,C0478,2024-10-11,290.45,продукты,отменён
O00619,C0373,2024-03-29,1322.39,продукты,возврат
O00620,C0471,2024-04-09,1925.93,красота,возврат
O00621,C0346,2024-07-07,302.92,одежда,отменён
O00622,C0149,2024-12-11,287.88,спорт,выполнен
O00623,C0054,2024-08-28,2050.27,электроника,отменён
O00624,C0384,2024-09-26,602.52,электроника,отменён
O00625,C0325,2024-08-06,325.18,книги,выполнен
O00626,C0028,2024-06-24,1534.09,дом_и_сад,выполнен
O00627,C0174,2024-12-06,995.04,одежда,возврат
O00628,C0474,2024-08-20,1199.1,продукты,выполнен
O00629,C0254,2024-05-30,339.02,электроника,выполнен
O00630,C0217,2024-10-03,897.72,дом_и_сад,выполнен
O00631,C0232,2024-08-16,1802.68,электроника,выполнен
O00632,C0112,2024-06-19,1110.58,дом_и_сад,выполнен
O00633,C0181,2024-08-10,1388.38,спорт,выполнен
O00634,C0182,2024-07-31,2043.69,одежда,выполнен
O00635,C0031,2024-10-08,936.49,книги,выполнен
O00636,C0377,2024-02-10,423.22,красота,отменён
O00637,C0209,2024-05-01,1341.69,одежда,отменён
O00638,C0402,2024-08-14,274.63,книги,выполнен
O00639,C0417,2024-10-20,556.77,дом_и_сад,выполнен
O00640,C0112,2024-03-28,1064.72,дом_и_сад,выполнен
O00641,C0331,2024-09-23,100.0,красота,отменён
O00642,C0238,2024-01-29,814.01,продукты,выполнен
O00643,C0436,2024-09-03,845.31,дом_и_сад,возврат
O00644,C0115,2024-11-11,268.07,книги,выполнен
O00645,C0336,2024-08-31,863.24,продукты,отменён
O00646,C0309,2024-03-01,774.3,продукты,возврат
O00647,C0149,2024-05-26,683.47,одежда,выполнен
O00648,C0071,2024-06-22,1722.53,дом_и_сад,возврат
O00649,C0327,2024-10-04,1343.63,дом_и_сад,выполнен
O00650,C0362,2024-11-29,1109.86,продукты,отменён
O00651,C0155,2024-05-21,293.13,продукты,выполнен
O00652,C0325,2024-02-13,655.98,электроника,выполнен
O00653,C0197,2024-05-23,1715.65,электроника,возврат
O00654,C0351,2024-12-18,560.19,продукты,возврат
O00655,C0105,2024-11-28,2306.32,продукты,отменён
O00656,C0437,2024-02-24,1136.1,дом_и_сад,отменён
O00657,C0146,2024-11-02,2611.42,спорт,выполнен
O00658,C0181,2024-12-23,283.19,красота,выполнен
O00659,C0032,2024-06-09,587.73,электроника,выполнен
O00660,C0059,2024-10-11,633.9,красота,выполнен
O00661,C0259,2024-11-20,1080.24,одежда,выполнен
O00662,C0137,2024-07-16,368.38,спорт,выполнен
O00663,C0410,2024-06-07,183.81,продукты,отменён
O00664,C0010,2024-03-20,900.15,одежда,выполнен
O00665,C0186,2024-01-31,496.12,электроника,выполнен
O00666,C0165,2024-04-21,456.43,электроника,выполнен
O00667,C0011,2024-02-15,382.13,дом_и_сад,выполнен
O00668,C0066,2024-12-18,734.44,одежда,выполнен
O00669,C0209,2024-07-23,281.04,красота,возврат
O00670,C0251,2024-02-21,569.43,одежда,выполнен
O00671,C0200,2024-05-17,342.76,красота,возврат
O00672,C0266,2024-03-14,408.57,одежда,отменён
O00673,C0304,2024-02-10,882.76,электроника,возврат
O00674,C0003,2024-03-17,1120.05,одежда,отменён
O00675,C0236,2024-07-05,520.67,книги,выполнен
O00676,C0477,2024-02-21,1442.69,продукты,выполнен
O00677,C0261,2024-03-27,305.46,электроника,возврат
O00678,C0336,2024-04-18,197.17,одежда,выполнен
O00679,C0154,2024-08-12,228.36,одежда,отменён
O00680,C0380,2024-09-04,281.37,спорт,выполнен
O00681,C0378,2024-03-09,232.68,одежда,выполнен
O00682,C0261,2024-04-29,3350.7,дом_и_сад,отменён
O00683,C0486,2024-03-07,192.45,спорт,выполнен
O00684,C0066,2024-03-01,1408.02,книги,отменён
O00685,C0010,2024-11-22,651.9,продукты,отменён
O00686,C0377,2024-07-09,796.06,одежда,выполнен
O00687,C0396,2024-07-07,322.28,красота,отменён
O00688,C0064,2024-05-30,862.95,одежда,отменён
O00689,C0137,2024-10-12,320.17,продукты,отменён
O00690,C0010,2024-04-05,1391.6,книги,выполнен
O00691,C0147,2024-11-07,1486.84,электроника,выполнен
O00692,C0378,2024-11-04,597.12,продукты,отменён
O00693,C0261,2024-09-19,629.24,электроника,выполнен
O00694,C0168,2024-04-06,940.28,электроника,возврат
O00695,C0182,2024-04-22,902.61,электроника,отменён
O00696,C0001,2024-05-04,1509.17,электроника,выполнен
O00697,C0149,2024-05-11,1475.39,продукты,выполнен
O00698,C0326,2024-04-30,649.97,книги,возврат
O00699,C0484,2024-07-15,454.06,спорт,отменён
O00700,C0417,2024-10-20,1273.21,спорт,выполнен
O00701,C0014,2024-05-01,586.97,продукты,возврат
O00702,C0441,2024-10-08,728.51,книги,выполнен
O00703,C0384,2024-09-16,1016.63,книги,выполнен
O00704,C0384,2024-02-08,1451.63,книги,выполнен
O00705,C0232,2024-02-23,819.49,книги,выполнен
O00706,C0197,2024-06-09,415.82,электроника,выполнен
O00707,C0151,2024-10-15,2800.65,спорт,выполнен
O00708,C0035,2024-07-18,2262.61,спорт,выполнен
O00709,C0120,2024-10-02,294.59,продукты,отменён
O00710,C0125,2024-01-16,320.72,продукты,отменён
O00711,C0244,2024-06-21,354.67,электроника,выполнен
O00712,C0365,2024-09-04,1311.39,электроника,отменён
O00713,C0238,2024-08-05,2887.41,книги,выполнен
O00714,C0032,2024-03-27,443.63,спорт,отменён
O00715,C0476,2024-03-22,761.59,одежда,выполнен
O00716,C0468,2024-03-02,364.28,одежда,возврат
O00717,C0386,2024-10-13,2591.92,спорт,отменён
O00718,C0494,2024-02-11,1286.73,продукты,выполнен
O00719,C0272,2024-01-12,343.88,продукты,выполнен
O00720,C0477,2024-11-16,123.73,электроника,возврат
O00721,C0040,2024-08-21,1525.49,электроника,выполнен
O00722,C0180,2024-11-24,420.74,продукты,выполнен
O00723,C0118,2024-05-10,1305.3,дом_и_сад,выполнен
O00724,C0104,2024-04-24,841.3,электроника,выполнен
O00725,C0073,2024-08-05,153.33,одежда,выполнен
O00726,C0314,2024-05-16,348.83,дом_и_сад,отменён
O00727,C0384,2024-04-15,501.04,дом_и_сад,возврат
O00728,C0293,2024-06-27,387.37,электроника,выполнен
O00729,C0076,2024-01-16,729.92,дом_и_сад,выполнен
O00730,C0398,2024-08-29,917.0,красота,возврат
O00731,C0320,2024-11-29,2783.57,книги,выполнен
O00732,C0194,2024-08-13,970.46,дом_и_сад,выполнен
O00733,C0336,2024-08-29,2192.68,дом_и_сад,выполнен
O00734,C0131,2024-05-20,454.2,одежда,возврат
O00735,C0167,2024-07-17,1689.47,спорт,отменён
O00736,C0455,2024-04-21,490.31,спорт,выполнен
O00737,C0146,2024-05-06,319.38,продукты,возврат
O00738,C0238,2024-01-21,308.76,продукты,возврат
O00739,C0437,2024-05-26,100.0,дом_и_сад,выполнен
O00740,C0347,2024-03-29,1317.2,красота,выполнен
O00741,C0034,2024-10-29,236.95,одежда,выполнен
O00742,C0076,2024-07-21,2051.89,одежда,выполнен
O00743,C0003,2024-03-25,578.61,спорт,выполнен
O00744,C0316,2024-06-15,191.73,электроника,отменён
O00745,C0224,2024-03-12,272.0,спорт,возврат
O00746,C0071,2024-10-24,774.72,электроника,выполнен
O00747,C0476,2024-01-09,147.83,продукты,выполнен
O00748,C0265,2024-10-07,1066.31,спорт,выполнен
O00749,C0123,2024-09-14,197.74,электроника,возврат
O00750,C0254,2024-10-01,368.27,одежда,выполнен
O00751,C0338,2024-08-25,779.75,одежда,выполнен
O00752,C0040,2024-01-20,966.89,одежда,выполнен
O00753,C0142,2024-08-20,1259.13,дом_и_сад,выполнен
O00754,C0396,2024-08-08,233.87,продукты,выполнен
O00755,C0236,2024-11-21,519.69,продукты,выполнен
O00756,C0273,2024-01-17,1594.63,продукты,выполнен
O00757,C0217,2024-03-29,519.79,электроника,выполнен
O00758,C0027,2024-07-14,841.7,дом_и_сад,выполнен
O00759,C0091,2024-12-15,757.45,электроника,выполнен
O00760,C0223,2024-03-24,1883.69,книги,отменён
O00761,C0112,2024-03-27,458.18,спорт,возврат
O00762,C0029,2024-11-02,218.77,продукты,выполнен
O00763,C0415,2024-12-03,306.65,дом_и_сад,возврат
O00764,C0489,2024-06-02,773.62,книги,выполнен
O00765,C0389,2024-08-15,189.5,красота,возврат
O00766,C0419,2024-09-20,430.29,спорт,выполнен
O00767,C0123,2024-08-10,706.51,электроника,выполнен
O00768,C0476,2024-04-30,360.22,книги,возврат
O00769,C0105,2024-06-21,863.92,электроника,выполнен
O00770,C0472,2024-01-04,1187.41,книги,выполнен
O00771,C0498,2024-12-07,957.12,дом_и_сад,выполнен
O00772,C0351,2024-05-07,192.87,книги,выполнен
O00773,C0488,2024-04-19,708.64,книги,выполнен
O00774,C0287,2024-12-20,754.42,электроника,отменён
O00775,C0131,2024-02-06,490.42,спорт,выполнен
O00776,C0218,2024-03-11,854.61,электроника,отменён
O00777,C0303,2024-10-15,830.43,электроника,выполнен
O00778,C0039,2024-01-31,618.5,продукты,отменён
O00779,C0314,2024-09-24,297.85,электроника,отменён
O00780,C0488,2024-01-11,651.13,дом_и_сад,выполнен
O00781,C0101,2024-12-09,2961.78,красота,выполнен
O00782,C0388,2024-11-23,485.97,спорт,выполнен
O00783,C0446,2024-02-01,1537.39,одежда,выполнен
O00784,C0468,2024-02-26,686.14,книги,отменён
O00785,C0476,2024-06-14,350.52,книги,отменён
O00786,C0261,2024-07-06,524.65,дом_и_сад,возврат
O00787,C0487,2024-12-07,656.22,спорт,отменён
O00788,C0371,2024-01-19,1123.46,книги,выполнен
O00789,C0089,2024-04-25,4465.05,электроника,выполнен
O00790,C0241,2024-07-02,694.87,красота,возврат
O00791,C0353,2024-09-26,248.47,красота,выполнен
O00792,C0125,2024-02-02,177.03,книги,выполнен
O00793,C0321,2024-01-10,474.65,одежда,выполнен
O00794,C0334,2024-03-20,269.76,книги,выполнен
O00795,C0089,2024-07-10,1039.32,продукты,выполнен
O00796,C0284,2024-11-15,1045.45,спорт,выполнен
O00797,C0378,2024-07-08,591.83,книги,выполнен
O00798,C0254,2024-03-08,1125.42,электроника,возврат
O00799,C0006,2024-12-13,700.51,одежда,отменён
O00800,C0003,2024-05-04,2963.3,книги,отменён
O00801,C0171,2024-12-01,1097.62,книги,выполнен
O00802,C0459,2024-02-28,1361.71,книги,выполнен
O00803,C0120,2024-04-06,208.83,электроника,отменён
O00804,C0318,2024-10-01,260.61,дом_и_сад,выполнен
O00805,C0116,2024-05-28,975.62,электроника,выполнен
O00806,C0156,2024-10-04,192.6,дом_и_сад,возврат
O00807,C0417,2024-09-21,403.6,одежда,выполнен
O00808,C0357,2024-01-09,1708.77,дом_и_сад,выполнен
O00809,C0048,2024-10-09,396.75,продукты,отменён
O00810,C0214,2024-09-29,252.7,красота,отменён
O00811,C0019,2024-10-27,1134.6,спорт,выполнен
O00812,C0243,2024-01-08,3494.08,спорт,выполнен
O00813,C0333,2024-07-26,348.31,одежда,отменён
O00814,C0063,2024-05-04,1770.86,дом_и_сад,возврат
O00815,C0146,2024-05-02,315.28,продукты,отменён
O00816,C0197,2024-02-02,607.91,электроника,выполнен
O00817,C0457,2024-01-01,629.35,спорт,выполнен
O00818,C0496,2024-07-22,355.82,книги,выполнен
O00819,C0027,2024-01-06,1339.85,одежда,выполнен
O00820,C0373,2024-10-23,194.07,одежда,выполнен
O00821,C0182,2024-01-05,777.46,спорт,выполнен
O00822,C0197,2024-03-20,1570.79,книги,выполнен
O00823,C0370,2024-09-30,1253.54,одежда,отменён
O00824,C0455,2024-06-25,985.33,красота,возврат
O00825,C0471,2024-12-03,2364.31,красота,отменён
O00826,C0293,2024-11-16,557.97,одежда,возврат
O00827,C0171,2024-12-04,196.41,одежда,выполнен
O00828,C0388,2024-05-15,741.12,дом_и_сад,выполнен
O00829,C0127,2024-01-25,601.48,красота,выполнен
O00830,C0283,2024-11-20,122.41,дом_и_сад,выполнен
O00831,C0173,2024-07-01,270.4,продукты,возврат
O00832,C0330,2024-06-16,244.18,электроника,выполнен
O00833,C0123,2024-12-03,346.67,продукты,выполнен
O00834,C0101,2024-06-26,502.23,спорт,выполнен
O00835,C0455,2024-04-04,517.86,одежда,выполнен
O00836,C0052,2024-02-02,356.72,продукты,выполнен
O00837,C0255,2024-04-20,243.92,электроника,возврат
O00838,C0116,2024-05-25,899.61,продукты,выполнен
O00839,C0026,2024-08-18,730.16,электроника,отменён
O00840,C0024,2024-09-28,747.95,электроника,выполнен
O00841,C0094,2024-12-01,2760.62,книги,отменён
O00842,C0426,2024-02-07,757.71,одежда,выполнен
O00843,C0144,2024-05-14,496.05,спорт,выполнен
O00844,C0471,2024-11-29,611.16,электроника,выполнен
O00845,C0297,2024-08-22,719.86,одежда,отменён
O00846,C0218,2024-11-14,1088.59,одежда,выполнен
O00847,C0297,2024-12-10,641.77,электроника,выполнен
O00848,C0259,2024-06-08,140.56,электроника,возврат
O00849,C0371,2024-02-07,469.0,книги,возврат
O00850,C0144,2024-05-29,665.94,электроника,выполнен
O00851,C0170,2024-11-03,1888.17,электроника,отменён
O00852,C0440,2024-01-29,354.7,книги,выполнен
O00853,C0469,2024-05-23,179.79,одежда,выполнен
O00854,C0438,2024-03-16,700.3,дом_и_сад,возврат
O00855,C0210,2024-05-24,1330.07,электроника,выполнен
O00856,C0384,2024-08-16,485.54,одежда,выполнен
O00857,C0239,2024-03-04,4475.8,спорт,выполнен
O00858,C0253,2024-12-12,3707.08,красота,выполнен
O00859,C0107,2024-12-10,627.67,электроника,отменён
O00860,C0300,2024-09-25,772.3,продукты,выполнен
O00861,C0099,2024-11-23,1988.2,электроника,выполнен
O00862,C0163,2024-07-02,619.02,электроника,возврат
O00863,C0419,2024-09-17,349.58,книги,выполнен
O00864,C0109,2024-09-24,1354.44,электроника,возврат
O00865,C0038,2024-06-17,964.42,книги,выполнен
O00866,C0035,2024-09-15,348.67,электроника,выполнен
O00867,C0465,2024-08-14,831.58,книги,отменён
O00868,C0255,2024-02-02,585.2,спорт,возврат
O00869,C0206,2024-08-01,488.79,книги,выполнен
O00870,C0398,2024-02-19,354.72,электроника,выполнен
O00871,C0410,2024-07-28,732.98,дом_и_сад,выполнен
O00872,C0163,2024-01-29,537.71,дом_и_сад,отменён
O00873,C0342,2024-02-08,835.28,спорт,отменён
O00874,C0378,2024-12-12,1281.61,книги,выполнен
O00875,C0330,2024-04-09,800.51,спорт,возврат
O00876,C0080,2024-06-21,811.55,книги,выполнен
O00877,C0435,2024-01-17,431.41,продукты,выполнен
O00878,C0268,2024-02-25,1701.87,спорт,отменён
O00879,C0144,2024-08-13,337.37,книги,выполнен
O00880,C0211,2024-02-15,183.17,одежда,возврат
O00881,C0024,2024-03-07,282.37,продукты,выполнен
O00882,C0066,2024-07-15,1521.44,красота,отменён
O00883,C0375,2024-05-21,960.18,продукты,выполнен
O00884,C0001,2024-11-18,1899.9,одежда,отменён
O00885,C0209,2024-01-23,230.8,одежда,выполнен
O00886,C0263,2024-04-03,4256.38,книги,выполнен
O00887,C0032,2024-08-29,530.09,красота,выполнен
O00888,C0484,2024-08-24,162.67,красота,выполнен
O00889,C0120,2024-02-23,3853.07,дом_и_сад,возврат
O00890,C0151,2024-05-17,233.21,продукты,выполнен
O00891,C0151,2024-11-28,483.81,электроника,отменён
O00892,C0120,2024-09-28,564.19,электроника,возврат
O00893,C0001,2024-02-10,948.86,электроника,выполнен
O00894,C0357,2024-04-07,353.17,электроника,выполнен
O00895,C0478,2024-07-01,1527.6,книги,выполнен
O00896,C0116,2024-05-07,1215.5,книги,выполнен
O00897,C0333,2024-08-16,675.37,спорт,выполнен
O00898,C0363,2024-11-12,1918.82,красота,выполнен
O00899,C0417,2024-03-26,630.0,красота,возврат
O00900,C0210,2024-09-12,533.51,спорт,выполнен
O00901,C0151,2024-07-27,3289.47,продукты,отменён
O00902,C0161,2024-08-02,842.68,электроника,возврат
O00903,C0351,2024-04-09,302.32,продукты,выполнен
O00904,C0399,2024-02-18,336.9,электроника,выполнен
O00905,C0098,2024-07-19,675.31,продукты,возврат
O00906,C0182,2024-09-14,100.0,красота,выполнен
O00907,C0444,2024-06-26,400.86,одежда,выполнен
O00908,C0396,2024-09-01,613.81,электроника,выполнен
O00909,C0489,2024-05-02,581.87,спорт,отменён
O00910,C0370,2024-12-07,243.24,спорт,выполнен
O00911,C0197,2024-06-19,464.6,электроника,выполнен
O00912,C0300,2024-11-28,1709.31,электроника,выполнен
O00913,C0333,2024-05-15,1448.84,красота,выполнен
O00914,C0041,2024-02-28,718.02,одежда,отменён
O00915,C0272,2024-07-11,629.47,книги,возврат
O00916,C0347,2024-09-24,584.47,продукты,выполнен
O00917,C0092,2024-09-16,803.56,продукты,возврат
O00918,C0384,2024-04-04,722.02,одежда,выполнен
O00919,C0297,2024-05-04,862.05,дом_и_сад,выполнен
O00920,C0472,2024-02-10,993.7,книги,выполнен
O00921,C0026,2024-09-10,252.42,одежда,выполнен
O00922,C0137,2024-01-07,518.94,электроника,отменён
O00923,C0306,2024-08-03,779.25,электроника,отменён
O00924,C0149,2024-03-09,307.15,дом_и_сад,возврат
O00925,C0352,2024-03-09,387.98,продукты,отменён
O00926,C0371,2024-03-21,558.74,электроника,выполнен
O00927,C0053,2024-01-30,581.11,одежда,отменён
O00928,C0258,2024-03-13,790.99,продукты,отменён
O00929,C0256,2024-09-18,337.5,книги,выполнен
O00930,C0182,2024-03-29,1442.91,спорт,выполнен
O00931,C0461,2024-07-26,577.29,электроника,выполнен
O00932,C0406,2024-07-31,747.07,электроника,выполнен
O00933,C0343,2024-11-17,494.79,продукты,выполнен
O00934,C0352,2024-09-22,803.13,электроника,отменён
O00935,C0236,2024-10-19,2532.54,дом_и_сад,выполнен
O00936,C0457,2024-07-25,491.13,продукты,выполнен
O00937,C0342,2024-11-28,430.27,одежда,возврат
O00938,C0357,2024-03-17,342.36,продукты,выполнен
O00939,C0425,2024-10-14,634.16,дом_и_сад,выполнен
O00940,C0142,2024-02-16,628.31,спорт,выполнен
O00941,C0396,2024-04-19,693.09,книги,возврат
O00942,C0104,2024-07-18,967.39,спорт,отменён
O00943,C0167,2024-07-28,874.57,дом_и_сад,выполнен
O00944,C0164,2024-06-02,653.26,дом_и_сад,выполнен
O00945,C0487,2024-01-10,3174.93,электроника,выполнен
O00946,C0420,2024-12-18,1155.8,электроника,выполнен
O00947,C0346,2024-06-05,278.27,книги,отменён
O00948,C0356,2024-09-17,193.22,красота,выполнен
O00949,C0283,2024-03-17,381.26,дом_и_сад,выполнен
O00950,C0470,2024-09-13,751.54,дом_и_сад,выполнен
O00951,C0253,2024-05-10,356.52,одежда,выполнен
O00952,C0188,2024-03-07,402.58,спорт,выполнен
O00953,C0089,2024-08-15,679.16,красота,отменён
O00954,C0386,2024-06-11,505.94,книги,возврат
O00955,C0361,2024-01-15,129.26,одежда,возврат
O00956,C0190,2024-08-19,1574.58,одежда,отменён
O00957,C0014,2024-07-13,1307.62,продукты,выполнен
O00958,C0413,2024-12-14,237.91,продукты,отменён
O00959,C0005,2024-01-30,696.11,одежда,выполнен
O00960,C0346,2024-12-24,272.26,спорт,возврат
O00961,C0483,2024-12-03,408.69,электроника,возврат
O00962,C0219,2024-11-26,981.34,дом_и_сад,выполнен
O00963,C0121,2024-11-11,1271.61,дом_и_сад,выполнен
O00964,C0346,2024-10-22,1248.02,книги,возврат
O00965,C0399,2024-11-25,809.06,книги,выполнен
O00966,C0273,2024-08-07,1844.87,спорт,выполнен
O00967,C0478,2024-05-26,408.12,дом_и_сад,выполнен
O00968,C0031,2024-09-15,487.41,продукты,возврат
O00969,C0255,2024-10-18,100.0,красота,выполнен
O00970,C0353,2024-10-25,617.42,электроника,выполнен
O00971,C0425,2024-05-22,1057.6,красота,выполнен
O00972,C0097,2024-08-22,835.65,одежда,выполнен
O00973,C0394,2024-04-24,403.75,электроника,выполнен
O00974,C0278,2024-12-30,1307.17,продукты,выполнен
O00975,C0197,2024-03-30,626.99,спорт,выполнен
O00976,C0069,2024-07-26,1228.0,одежда,возврат
O00977,C0426,2024-06-12,981.34,спорт,выполнен
O00978,C0083,2024-03-24,2078.93,книги,выполнен
O00979,C0153,2024-03-17,872.61,одежда,выполнен
O00980,C0146,2024-06-09,1083.5,спорт,отменён
O00981,C0430,2024-01-05,625.55,одежда,выполнен
O00982,C0335,2024-03-18,444.83,продукты,выполнен
O00983,C0393,2024-03-31,984.94,спорт,выполнен
O00984,C0127,2024-03-27,2213.18,одежда,выполнен
O00985,C0315,2024-09-26,406.38,красота,выполнен
O00986,C0288,2024-04-13,545.38,спорт,возврат
O00987,C0409,2024-12-04,679.47,книги,выполнен
O00988,C0445,2024-06-23,1150.46,дом_и_сад,отменён
O00989,C0006,2024-02-23,876.88,книги,отменён
O00990,C0336,2024-07-29,1380.84,электроника,выполнен
O00991,C0031,2024-04-04,3226.42,одежда,выполнен
O00992,C0274,2024-08-10,398.97,продукты,выполнен
O00993,C0146,2024-01-09,1083.32,книги,выполнен
O00994,C0153,2024-02-22,859.64,электроника,выполнен
O00995,C0170,2024-03-17,675.35,красота,выполнен
O00996,C0313,2024-07-24,1080.16,электроника,выполнен
O00997,C0163,2024-11-11,537.3,электроника,возврат
O00998,C0359,2024-10-28,861.29,электроника,выполнен
O00999,C0200,2024-11-05,234.1,спорт,возврат
O01000,C0035,2024-11-25,432.23,красота,выполнен
O01001,C0386,2024-04-21,1537.66,одежда,выполнен
O01002,C0146,2024-12-16,1491.1,спорт,выполнен
O01003,C0217,2024-06-13,818.56,электроника,выполнен
O01004,C0340,2024-10-05,462.92,спорт,выполнен
O01005,C0163,2024-01-27,1287.18,электроника,выполнен
O01006,C0032,2024-03-10,1788.6,продукты,выполнен
O01007,C0182,2024-08-05,478.24,спорт,выполнен
O01008,C0468,2024-12-30,207.68,спорт,выполнен
O01009,C0323,2024-07-07,952.71,электроника,выполнен
O01010,C0335,2024-11-28,1381.62,электроника,возврат
O01011,C0317,2024-11-01,1064.21,дом_и_сад,отменён
O01012,C0105,2024-05-03,2326.37,книги,выполнен
O01013,C0209,2024-01-19,2334.24,книги,отменён
O01014,C0369,2024-09-13,520.96,книги,отменён
O01015,C0052,2024-10-22,779.92,красота,выполнен
O01016,C0143,2024-01-22,447.1,продукты,возврат
O01017,C0143,2024-02-09,293.64,одежда,выполнен
O01018,C0217,2024-02-07,307.74,электроника,отменён
O01019,C0488,2024-02-17,1180.41,продукты,отменён
O01020,C0035,2024-07-01,847.52,спорт,выполнен
O01021,C0261,2024-03-15,1355.56,книги,выполнен
O01022,C0098,2024-07-27,5040.68,одежда,отменён
O01023,C0484,2024-07-01,992.17,продукты,выполнен
O01024,C0059,2024-04-16,354.13,спорт,выполнен
O01025,C0200,2024-07-06,1522.49,спорт,выполнен
O01026,C0362,2024-09-20,348.9,одежда,выполнен
O01027,C0346,2024-03-26,2693.7,дом_и_сад,выполнен
O01028,C0210,2024-11-19,137.39,электроника,выполнен
O01029,C0168,2024-11-26,429.56,книги,выполнен
O01030,C0197,2024-05-16,1094.13,красота,выполнен
O01031,C0137,2024-12-11,1706.19,одежда,возврат
O01032,C0108,2024-12-01,387.0,одежда,выполнен
O01033,C0243,2024-04-04,334.75,дом_и_сад,выполнен
O01034,C0137,2024-11-21,748.97,продукты,выполнен
O01035,C0146,2024-09-01,3063.14,электроника,отменён
O01036,C0330,2024-03-30,194.28,красота,отменён
O01037,C0478,2024-02-28,517.34,продукты,возврат
O01038,C0307,2024-01-28,819.05,одежда,отменён
O01039,C0040,2024-03-12,351.86,спорт,возврат
O01040,C0040,2024-09-26,350.9,одежда,выполнен
O01041,C0472,2024-01-24,551.86,одежда,выполнен
O01042,C0149,2024-04-21,840.64,спорт,выполнен
O01043,C0046,2024-10-26,569.04,продукты,выполнен
O01044,C0305,2024-02-25,2148.34,спорт,выполнен
O01045,C0314,2024-08-10,1068.58,красота,выполнен
O01046,C0326,2024-04-29,903.73,книги,выполнен
O01047,C0137,2024-06-27,1513.41,электроника,возврат
O01048,C0010,2024-10-14,916.57,электроника,возврат
O01049,C0478,2024-10-07,466.59,спорт,выполнен
O01050,C0127,2024-07-07,538.87,спорт,выполнен
O01051,C0336,2024-03-06,269.47,книги,возврат
O01052,C0347,2024-10-24,3307.35,спорт,возврат
O01053,C0310,2024-09-05,1400.49,одежда,отменён
O01054,C0154,2024-03-16,100.0,продукты,возврат
O01055,C0138,2024-05-16,1932.37,книги,выполнен
O01056,C0305,2024-06-12,205.87,красота,выполнен
O01057,C0426,2024-08-20,1008.82,одежда,выполнен
O01058,C0469,2024-09-11,114.07,спорт,отменён
O01059,C0054,2024-10-20,472.24,электроника,выполнен
O01060,C0081,2024-06-18,1944.47,продукты,выполнен
O01061,C0468,2024-11-12,2033.08,электроника,отменён
O01062,C0362,2024-06-22,850.16,красота,выполнен
O01063,C0436,2024-12-10,1248.84,спорт,выполнен
O01064,C0107,2024-01-18,214.68,книги,возврат
O01065,C0299,2024-03-10,1023.18,красота,выполнен
O01066,C0346,2024-12-03,1313.93,электроника,выполнен
O01067,C0338,2024-04-25,5196.79,дом_и_сад,выполнен
O01068,C0204,2024-03-20,404.0,книги,выполнен
O01069,C0010,2024-01-15,673.87,спорт,выполнен
O01070,C0297,2024-06-24,708.03,спорт,возврат
O01071,C0129,2024-09-25,1163.13,продукты,отменён
O01072,C0224,2024-04-28,1345.35,дом_и_сад,отменён
O01073,C0476,2024-10-25,1554.22,продукты,выполнен
O01074,C0199,2024-07-06,1466.11,продукты,выполнен
O01075,C0413,2024-02-26,203.39,электроника,выполнен
O01076,C0100,2024-07-17,100.0,электроника,выполнен
O01077,C0335,2024-01-17,440.76,электроника,выполнен
O01078,C0487,2024-10-14,646.56,электроника,выполнен
O01079,C0052,2024-02-24,407.23,продукты,выполнен
O01080,C0003,2024-09-25,460.47,электроника,выполнен
O01081,C0217,2024-10-29,508.26,электроника,выполнен
O01082,C0046,2024-03-27,1055.69,дом_и_сад,выполнен
O01083,C0365,2024-11-13,290.92,дом_и_сад,выполнен
O01084,C0453,2024-01-29,624.99,дом_и_сад,выполнен
O01085,C0217,2024-01-22,628.83,красота,отменён
O01086,C0130,2024-11-16,1036.66,электроника,выполнен
O01087,C0217,2024-10-11,1685.01,электроника,выполнен
O01088,C0355,2024-02-17,2558.78,одежда,выполнен
O01089,C0003,2024-01-05,366.21,красота,возврат
O01090,C0299,2024-09-06,134.29,дом_и_сад,выполнен
O01091,C0310,2024-06-11,548.1,одежда,выполнен
O01092,C0320,2024-07-20,186.63,электроника,выполнен
O01093,C0123,2024-04-10,5929.3,спорт,выполнен
O01094,C0351,2024-03-11,330.86,одежда,выполнен
O01095,C0046,2024-06-11,1044.26,спорт,выполнен
O01096,C0105,2024-06-21,1404.24,красота,выполнен
O01097,C0435,2024-05-20,873.49,спорт,выполнен
O01098,C0363,2024-05-17,3503.0,красота,отменён
O01099,C0008,2024-03-06,565.67,продукты,выполнен
O01100,C0127,2024-07-16,341.07,спорт,выполнен
O01101,C0114,2024-11-23,327.24,книги,отменён
O01102,C0138,2024-08-15,1211.97,спорт,возврат
O01103,C0126,2024-10-07,571.44,спорт,выполнен
O01104,C0034,2024-06-20,327.28,дом_и_сад,возврат
O01105,C0232,2024-11-11,946.76,книги,выполнен
O01106,C0359,2024-02-09,1173.09,электроника,выполнен
O01107,C0309,2024-01-07,826.37,одежда,отменён
O01108,C0335,2024-06-22,1366.05,продукты,возврат
O01109,C0041,2024-05-30,713.71,книги,выполнен
O01110,C0472,2024-07-29,413.68,красота,возврат
O01111,C0413,2024-10-28,1272.99,электроника,выполнен
O01112,C0394,2024-03-26,326.34,электроника,выполнен
O01113,C0404,2024-09-09,269.59,красота,возврат
O01114,C0461,2024-01-21,1677.0,одежда,выполнен
O01115,C0271,2024-09-13,503.57,одежда,выполнен
O01116,C0105,2024-02-02,2521.34,электроника,выполнен
O01117,C0312,2024-09-16,1319.85,одежда,отменён
O01118,C0363,2024-08-21,473.87,дом_и_сад,выполнен
O01119,C0362,2024-01-03,981.4,продукты,выполнен
O01120,C0261,2024-12-12,5027.63,продукты,выполнен
O01121,C0035,2024-11-03,1216.12,красота,выполнен
O01122,C0182,2024-08-14,1059.3,электроника,отменён
O01123,C0457,2024-10-10,413.32,электроника,возврат
O01124,C0297,2024-03-10,2909.23,книги,выполнен
O01125,C0268,2024-11-08,1909.03,дом_и_сад,возврат
O01126,C0137,2024-12-29,416.36,одежда,возврат
O01127,C0181,2024-09-10,2993.89,одежда,возврат
O01128,C0440,2024-05-23,758.85,одежда,выполнен
O01129,C0334,2024-01-24,339.57,спорт,выполнен
O01130,C0388,2024-08-21,412.07,электроника,отменён
O01131,C0230,2024-11-28,1342.33,продукты,выполнен
O01132,C0316,2024-06-23,341.45,электроника,отменён
O01133,C0127,2024-11-27,275.2,книги,выполнен
O01134,C0347,2024-11-20,468.2,продукты,выполнен
O01135,C0213,2024-12-22,527.63,продукты,отменён
O01136,C0222,2024-06-07,388.13,электроника,выполнен
O01137,C0326,2024-12-13,462.59,электроника,выполнен
O01138,C0463,2024-12-13,1385.12,дом_и_сад,отменён
O01139,C0034,2024-10-12,816.64,дом_и_сад,выполнен
O01140,C0404,2024-01-18,440.31,дом_и_сад,выполнен
O01141,C0147,2024-02-13,472.35,дом_и_сад,выполнен
O01142,C0223,2024-06-03,598.65,электроника,возврат
O01143,C0013,2024-12-20,626.7,дом_и_сад,выполнен
O01144,C0151,2024-08-18,628.82,электроника,возврат
O01145,C0254,2024-11-11,1345.07,электроника,выполнен
O01146,C0032,2024-08-12,778.7,дом_и_сад,выполнен
O01147,C0250,2024-08-04,797.25,книги,выполнен
O01148,C0460,2024-02-25,2082.72,дом_и_сад,выполнен
O01149,C0054,2024-01-31,2984.9,книги,отменён
O01150,C0374,2024-12-22,248.45,красота,отменён
O01151,C0206,2024-02-28,188.08,электроника,возврат
O01152,C0330,2024-12-18,502.94,красота,выполнен
O01153,C0131,2024-08-22,1244.52,спорт,выполнен
O01154,C0087,2024-04-16,898.56,книги,возврат
O01155,C0089,2024-07-09,1545.77,спорт,отменён
O01156,C0036,2024-01-18,485.95,спорт,возврат
O01157,C0099,2024-08-13,139.02,дом_и_сад,выполнен
O01158,C0334,2024-06-15,222.87,одежда,возврат
O01159,C0436,2024-03-11,1045.02,красота,отменён
O01160,C0398,2024-12-27,1555.27,электроника,выполнен
O01161,C0340,2024-02-23,144.69,одежда,выполнен
O01162,C0055,2024-09-01,2056.02,электроника,отменён
O01163,C0146,2024-12-15,964.59,одежда,возврат
O01164,C0153,2024-03-16,628.71,одежда,отменён
O01165,C0127,2024-02-04,402.84,электроника,отменён
O01166,C0258,2024-09-23,2375.42,продукты,выполнен
O01167,C0267,2024-11-12,1363.22,продукты,возврат
O01168,C0171,2024-10-26,985.02,электроника,выполнен
O01169,C0170,2024-04-30,370.51,одежда,возврат
O01170,C0406,2024-11-19,2419.57,красота,выполнен
O01171,C0388,2024-01-25,681.49,электроника,выполнен
O01172,C0153,2024-06-08,844.9,одежда,выполнен
O01173,C0453,2024-03-24,705.18,электроника,отменён
O01174,C0472,2024-04-23,360.52,электроника,выполнен
O01175,C0161,2024-08-10,859.01,дом_и_сад,выполнен
O01176,C0171,2024-06-14,1161.6,одежда,выполнен
O01177,C0255,2024-07-09,467.18,продукты,отменён
O01178,C0465,2024-06-23,802.12,электроника,отменён
O01179,C0435,2024-01-01,697.01,дом_и_сад,выполнен
O01180,C0053,2024-08-16,1383.13,дом_и_сад,отменён
O01181,C0197,2024-03-26,523.66,электроника,выполнен
O01182,C0278,2024-03-02,797.32,электроника,выполнен
O01183,C0255,2024-11-15,943.63,электроника,отменён
O01184,C0102,2024-07-24,514.27,спорт,выполнен
O01185,C0424,2024-04-14,343.68,электроника,выполнен
O01186,C0336,2024-11-13,391.47,продукты,выполнен
O01187,C0412,2024-10-17,922.74,электроника,отменён
O01188,C0424,2024-09-06,551.01,электроника,выполнен
O01189,C0365,2024-01-13,545.19,электроника,выполнен
O01190,C0221,2024-06-11,1078.49,одежда,выполнен
O01191,C0310,2024-02-12,1503.56,электроника,отменён
O01192,C0089,2024-04-20,1725.67,продукты,отменён
O01193,C0336,2024-07-23,407.48,спорт,выполнен
O01194,C0097,2024-09-12,1391.58,одежда,возврат
O01195,C0342,2024-11-02,3526.24,дом_и_сад,выполнен
O01196,C0120,2024-05-23,735.72,дом_и_сад,выполнен
O01197,C0062,2024-05-25,627.25,дом_и_сад,возврат
O01198,C0091,2024-10-27,530.91,красота,выполнен
O01199,C0001,2024-06-12,284.01,одежда,возврат
O01200,C0354,2024-06-17,1304.8,электроника,выполнен
O01201,C0359,2024-10-24,629.49,спорт,возврат
O01202,C0258,2024-08-20,590.06,спорт,отменён
O01203,C0089,2024-09-27,1152.71,продукты,выполнен
O01204,C0042,2024-02-29,1240.89,электроника,выполнен
O01205,C0011,2024-10-22,411.3,спорт,возврат
O01206,C0091,2024-08-22,419.23,красота,выполнен
O01207,C0438,2024-06-13,404.61,одежда,отменён
O01208,C0123,2024-07-12,3607.65,красота,выполнен
O01209,C0170,2024-08-21,2168.34,одежда,выполнен
O01210,C0054,2024-07-01,1171.02,электроника,выполнен
O01211,C0116,2024-11-28,492.59,продукты,выполнен
O01212,C0261,2024-08-19,541.56,продукты,выполнен
O01213,C0309,2024-12-26,889.58,спорт,выполнен
O01214,C0125,2024-04-16,3894.44,продукты,выполнен
O01215,C0032,2024-08-10,838.07,спорт,отменён
O01216,C0194,2024-03-20,999.31,электроника,выполнен
O01217,C0121,2024-08-21,100.0,одежда,выполнен
O01218,C0116,2024-07-02,817.35,одежда,отменён
O01219,C0476,2024-07-03,218.09,красота,выполнен
O01220,C0312,2024-05-13,450.52,одежда,выполнен
O01221,C0282,2024-08-07,690.56,книги,отменён
O01222,C0209,2024-10-14,522.34,одежда,выполнен
O01223,C0214,2024-12-29,399.91,электроника,выполнен
O01224,C0269,2024-07-20,402.77,одежда,отменён
O01225,C0343,2024-05-25,561.81,одежда,выполнен
O01226,C0346,2024-11-19,542.52,красота,отменён
O01227,C0093,2024-05-06,676.02,дом_и_сад,выполнен
O01228,C0254,2024-05-14,636.78,красота,выполнен
O01229,C0208,2024-04-23,1850.3,книги,выполнен
O01230,C0428,2024-09-20,129.07,спорт,выполнен
O01231,C0316,2024-03-04,809.15,дом_и_сад,выполнен
O01232,C0266,2024-05-14,704.02,спорт,выполнен
O01233,C0060,2024-02-10,597.44,спорт,выполнен
O01234,C0309,2024-10-22,378.17,одежда,выполнен
O01235,C0061,2024-01-03,590.07,продукты,выполнен
O01236,C0165,2024-07-12,180.04,спорт,выполнен
O01237,C0073,2024-04-19,784.76,электроника,возврат
O01238,C0342,2024-08-08,907.28,продукты,отменён
O01239,C0109,2024-01-04,378.7,книги,выполнен
O01240,C0195,2024-08-31,3141.81,продукты,выполнен
O01241,C0440,2024-06-14,604.04,спорт,выполнен
O01242,C0107,2024-01-26,689.01,одежда,выполнен
O01243,C0255,2024-01-17,1936.48,дом_и_сад,выполнен
O01244,C0210,2024-08-03,3691.17,одежда,выполнен
O01245,C0010,2024-04-01,270.79,красота,возврат
O01246,C0389,2024-01-31,419.17,красота,выполнен
O01247,C0035,2024-07-23,612.69,красота,выполнен
O01248,C0238,2024-07-25,367.12,электроника,выполнен
O01249,C0282,2024-04-16,1308.83,одежда,отменён
O01250,C0316,2024-05-25,336.17,красота,выполнен
O01251,C0341,2024-04-10,1832.22,книги,возврат
O01252,C0129,2024-11-13,1095.45,красота,возврат
O01253,C0003,2024-08-28,1687.89,спорт,выполнен
O01254,C0355,2024-09-03,337.38,продукты,отменён
O01255,C0267,2024-06-11,489.41,электроника,отменён
O01256,C0412,2024-06-21,1364.29,книги,отменён
O01257,C0402,2024-02-04,1180.01,дом_и_сад,выполнен
O01258,C0415,2024-10-10,528.75,электроника,выполнен
O01259,C0245,2024-12-24,592.51,одежда,выполнен
O01260,C0163,2024-12-23,469.9,спорт,выполнен
O01261,C0388,2024-01-21,579.89,дом_и_сад,выполнен
O01262,C0226,2024-11-03,307.27,электроника,выполнен
O01263,C0098,2024-06-11,268.65,одежда,выполнен
O01264,C0419,2024-04-06,1486.74,электроника,выполнен
O01265,C0436,2024-11-02,564.35,одежда,выполнен
O01266,C0237,2024-12-04,1670.81,красота,выполнен
O01267,C0040,2024-02-24,1071.47,дом_и_сад,возврат
O01268,C0194,2024-11-28,853.72,дом_и_сад,выполнен
O01269,C0394,2024-05-06,376.84,дом_и_сад,отменён
O01270,C0444,2024-07-11,252.49,одежда,выполнен
O01271,C0107,2024-08-30,461.5,дом_и_сад,отменён
O01272,C0035,2024-12-14,2265.46,красота,выполнен
O01273,C0435,2024-03-28,1354.47,дом_и_сад,выполнен
O01274,C0194,2024-12-01,428.23,продукты,выполнен
O01275,C0269,2024-08-02,465.7,дом_и_сад,выполнен
O01276,C0478,2024-04-01,316.31,книги,отменён
O01277,C0035,2024-10-29,192.93,электроника,отменён
O01278,C0326,2024-08-22,721.46,одежда,выполнен
O01279,C0039,2024-07-02,2644.04,красота,выполнен
O01280,C0183,2024-02-07,2670.73,красота,выполнен
O01281,C0394,2024-05-18,1081.74,продукты,отменён
O01282,C0217,2024-07-13,410.7,одежда,возврат
O01283,C0499,2024-01-15,208.6,одежда,отменён
O01284,C0282,2024-09-13,1537.1,продукты,выполнен
O01285,C0156,2024-05-14,951.25,красота,отменён
O01286,C0116,2024-01-01,516.47,электроника,отменён
O01287,C0168,2024-02-18,451.86,продукты,возврат
O01288,C0182,2024-04-05,1075.29,красота,выполнен
O01289,C0035,2024-07-19,343.33,одежда,выполнен
O01290,C0182,2024-01-26,805.44,дом_и_сад,выполнен
O01291,C0236,2024-12-08,250.67,продукты,выполнен
O01292,C0355,2024-08-22,3955.29,книги,возврат
O01293,C0330,2024-12-14,383.89,красота,выполнен
O01294,C0347,2024-08-31,1117.35,продукты,выполнен
O01295,C0003,2024-12-23,255.08,книги,выполнен
O01296,C0115,2024-11-22,583.71,красота,выполнен
O01297,C0333,2024-12-16,1349.78,красота,выполнен
O01298,C0243,2024-02-20,1604.82,продукты,выполнен
O01299,C0003,2024-03-21,1224.92,продукты,отменён
O01300,C0394,2024-02-05,595.5,одежда,выполнен
O01301,C0378,2024-03-07,390.43,одежда,отменён
O01302,C0274,2024-05-08,280.86,продукты,отменён
O01303,C0035,2024-06-03,2215.07,одежда,выполнен
O01304,C0376,2024-09-01,722.49,дом_и_сад,выполнен
O01305,C0297,2024-04-20,837.64,спорт,выполнен
O01306,C0384,2024-06-16,1689.68,книги,выполнен
O01307,C0370,2024-05-21,1063.57,книги,выполнен
O01308,C0394,2024-12-21,600.68,одежда,отменён
O01309,C0261,2024-07-15,1206.55,продукты,выполнен
O01310,C0073,2024-04-18,404.22,дом_и_сад,возврат
O01311,C0335,2024-03-19,192.31,электроника,выполнен
O01312,C0313,2024-06-09,2057.97,электроника,выполнен
O01313,C0363,2024-01-19,432.09,книги,возврат
O01314,C0092,2024-05-06,521.43,электроника,выполнен
O01315,C0104,2024-07-23,559.55,книги,отменён
O01316,C0438,2024-01-29,410.85,красота,выполнен
O01317,C0367,2024-07-25,1605.3,продукты,выполнен
O01318,C0446,2024-10-06,897.46,книги,выполнен
O01319,C0371,2024-05-30,521.64,одежда,выполнен
O01320,C0305,2024-08-27,239.72,книги,выполнен
O01321,C0330,2024-09-22,848.13,книги,возврат
O01322,C0437,2024-06-30,100.0,электроника,возврат
O01323,C0293,2024-04-14,801.27,спорт,отменён
O01324,C0317,2024-08-23,1947.97,спорт,возврат
O01325,C0081,2024-06-21,700.4,электроника,выполнен
O01326,C0238,2024-06-06,1745.96,красота,выполнен
O01327,C0352,2024-06-20,248.8,продукты,выполнен
O01328,C0138,2024-11-06,3397.63,продукты,отменён
O01329,C0106,2024-06-05,1600.11,электроника,отменён
O01330,C0154,2024-09-14,973.38,спорт,возврат
O01331,C0123,2024-06-12,412.11,книги,выполнен
O01332,C0114,2024-05-26,360.82,спорт,выполнен
O01333,C0211,2024-06-02,628.46,дом_и_сад,выполнен
O01334,C0446,2024-02-07,1741.01,дом_и_сад,выполнен
O01335,C0255,2024-05-10,232.2,одежда,выполнен
O01336,C0099,2024-12-23,670.7,продукты,отменён
O01337,C0040,2024-09-11,1196.76,электроника,отменён
O01338,C0343,2024-07-26,1398.95,электроника,выполнен
O01339,C0190,2024-04-04,1193.91,электроника,выполнен
O01340,C0402,2024-12-13,213.99,красота,выполнен
O01341,C0331,2024-11-22,1644.88,красота,отменён
O01342,C0393,2024-06-19,701.87,электроника,возврат
O01343,C0140,2024-09-06,279.09,одежда,выполнен
O01344,C0342,2024-07-08,652.4,электроника,отменён
O01345,C0137,2024-07-17,138.8,книги,возврат
O01346,C0463,2024-08-08,1056.42,продукты,отменён
O01347,C0320,2024-01-24,600.54,спорт,выполнен
O01348,C0160,2024-08-31,240.79,спорт,выполнен
O01349,C0138,2024-11-19,527.39,дом_и_сад,выполнен
O01350,C0101,2024-05-07,377.67,одежда,выполнен
O01351,C0342,2024-04-02,397.48,электроника,выполнен
O01352,C0115,2024-10-26,108.98,электроника,отменён
O01353,C0304,2024-05-12,174.56,продукты,возврат
O01354,C0137,2024-02-24,553.49,книги,выполнен
O01355,C0333,2024-06-06,482.32,одежда,выполнен
O01356,C0398,2024-01-29,1449.8,электроника,выполнен
O01357,C0382,2024-07-29,401.25,красота,возврат
O01358,C0373,2024-06-02,436.34,электроника,выполнен
O01359,C0099,2024-10-19,452.96,электроника,выполнен
O01360,C0045,2024-08-09,568.14,книги,выполнен
O01361,C0345,2024-04-24,715.64,дом_и_сад,отменён
O01362,C0181,2024-06-06,480.55,продукты,возврат
O01363,C0217,2024-09-15,1050.45,дом_и_сад,возврат
O01364,C0021,2024-09-07,4188.83,дом_и_сад,выполнен
O01365,C0131,2024-05-01,343.66,электроника,возврат
O01366,C0022,2024-10-25,910.02,дом_и_сад,выполнен
O01367,C0436,2024-09-19,681.04,спорт,выполнен
O01368,C0123,2024-02-18,1537.06,красота,выполнен
O01369,C0282,2024-11-24,782.43,красота,выполнен
O01370,C0026,2024-10-23,371.98,одежда,выполнен
O01371,C0334,2024-12-27,261.9,спорт,возврат
O01372,C0157,2024-03-17,1083.98,электроника,выполнен
O01373,C0441,2024-05-06,279.49,электроника,возврат
O01374,C0437,2024-07-15,1714.7,продукты,выполнен
O01375,C0161,2024-08-08,1035.41,дом_и_сад,возврат
O01376,C0443,2024-03-31,712.92,спорт,выполнен
O01377,C0499,2024-01-08,232.8,продукты,выполнен
O01378,C0405,2024-02-01,1141.68,книги,выполнен
O01379,C0416,2024-11-15,2424.58,дом_и_сад,выполнен
O01380,C0127,2024-09-25,473.39,дом_и_сад,возврат
O01381,C0293,2024-07-09,367.41,электроника,выполнен
O01382,C0035,2024-12-14,617.93,дом_и_сад,выполнен
O01383,C0048,2024-06-11,966.38,красота,возврат
O01384,C0499,2024-03-01,434.86,электроника,отменён
O01385,C0161,2024-09-20,1365.61,продукты,возврат
O01386,C0365,2024-10-11,3067.37,красота,выполнен
O01387,C0396,2024-04-04,866.27,спорт,выполнен
O01388,C0424,2024-02-10,512.86,продукты,выполнен
O01389,C0499,2024-05-28,945.77,электроника,отменён
O01390,C0123,2024-07-22,1705.89,спорт,выполнен
O01391,C0026,2024-09-23,755.75,продукты,возврат
O01392,C0206,2024-01-02,980.51,электроника,выполнен
O01393,C0068,2024-06-26,1168.89,продукты,возврат
O01394,C0013,2024-07-12,330.18,электроника,отменён
O01395,C0174,2024-12-01,960.35,дом_и_сад,выполнен
O01396,C0386,2024-07-14,227.34,красота,выполнен
O01397,C0286,2024-12-08,392.78,продукты,отменён
O01398,C0154,2024-09-05,1663.25,спорт,возврат
O01399,C0330,2024-07-30,1335.19,продукты,выполнен
O01400,C0120,2024-06-01,535.85,электроника,выполнен
O01401,C0010,2024-06-06,2603.56,красота,выполнен
O01402,C0374,2024-12-27,233.19,электроника,возврат
O01403,C0314,2024-05-18,564.49,электроника,выполнен
O01404,C0374,2024-08-08,828.89,продукты,отменён
O01405,C0026,2024-09-29,100.0,спорт,отменён
O01406,C0412,2024-06-02,586.32,одежда,выполнен
O01407,C0312,2024-09-05,270.53,электроника,отменён
O01408,C0283,2024-10-05,275.51,книги,отменён
O01409,C0315,2024-10-30,534.97,одежда,выполнен
O01410,C0425,2024-10-02,154.39,электроника,отменён
O01411,C0299,2024-01-02,348.5,одежда,отменён
O01412,C0297,2024-03-28,157.3,одежда,выполнен
O01413,C0494,2024-10-13,734.38,продукты,возврат
O01414,C0371,2024-05-09,723.05,спорт,выполнен
O01415,C0222,2024-03-18,503.29,дом_и_сад,выполнен
O01416,C0347,2024-09-16,1476.1,одежда,выполнен
O01417,C0194,2024-08-28,524.83,электроника,выполнен
O01418,C0120,2024-05-20,652.97,электроника,возврат
O01419,C0305,2024-08-15,322.21,одежда,отменён
O01420,C0460,2024-06-11,105.36,электроника,отменён
O01421,C0460,2024-08-23,592.13,одежда,выполнен
O01422,C0167,2024-05-07,533.38,электроника,выполнен
O01423,C0264,2024-07-18,2612.14,спорт,выполнен
O01424,C0112,2024-01-31,1134.51,продукты,выполнен
O01425,C0499,2024-05-17,477.95,электроника,возврат
O01426,C0488,2024-01-21,744.96,продукты,отменён
O01427,C0326,2024-08-21,1374.18,одежда,выполнен
O01428,C0394,2024-07-20,1005.66,дом_и_сад,выполнен
O01429,C0352,2024-10-05,2527.85,одежда,отменён
O01430,C0301,2024-05-10,353.71,электроника,выполнен
O01431,C0031,2024-05-27,1451.03,одежда,выполнен
O01432,C0230,2024-01-29,474.23,одежда,выполнен
O01433,C0336,2024-12-26,776.57,дом_и_сад,отменён
O01434,C0336,2024-11-03,425.75,красота,выполнен
O01435,C0182,2024-06-10,593.71,электроника,выполнен
O01436,C0465,2024-12-22,787.8,дом_и_сад,выполнен
O01437,C0092,2024-12-05,1069.13,одежда,выполнен
O01438,C0254,2024-03-01,698.61,электроника,отменён
O01439,C0341,2024-05-04,100.0,электроника,выполнен
O01440,C0343,2024-03-11,625.43,книги,выполнен
O01441,C0326,2024-11-21,2156.67,одежда,выполнен
O01442,C0142,2024-12-29,621.48,красота,выполнен
O01443,C0081,2024-08-30,2205.67,продукты,отменён
O01444,C0320,2024-09-05,604.16,электроника,возврат
O01445,C0305,2024-08-08,189.13,дом_и_сад,выполнен
O01446,C0097,2024-01-21,470.42,красота,возврат
O01447,C0346,2024-03-22,425.49,книги,выполнен
O01448,C0230,2024-12-09,553.56,дом_и_сад,выполнен
O01449,C0334,2024-01-10,257.69,одежда,отменён
O01450,C0412,2024-01-12,660.46,электроника,выполнен
O01451,C0092,2024-09-19,511.52,одежда,выполнен
O01452,C0011,2024-05-24,1863.64,продукты,возврат
O01453,C0382,2024-07-10,252.6,красота,отменён
O01454,C0310,2024-09-06,809.6,дом_и_сад,выполнен
O01455,C0346,2024-04-23,924.1,книги,возврат
O01456,C0413,2024-01-26,1236.43,одежда,выполнен
O01457,C0394,2024-09-27,497.27,дом_и_сад,возврат
O01458,C0476,2024-02-02,793.65,книги,отменён
O01459,C0267,2024-03-02,882.38,продукты,отменён
O01460,C0248,2024-08-16,177.92,продукты,выполнен
O01461,C0200,2024-10-29,511.75,дом_и_сад,выполнен
O01462,C0081,2024-04-04,647.99,спорт,выполнен
O01463,C0288,2024-02-04,711.7,красота,выполнен
O01464,C0143,2024-07-11,704.77,продукты,выполнен
O01465,C0457,2024-03-16,943.9,электроника,выполнен
O01466,C0297,2024-09-05,3134.06,продукты,отменён
O01467,C0301,2024-03-23,413.09,одежда,выполнен
O01468,C0171,2024-01-25,902.29,спорт,выполнен
O01469,C0031,2024-02-26,1883.79,электроника,выполнен
O01470,C0021,2024-02-01,157.76,красота,возврат
O01471,C0211,2024-11-14,824.28,книги,возврат
O01472,C0044,2024-01-12,173.42,электроника,выполнен
O01473,C0309,2024-11-14,3821.74,электроника,возврат
O01474,C0436,2024-11-28,1009.93,продукты,выполнен
O01475,C0436,2024-04-01,906.57,дом_и_сад,выполнен
O01476,C0331,2024-01-01,148.61,одежда,возврат
O01477,C0112,2024-11-21,444.26,электроника,выполнен
O01478,C0425,2024-05-15,445.93,спорт,отменён
O01479,C0437,2024-07-14,2733.03,дом_и_сад,выполнен
O01480,C0105,2024-05-12,1191.97,одежда,возврат
O01481,C0362,2024-03-26,177.27,дом_и_сад,выполнен
O01482,C0146,2024-10-21,968.36,красота,выполнен
O01483,C0394,2024-10-05,199.87,электроника,выполнен
O01484,C0499,2024-11-19,180.64,продукты,выполнен
O01485,C0019,2024-06-28,955.98,электроника,выполнен
O01486,C0441,2024-01-04,1206.91,одежда,выполнен
O01487,C0314,2024-05-05,960.07,электроника,выполнен
O01488,C0484,2024-06-23,2991.91,продукты,возврат
O01489,C0236,2024-09-07,893.37,книги,выполнен
O01490,C0417,2024-01-21,762.1,спорт,выполнен
O01491,C0034,2024-04-14,251.44,одежда,отменён
O01492,C0164,2024-03-06,1320.93,электроника,выполнен
O01493,C0035,2024-09-19,177.48,спорт,выполнен
O01494,C0484,2024-02-18,3348.59,электроника,возврат
O01495,C0399,2024-01-16,1334.94,одежда,выполнен
O01496,C0419,2024-05-24,6197.11,продукты,выполнен
O01497,C0463,2024-12-05,908.2,книги,выполнен
O01498,C0044,2024-09-06,1388.71,электроника,выполнен
O01499,C0191,2024-12-08,532.86,спорт,выполнен
O01500,C0038,2024-12-19,642.51,электроника,отменён
O01501,C0112,2024-03-15,286.8,спорт,выполнен
O01502,C0120,2024-10-16,208.9,спорт,выполнен
O01503,C0237,2024-10-08,774.02,книги,отменён
O01504,C0137,2024-03-06,639.48,спорт,выполнен
O01505,C0052,2024-05-04,281.24,одежда,отменён
O01506,C0092,2024-11-14,324.09,одежда,выполнен
O01507,C0076,2024-03-27,682.65,электроника,выполнен
O01508,C0484,2024-02-10,277.41,спорт,отменён
O01509,C0371,2024-07-04,884.76,книги,выполнен
O01510,C0478,2024-12-19,284.38,продукты,выполнен
O01511,C0222,2024-11-30,816.22,дом_и_сад,выполнен
O01512,C0144,2024-09-22,264.92,одежда,отменён
O01513,C0393,2024-09-27,265.81,продукты,отменён
O01514,C0161,2024-02-11,100.51,одежда,выполнен
O01515,C0149,2024-04-02,585.1,электроника,отменён
O01516,C0121,2024-07-03,2128.67,продукты,отменён
O01517,C0068,2024-08-02,2034.21,дом_и_сад,отменён
O01518,C0130,2024-01-17,862.0,продукты,возврат
O01519,C0171,2024-09-21,134.18,спорт,отменён
O01520,C0336,2024-04-23,1306.49,дом_и_сад,выполнен
O01521,C0034,2024-10-18,796.74,одежда,выполнен
O01522,C0112,2024-10-18,480.49,дом_и_сад,выполнен
O01523,C0397,2024-02-17,1747.42,одежда,выполнен
O01524,C0076,2024-11-02,1088.28,одежда,выполнен
O01525,C0167,2024-04-06,3194.67,одежда,выполнен
O01526,C0426,2024-04-04,216.05,электроника,отменён
O01527,C0081,2024-11-21,229.99,дом_и_сад,отменён
O01528,C0041,2024-03-14,263.17,книги,выполнен
O01529,C0245,2024-12-01,529.53,одежда,выполнен
O01530,C0151,2024-03-08,2369.75,электроника,выполнен
O01531,C0283,2024-09-02,403.88,одежда,выполнен
O01532,C0394,2024-03-17,410.85,спорт,выполнен
O01533,C0072,2024-07-26,928.74,одежда,выполнен
O01534,C0297,2024-09-10,1305.74,спорт,выполнен
O01535,C0255,2024-08-08,111.12,дом_и_сад,выполнен
O01536,C0073,2024-09-18,1528.09,продукты,возврат
O01537,C0314,2024-11-26,393.79,красота,выполнен
O01538,C0141,2024-12-09,612.81,одежда,выполнен
O01539,C0248,2024-09-15,2068.57,красота,выполнен
O01540,C0041,2024-11-03,559.39,одежда,выполнен
O01541,C0235,2024-03-14,195.29,электроника,выполнен
O01542,C0153,2024-05-04,204.56,дом_и_сад,возврат
O01543,C0402,2024-07-06,649.83,дом_и_сад,отменён
O01544,C0032,2024-09-10,509.03,книги,возврат
O01545,C0209,2024-11-16,697.55,одежда,возврат
O01546,C0232,2024-11-03,482.5,красота,отменён
O01547,C0356,2024-08-22,1795.68,электроника,выполнен
O01548,C0292,2024-09-06,678.45,электроника,выполнен
O01549,C0334,2024-11-27,162.33,одежда,отменён
O01550,C0381,2024-12-10,1278.22,дом_и_сад,выполнен
O01551,C0425,2024-03-12,3056.47,дом_и_сад,выполнен
O01552,C0154,2024-08-22,752.91,продукты,выполнен
O01553,C0268,2024-11-19,801.14,одежда,отменён
O01554,C0414,2024-06-04,356.41,электроника,выполнен
O01555,C0494,2024-04-24,547.87,одежда,выполнен
O01556,C0437,2024-11-08,994.56,продукты,выполнен
O01557,C0182,2024-08-15,1644.9,дом_и_сад,выполнен
O01558,C0104,2024-11-17,950.32,спорт,выполнен
O01559,C0248,2024-12-11,2848.17,красота,отменён
O01560,C0363,2024-09-01,719.66,электроника,выполнен
O01561,C0251,2024-11-01,271.14,одежда,возврат
O01562,C0243,2024-01-14,277.43,продукты,выполнен
O01563,C0413,2024-01-16,1785.64,дом_и_сад,возврат
O01564,C0176,2024-02-11,1488.73,продукты,выполнен
O01565,C0424,2024-04-19,178.45,красота,выполнен
O01566,C0200,2024-10-04,562.5,спорт,возврат
O01567,C0162,2024-11-19,579.08,электроника,возврат
O01568,C0230,2024-01-19,364.59,электроника,отменён
O01569,C0374,2024-03-06,215.23,дом_и_сад,выполнен
O01570,C0066,2024-06-15,358.21,дом_и_сад,выполнен
O01571,C0104,2024-03-13,310.23,электроника,возврат
O01572,C0472,2024-11-05,219.38,электроника,выполнен
O01573,C0095,2024-04-21,1291.1,спорт,отменён
O01574,C0287,2024-09-30,834.1,спорт,выполнен
O01575,C0293,2024-03-25,458.84,электроника,выполнен
O01576,C0248,2024-05-18,126.92,продукты,выполнен
O01577,C0325,2024-02-08,523.61,одежда,отменён
O01578,C0120,2024-04-14,1009.13,красота,отменён
O01579,C0278,2024-11-19,369.14,одежда,отменён
O01580,C0182,2024-10-07,265.08,дом_и_сад,выполнен
O01581,C0333,2024-05-02,602.8,продукты,выполнен
O01582,C0073,2024-08-05,869.62,электроника,возврат
O01583,C0288,2024-03-01,134.3,продукты,отменён
O01584,C0098,2024-04-09,1964.92,электроника,выполнен
O01585,C0144,2024-11-02,244.86,спорт,выполнен
O01586,C0115,2024-12-19,474.27,спорт,выполнен
O01587,C0098,2024-07-22,1711.31,электроника,выполнен
O01588,C0405,2024-09-14,735.31,одежда,выполнен
O01589,C0146,2024-01-05,1598.58,дом_и_сад,выполнен
O01590,C0460,2024-07-15,2305.25,одежда,выполнен
O01591,C0482,2024-06-28,206.9,продукты,выполнен
O01592,C0288,2024-12-07,1368.73,одежда,возврат
O01593,C0073,2024-05-12,1920.59,красота,возврат
O01594,C0182,2024-11-19,492.43,спорт,выполнен
O01595,C0393,2024-09-09,524.81,дом_и_сад,выполнен
O01596,C0181,2024-09-21,143.96,электроника,отменён
O01597,C0044,2024-04-02,1242.48,электроника,выполнен
O01598,C0282,2024-05-29,100.0,одежда,возврат
O01599,C0416,2024-05-17,1443.82,одежда,отменён
O01600,C0393,2024-07-26,213.98,дом_и_сад,выполнен
O01601,C0094,2024-05-04,2023.43,спорт,выполнен
O01602,C0335,2024-08-21,913.26,одежда,выполнен
O01603,C0116,2024-03-01,1490.96,спорт,выполнен
O01604,C0115,2024-11-02,347.16,электроника,выполнен
O01605,C0434,2024-09-22,228.89,электроника,отменён
O01606,C0127,2024-05-13,162.24,книги,выполнен
O01607,C0135,2024-11-13,1592.34,спорт,выполнен
O01608,C0001,2024-04-22,1130.43,спорт,выполнен
O01609,C0428,2024-07-09,1162.97,одежда,отменён
O01610,C0388,2024-07-05,839.79,одежда,выполнен
O01611,C0315,2024-11-14,1027.72,электроника,возврат
O01612,C0367,2024-03-29,526.72,книги,выполнен
O01613,C0081,2024-07-05,894.48,спорт,выполнен
O01614,C0232,2024-11-02,335.13,электроника,выполнен
O01615,C0169,2024-05-11,505.63,книги,возврат
O01616,C0047,2024-12-25,7590.58,продукты,выполнен
O01617,C0247,2024-05-02,686.18,дом_и_сад,выполнен
O01618,C0457,2024-02-17,137.37,электроника,выполнен
O01619,C0026,2024-10-14,479.68,электроника,отменён
O01620,C0147,2024-06-27,285.43,электроника,выполнен
O01621,C0111,2024-06-28,755.5,одежда,возврат
O01622,C0122,2024-04-08,326.53,дом_и_сад,возврат
O01623,C0446,2024-11-25,561.46,дом_и_сад,возврат
O01624,C0237,2024-02-03,368.02,спорт,выполнен
O01625,C0237,2024-03-10,778.79,книги,выполнен
O01626,C0373,2024-06-19,402.66,одежда,отменён
O01627,C0081,2024-09-28,884.93,книги,выполнен
O01628,C0248,2024-02-28,3161.7,книги,выполнен
O01629,C0214,2024-06-29,264.14,продукты,отменён
O01630,C0305,2024-01-19,1186.88,электроника,возврат
O01631,C0499,2024-08-13,100.0,дом_и_сад,выполнен
O01632,C0377,2024-04-04,552.13,одежда,отменён
O01633,C0197,2024-10-23,798.81,дом_и_сад,выполнен
O01634,C0406,2024-03-21,365.62,электроника,отменён
O01635,C0092,2024-06-23,159.19,спорт,выполнен
O01636,C0019,2024-08-09,645.21,продукты,возврат
O01637,C0107,2024-04-12,2265.82,электроника,выполнен
O01638,C0165,2024-02-23,591.61,одежда,выполнен
O01639,C0256,2024-07-01,1039.88,электроника,возврат
O01640,C0312,2024-12-16,1638.45,продукты,выполнен
O01641,C0447,2024-11-13,4803.88,книги,возврат
O01642,C0256,2024-12-20,286.62,одежда,отменён
O01643,C0254,2024-12-14,311.29,дом_и_сад,выполнен
O01644,C0029,2024-11-16,526.48,электроника,выполнен
O01645,C0022,2024-03-08,1088.28,дом_и_сад,выполнен
O01646,C0275,2024-01-28,103.9,красота,выполнен
O01647,C0220,2024-09-30,1122.16,одежда,выполнен
O01648,C0413,2024-10-08,748.9,книги,выполнен
O01649,C0089,2024-12-25,433.91,продукты,выполнен
O01650,C0014,2024-11-06,934.87,одежда,выполнен
O01651,C0224,2024-04-28,1355.22,книги,возврат
O01652,C0122,2024-05-13,1513.86,электроника,выполнен
O01653,C0029,2024-05-08,673.04,электроника,выполнен
O01654,C0356,2024-01-08,863.36,спорт,выполнен
O01655,C0059,2024-02-20,837.7,дом_и_сад,отменён
O01656,C0309,2024-12-06,1781.05,дом_и_сад,выполнен
O01657,C0144,2024-10-07,902.32,электроника,возврат
O01658,C0093,2024-06-23,1114.52,красота,отменён
O01659,C0188,2024-07-01,1358.49,дом_и_сад,выполнен
O01660,C0394,2024-07-10,3187.05,красота,отменён
O01661,C0195,2024-09-05,416.28,одежда,выполнен
O01662,C0367,2024-08-22,2441.99,дом_и_сад,выполнен
O01663,C0066,2024-03-23,4802.44,книги,выполнен
O01664,C0378,2024-04-02,438.06,продукты,выполнен
O01665,C0121,2024-11-07,559.23,красота,выполнен
O01666,C0336,2024-09-24,472.12,одежда,возврат
O01667,C0286,2024-04-29,1124.97,одежда,отменён
O01668,C0460,2024-03-11,150.0,красота,возврат
O01669,C0192,2024-01-17,446.04,красота,возврат
O01670,C0035,2024-09-09,534.37,одежда,выполнен
O01671,C0011,2024-05-01,498.26,электроника,выполнен
O01672,C0406,2024-01-10,494.26,дом_и_сад,отменён
O01673,C0263,2024-10-13,449.71,красота,возврат
O01674,C0381,2024-11-11,1238.81,спорт,отменён
O01675,C0121,2024-11-21,1023.1,спорт,возврат
O01676,C0167,2024-09-29,2598.58,дом_и_сад,выполнен
O01677,C0019,2024-11-01,1241.34,электроника,возврат
O01678,C0477,2024-10-19,276.42,красота,выполнен
O01679,C0334,2024-07-28,580.55,одежда,выполнен
O01680,C0461,2024-08-05,533.26,спорт,отменён
O01681,C0137,2024-08-28,815.82,продукты,выполнен
O01682,C0310,2024-07-18,1594.95,продукты,возврат
O01683,C0337,2024-08-03,771.76,дом_и_сад,выполнен
O01684,C0155,2024-07-23,773.4,красота,выполнен
O01685,C0417,2024-08-03,670.51,спорт,выполнен
O01686,C0470,2024-03-20,1272.15,дом_и_сад,выполнен
O01687,C0436,2024-09-23,421.95,электроника,отменён
O01688,C0363,2024-02-04,207.35,книги,отменён
O01689,C0143,2024-10-15,1113.95,одежда,выполнен
O01690,C0144,2024-01-18,897.97,электроника,выполнен
O01691,C0477,2024-06-13,1917.42,электроника,отменён
O01692,C0003,2024-01-13,100.0,дом_и_сад,выполнен
O01693,C0352,2024-07-20,613.83,красота,выполнен
O01694,C0347,2024-08-16,724.42,спорт,выполнен
O01695,C0314,2024-12-11,198.6,одежда,выполнен
O01696,C0494,2024-01-01,620.62,одежда,возврат
O01697,C0154,2024-11-14,1719.07,продукты,отменён
O01698,C0165,2024-08-04,3529.43,электроника,отменён
O01699,C0041,2024-02-03,1459.61,продукты,выполнен
O01700,C0222,2024-12-24,513.08,спорт,выполнен
O01701,C0131,2024-09-22,1824.78,красота,выполнен
O01702,C0167,2024-05-07,1379.01,продукты,выполнен
O01703,C0410,2024-07-30,451.46,одежда,выполнен
O01704,C0463,2024-09-19,417.62,книги,выполнен
O01705,C0099,2024-11-07,581.26,дом_и_сад,отменён
O01706,C0182,2024-03-20,286.95,книги,выполнен
O01707,C0460,2024-06-13,518.72,одежда,выполнен
O01708,C0034,2024-09-08,981.81,продукты,выполнен
O01709,C0046,2024-01-12,1526.61,красота,выполнен
O01710,C0089,2024-10-30,491.23,электроника,выполнен
O01711,C0304,2024-07-30,2019.77,дом_и_сад,выполнен
O01712,C0077,2024-10-08,1118.88,одежда,выполнен
O01713,C0478,2024-04-21,1160.4,продукты,выполнен
O01714,C0223,2024-07-29,318.87,книги,выполнен
O01715,C0254,2024-08-26,2824.84,продукты,возврат
O01716,C0125,2024-09-24,1035.55,книги,отменён
O01717,C0238,2024-10-24,509.72,продукты,выполнен
O01718,C0333,2024-11-12,442.62,красота,выполнен
O01719,C0369,2024-02-27,518.86,продукты,выполнен
O01720,C0370,2024-02-03,294.52,электроника,отменён
O01721,C0293,2024-09-19,1466.51,продукты,отменён
O01722,C0444,2024-12-30,319.66,дом_и_сад,выполнен
O01723,C0399,2024-02-04,838.71,книги,выполнен
O01724,C0371,2024-09-27,464.08,продукты,выполнен
O01725,C0032,2024-08-14,1137.56,спорт,выполнен
O01726,C0003,2024-01-25,1268.21,книги,выполнен
O01727,C0113,2024-08-21,397.37,книги,выполнен
O01728,C0333,2024-02-28,647.36,спорт,выполнен
O01729,C0206,2024-09-07,209.62,книги,отменён
O01730,C0200,2024-11-30,2592.65,спорт,возврат
O01731,C0436,2024-03-26,1563.06,электроника,выполнен
O01732,C0440,2024-09-07,217.8,электроника,выполнен
O01733,C0447,2024-06-28,332.45,красота,выполнен
O01734,C0154,2024-07-25,597.14,электроника,отменён
O01735,C0342,2024-12-09,686.09,продукты,выполнен
O01736,C0139,2024-05-28,384.2,красота,выполнен
O01737,C0101,2024-03-11,266.15,электроника,выполнен
O01738,C0098,2024-04-30,912.35,книги,выполнен
O01739,C0167,2024-09-09,2674.69,книги,отменён
O01740,C0214,2024-04-02,694.88,красота,возврат
O01741,C0408,2024-09-12,526.7,одежда,выполнен
O01742,C0064,2024-09-10,484.21,одежда,возврат
O01743,C0361,2024-12-17,276.61,книги,отменён
O01744,C0266,2024-10-14,388.55,одежда,отменён
O01745,C0146,2024-11-04,1650.59,спорт,отменён
O01746,C0251,2024-02-28,126.89,дом_и_сад,возврат
O01747,C0149,2024-03-09,703.51,одежда,выполнен
O01748,C0305,2024-03-26,680.18,красота,выполнен
O01749,C0217,2024-09-30,731.22,спорт,отменён
O01750,C0090,2024-08-14,1190.27,электроника,выполнен
O01751,C0061,2024-03-21,698.5,электроника,выполнен
O01752,C0273,2024-04-23,462.59,электроника,выполнен
O01753,C0444,2024-07-02,393.35,одежда,выполнен
O01754,C0167,2024-10-06,1879.34,дом_и_сад,возврат
O01755,C0359,2024-11-17,1529.72,электроника,выполнен
O01756,C0331,2024-11-13,6648.26,одежда,возврат
O01757,C0461,2024-02-23,531.24,красота,отменён
O01758,C0402,2024-07-15,399.19,спорт,выполнен
O01759,C0287,2024-10-19,955.79,одежда,выполнен
O01760,C0330,2024-10-19,937.5,красота,отменён
O01761,C0441,2024-10-17,1106.64,одежда,выполнен
O01762,C0199,2024-06-28,1309.9,книги,отменён
O01763,C0161,2024-08-09,1098.1,дом_и_сад,выполнен
O01764,C0004,2024-09-30,1571.88,дом_и_сад,выполнен
O01765,C0406,2024-08-31,1748.31,дом_и_сад,выполнен
O01766,C0394,2024-06-02,1773.44,продукты,отменён
O01767,C0054,2024-10-30,108.95,книги,возврат
O01768,C0293,2024-09-29,801.04,книги,отменён
O01769,C0236,2024-05-14,317.8,одежда,выполнен
O01770,C0063,2024-11-08,1547.44,продукты,выполнен
O01771,C0488,2024-01-08,107.14,книги,выполнен
O01772,C0114,2024-05-07,2154.64,продукты,выполнен
O01773,C0035,2024-02-25,333.03,книги,возврат
O01774,C0304,2024-05-05,277.25,спорт,выполнен
O01775,C0363,2024-06-07,884.48,спорт,выполнен
O01776,C0021,2024-02-28,493.43,электроника,выполнен
O01777,C0331,2024-02-27,2761.45,одежда,отменён
O01778,C0266,2024-05-19,1979.16,продукты,выполнен
O01779,C0054,2024-06-24,442.01,спорт,отменён
O01780,C0093,2024-04-17,1531.48,спорт,выполнен
O01781,C0287,2024-07-29,429.99,дом_и_сад,выполнен
O01782,C0149,2024-03-14,427.04,спорт,выполнен
O01783,C0463,2024-06-15,1177.73,книги,отменён
O01784,C0400,2024-12-22,2131.7,одежда,выполнен
O01785,C0489,2024-10-30,467.38,спорт,отменён
O01786,C0131,2024-08-20,496.74,электроника,выполнен
O01787,C0481,2024-11-22,846.38,продукты,выполнен
O01788,C0215,2024-06-30,325.32,одежда,выполнен
O01789,C0168,2024-05-01,2326.98,продукты,отменён
O01790,C0029,2024-11-29,322.84,одежда,отменён
O01791,C0031,2024-07-21,400.79,электроника,возврат
O01792,C0342,2024-01-29,2734.74,продукты,отменён
O01793,C0232,2024-07-20,789.71,красота,выполнен
O01794,C0120,2024-04-02,3149.08,одежда,выполнен
O01795,C0311,2024-11-24,558.12,дом_и_сад,возврат
O01796,C0129,2024-12-21,4992.12,спорт,выполнен
O01797,C0293,2024-06-24,1088.46,одежда,выполнен
O01798,C0173,2024-11-25,364.33,электроника,выполнен
O01799,C0404,2024-07-29,359.87,одежда,возврат
O01800,C0402,2024-07-02,207.31,дом_и_сад,выполнен
O01801,C0241,2024-04-04,226.27,одежда,возврат
O01802,C0169,2024-09-29,392.44,электроника,выполнен
O01803,C0180,2024-05-16,300.88,одежда,выполнен
O01804,C0395,2024-08-24,100.0,спорт,возврат
O01805,C0162,2024-12-18,1304.03,дом_и_сад,выполнен
O01806,C0112,2024-09-21,1236.78,продукты,отменён
O01807,C0044,2024-05-14,851.25,продукты,выполнен
O01808,C0237,2024-05-23,268.28,продукты,возврат
O01809,C0243,2024-01-19,2483.52,электроника,выполнен
O01810,C0414,2024-08-18,576.78,продукты,выполнен
O01811,C0116,2024-05-13,341.52,спорт,отменён
O01812,C0188,2024-04-23,801.17,спорт,отменён
O01813,C0397,2024-05-18,765.24,дом_и_сад,выполнен
O01814,C0404,2024-05-04,100.0,дом_и_сад,отменён
O01815,C0190,2024-07-22,648.88,одежда,выполнен
O01816,C0233,2024-03-01,732.48,одежда,выполнен
O01817,C0151,2024-09-06,491.28,продукты,выполнен
O01818,C0461,2024-10-24,231.1,дом_и_сад,выполнен
O01819,C0063,2024-01-13,236.61,электроника,выполнен
O01820,C0461,2024-09-11,1003.5,красота,выполнен
O01821,C0340,2024-03-25,1223.27,спорт,выполнен
O01822,C0266,2024-01-20,464.79,одежда,отменён
O01823,C0022,2024-02-19,903.12,дом_и_сад,выполнен
O01824,C0239,2024-06-12,461.12,электроника,выполнен
O01825,C0202,2024-04-01,336.1,продукты,выполнен
O01826,C0089,2024-03-28,789.66,продукты,выполнен
O01827,C0330,2024-03-09,265.26,электроника,выполнен
O01828,C0484,2024-02-06,3026.09,книги,возврат
O01829,C0283,2024-09-09,210.61,дом_и_сад,возврат
O01830,C0352,2024-09-08,834.69,электроника,выполнен
O01831,C0035,2024-05-19,750.09,одежда,возврат
O01832,C0209,2024-12-20,698.67,электроника,выполнен
O01833,C0061,2024-06-16,2179.2,книги,отменён
O01834,C0310,2024-02-23,100.0,одежда,выполнен
O01835,C0463,2024-06-26,924.62,продукты,выполнен
O01836,C0333,2024-10-23,534.48,одежда,выполнен
O01837,C0040,2024-10-27,1061.23,одежда,выполнен
O01838,C0171,2024-12-24,694.88,дом_и_сад,выполнен
O01839,C0275,2024-04-15,626.4,дом_и_сад,выполнен
O01840,C0200,2024-05-16,253.19,продукты,выполнен
O01841,C0410,2024-07-08,388.19,спорт,выполнен
O01842,C0398,2024-05-07,8145.39,продукты,выполнен
O01843,C0310,2024-12-07,1069.0,электроника,отменён
O01844,C0182,2024-02-16,1543.91,электроника,выполнен
O01845,C0129,2024-01-05,501.94,продукты,выполнен
O01846,C0054,2024-09-13,335.46,дом_и_сад,выполнен
O01847,C0171,2024-10-26,1237.86,красота,выполнен
O01848,C0209,2024-05-29,145.04,электроника,выполнен
O01849,C0336,2024-10-20,395.21,одежда,отменён
O01850,C0331,2024-08-30,500.87,одежда,выполнен
O01851,C0035,2024-10-01,1416.57,книги,выполнен
O01852,C0197,2024-07-26,926.09,книги,возврат
O01853,C0098,2024-04-24,455.63,одежда,выполнен
O01854,C0083,2024-07-13,893.53,дом_и_сад,выполнен
O01855,C0406,2024-12-08,521.9,дом_и_сад,выполнен
O01856,C0026,2024-06-18,1565.61,электроника,отменён
O01857,C0209,2024-03-22,803.46,продукты,отменён
O01858,C0092,2024-06-02,2668.19,спорт,выполнен
O01859,C0436,2024-05-20,532.6,электроника,отменён
O01860,C0282,2024-11-09,1772.8,продукты,отменён
O01861,C0120,2024-05-25,715.03,электроника,выполнен
O01862,C0254,2024-11-18,380.77,спорт,отменён
O01863,C0358,2024-05-01,5330.82,книги,выполнен
O01864,C0476,2024-09-08,1896.5,продукты,выполнен
O01865,C0116,2024-12-08,802.28,электроника,выполнен
O01866,C0437,2024-11-06,1227.58,электроника,выполнен
O01867,C0461,2024-03-29,279.89,спорт,выполнен
O01868,C0453,2024-02-27,287.88,одежда,возврат
O01869,C0320,2024-03-03,1621.77,спорт,отменён
O01870,C0316,2024-12-12,667.7,электроника,отменён
O01871,C0200,2024-11-03,587.19,дом_и_сад,отменён
O01872,C0370,2024-10-06,528.29,книги,отменён
O01873,C0266,2024-03-12,751.19,книги,выполнен
O01874,C0336,2024-01-09,542.72,одежда,выполнен
O01875,C0213,2024-04-03,130.88,спорт,выполнен
O01876,C0358,2024-12-04,2064.62,одежда,возврат
O01877,C0404,2024-12-01,608.84,дом_и_сад,возврат
O01878,C0076,2024-05-31,2879.07,электроника,выполнен
O01879,C0409,2024-12-21,162.43,дом_и_сад,выполнен
O01880,C0268,2024-02-09,161.92,продукты,выполнен
O01881,C0416,2024-12-24,533.61,книги,выполнен
O01882,C0215,2024-03-02,1453.92,дом_и_сад,выполнен
O01883,C0186,2024-09-10,250.7,одежда,выполнен
O01884,C0453,2024-03-09,243.04,книги,выполнен
O01885,C0128,2024-09-01,895.66,одежда,выполнен
O01886,C0416,2024-12-30,517.86,красота,возврат
O01887,C0243,2024-06-18,1027.89,дом_и_сад,выполнен
O01888,C0258,2024-06-26,525.34,красота,выполнен
O01889,C0153,2024-07-07,905.16,электроника,выполнен
O01890,C0289,2024-09-16,1984.07,одежда,выполнен
O01891,C0161,2024-03-12,251.13,дом_и_сад,выполнен
O01892,C0026,2024-01-17,1716.13,красота,отменён
O01893,C0140,2024-12-06,170.15,электроника,отменён
O01894,C0003,2024-02-26,1082.98,электроника,выполнен
O01895,C0487,2024-08-05,2070.23,одежда,отменён
O01896,C0478,2024-04-16,437.36,книги,отменён
O01897,C0197,2024-10-30,1113.92,дом_и_сад,отменён
O01898,C0357,2024-06-21,450.49,одежда,возврат
O01899,C0168,2024-08-06,1062.42,электроника,выполнен
O01900,C0335,2024-09-03,109.2,спорт,выполнен
O01901,C0394,2024-08-05,757.27,одежда,выполнен
O01902,C0469,2024-01-31,912.61,дом_и_сад,выполнен
O01903,C0199,2024-02-16,1950.31,продукты,выполнен
O01904,C0384,2024-05-13,1394.38,дом_и_сад,возврат
O01905,C0137,2024-04-17,584.65,книги,возврат
O01906,C0494,2024-03-12,824.23,спорт,отменён
O01907,C0014,2024-11-22,209.16,одежда,выполнен
O01908,C0307,2024-04-17,2478.13,дом_и_сад,выполнен
O01909,C0331,2024-11-04,1156.24,одежда,возврат
O01910,C0341,2024-09-28,150.1,книги,возврат
O01911,C0064,2024-06-19,809.8,электроника,выполнен
O01912,C0463,2024-04-25,860.81,книги,отменён
O01913,C0098,2024-11-24,358.11,электроника,возврат
O01914,C0314,2024-03-14,718.73,электроника,возврат
O01915,C0116,2024-09-12,330.44,одежда,выполнен
O01916,C0153,2024-03-21,216.23,красота,выполнен
O01917,C0273,2024-09-24,407.21,красота,отменён
O01918,C0209,2024-05-07,763.01,одежда,отменён
O01919,C0089,2024-11-21,1397.81,электроника,выполнен
O01920,C0092,2024-08-22,703.35,одежда,выполнен
O01921,C0209,2024-02-10,1408.77,одежда,отменён
O01922,C0371,2024-06-29,1117.63,дом_и_сад,выполнен
O01923,C0441,2024-06-05,290.52,продукты,выполнен
O01924,C0042,2024-02-28,1110.85,дом_и_сад,выполнен
O01925,C0197,2024-12-10,1135.69,дом_и_сад,возврат
O01926,C0051,2024-09-05,2679.65,спорт,возврат
O01927,C0010,2024-07-10,923.83,книги,выполнен
O01928,C0333,2024-01-24,247.71,электроника,выполнен
O01929,C0307,2024-03-20,426.98,электроника,выполнен
O01930,C0089,2024-05-13,151.1,дом_и_сад,возврат
O01931,C0121,2024-07-31,1000.63,одежда,выполнен
O01932,C0014,2024-12-13,2497.82,электроника,выполнен
O01933,C0410,2024-06-14,100.0,красота,выполнен
O01934,C0484,2024-12-13,2583.72,спорт,отменён
O01935,C0071,2024-12-02,990.08,продукты,выполнен
O01936,C0120,2024-03-11,281.11,дом_и_сад,возврат
O01937,C0427,2024-08-01,816.77,одежда,выполнен
O01938,C0460,2024-03-05,288.45,красота,возврат
O01939,C0210,2024-08-08,946.09,электроника,выполнен
O01940,C0029,2024-11-03,699.73,спорт,выполнен
O01941,C0026,2024-10-12,865.64,дом_и_сад,выполнен
O01942,C0292,2024-07-03,318.89,продукты,выполнен
O01943,C0197,2024-07-25,358.29,дом_и_сад,отменён
O01944,C0019,2024-04-08,993.72,красота,выполнен
O01945,C0297,2024-08-29,444.89,дом_и_сад,выполнен
O01946,C0004,2024-06-06,749.36,одежда,отменён
O01947,C0388,2024-04-07,955.65,спорт,возврат
O01948,C0153,2024-02-11,556.75,красота,выполнен
O01949,C0026,2024-05-18,1675.86,продукты,выполнен
O01950,C0299,2024-10-09,573.39,дом_и_сад,выполнен
O01951,C0197,2024-08-14,559.78,продукты,выполнен
O01952,C0484,2024-03-12,401.27,электроника,выполнен
O01953,C0271,2024-08-30,1528.41,электроника,выполнен
O01954,C0142,2024-01-18,377.75,красота,возврат
O01955,C0347,2024-03-17,1814.55,спорт,выполнен
O01956,C0139,2024-02-14,757.85,электроника,выполнен
O01957,C0444,2024-12-08,5685.51,книги,отменён
O01958,C0182,2024-05-19,392.15,продукты,отменён
O01959,C0275,2024-06-25,1844.85,дом_и_сад,выполнен
O01960,C0029,2024-08-09,1000.44,электроника,выполнен
O01961,C0212,2024-04-01,440.98,книги,выполнен
O01962,C0409,2024-01-22,1011.25,спорт,отменён
O01963,C0395,2024-06-20,972.59,дом_и_сад,возврат
O01964,C0116,2024-04-01,510.02,электроника,выполнен
O01965,C0119,2024-07-10,936.95,одежда,отменён
O01966,C0399,2024-03-17,1687.08,одежда,отменён
O01967,C0460,2024-10-07,1001.33,красота,выполнен
O01968,C0048,2024-12-29,475.64,электроника,выполнен
O01969,C0224,2024-06-27,454.68,дом_и_сад,возврат
O01970,C0165,2024-08-25,620.22,электроника,выполнен
O01971,C0428,2024-05-14,1619.66,электроника,отменён
O01972,C0042,2024-12-30,363.93,одежда,выполнен
O01973,C0112,2024-10-06,910.24,дом_и_сад,выполнен
O01974,C0370,2024-01-19,190.57,дом_и_сад,отменён
O01975,C0031,2024-03-23,1070.29,красота,выполнен
O01976,C0251,2024-08-15,1213.69,красота,выполнен
O01977,C0222,2024-09-21,3368.08,электроника,выполнен
O01978,C0164,2024-04-21,1394.42,книги,отменён
O01979,C0197,2024-09-07,482.53,продукты,возврат
O01980,C0265,2024-06-12,194.87,книги,выполнен
O01981,C0089,2024-12-23,1003.61,электроника,выполнен
O01982,C0288,2024-06-16,511.95,книги,выполнен
O01983,C0394,2024-08-08,868.95,электроника,выполнен
O01984,C0371,2024-10-30,373.85,одежда,выполнен
O01985,C0081,2024-07-09,579.08,электроника,выполнен
O01986,C0077,2024-11-20,170.72,электроника,отменён
O01987,C0137,2024-06-18,288.02,продукты,выполнен
O01988,C0176,2024-02-14,257.28,книги,выполнен
O01989,C0204,2024-01-14,1337.06,дом_и_сад,выполнен
O01990,C0338,2024-08-18,343.16,одежда,выполнен
O01991,C0032,2024-06-05,2002.89,электроника,возврат
O01992,C0022,2024-05-13,345.86,продукты,отменён
O01993,C0195,2024-02-06,3557.28,книги,отменён
O01994,C0343,2024-02-22,139.9,электроника,выполнен
O01995,C0102,2024-01-18,933.97,спорт,выполнен
O01996,C0323,2024-02-07,686.0,электроника,выполнен
O01997,C0131,2024-07-05,252.36,продукты,выполнен
O01998,C0437,2024-07-14,428.06,электроника,выполнен
O01999,C0440,2024-08-30,539.68,электроника,отменён
O02000,C0149,2024-10-26,812.28,электроника,отменён
O02001,C0120,2024-10-29,314.46,одежда,выполнен
O02002,C0206,2024-02-04,934.73,одежда,отменён
O02003,C0123,2024-08-02,732.0,спорт,выполнен
O02004,C0335,2024-08-06,1240.6,электроника,выполнен
O02005,C0406,2024-11-11,333.66,электроника,выполнен
O02006,C0335,2024-03-30,479.4,электроника,выполнен
O02007,C0404,2024-11-03,2108.42,книги,выполнен
O02008,C0197,2024-09-08,322.2,спорт,возврат
O02009,C0081,2024-01-08,218.33,дом_и_сад,выполнен
O02010,C0362,2024-09-12,401.51,одежда,выполнен
O02011,C0174,2024-12-28,160.65,одежда,выполнен
O02012,C0335,2024-07-26,2535.93,электроника,выполнен
O02013,C0138,2024-05-10,530.48,продукты,отменён
O02014,C0041,2024-08-11,534.6,спорт,отменён
O02015,C0496,2024-07-15,1204.74,книги,выполнен
O02016,C0081,2024-05-21,372.25,книги,выполнен
O02017,C0494,2024-09-08,559.62,продукты,возврат
O02018,C0487,2024-04-05,364.47,продукты,отменён
O02019,C0390,2024-01-26,163.36,электроника,выполнен
O02020,C0331,2024-04-20,692.71,одежда,выполнен
O02021,C0293,2024-05-02,1511.08,красота,отменён
O02022,C0426,2024-07-04,708.7,электроника,возврат
O02023,C0146,2024-06-16,1388.3,красота,возврат
O02024,C0237,2024-02-20,276.82,продукты,отменён
O02025,C0312,2024-01-05,363.86,продукты,выполнен
O02026,C0206,2024-03-17,236.17,электроника,выполнен
O02027,C0213,2024-06-08,891.8,спорт,отменён
O02028,C0163,2024-07-26,515.9,продукты,выполнен
O02029,C0283,2024-09-13,500.67,одежда,выполнен
O02030,C0417,2024-07-23,1135.91,одежда,выполнен
O02031,C0105,2024-09-11,455.6,электроника,выполнен
O02032,C0461,2024-01-11,1577.72,продукты,отменён
O02033,C0341,2024-01-08,803.14,одежда,отменён
O02034,C0404,2024-02-01,496.25,дом_и_сад,выполнен
O02035,C0282,2024-01-28,192.23,дом_и_сад,выполнен
O02036,C0382,2024-07-24,1130.73,одежда,выполнен
O02037,C0010,2024-08-15,834.1,спорт,возврат
O02038,C0400,2024-05-07,866.84,одежда,отменён
O02039,C0026,2024-09-11,889.24,дом_и_сад,выполнен
O02040,C0437,2024-07-30,435.6,электроника,возврат
O02041,C0496,2024-08-26,589.28,электроника,выполнен
O02042,C0147,2024-07-25,460.89,одежда,отменён
O02043,C0112,2024-11-13,1808.14,дом_и_сад,выполнен
O02044,C0374,2024-10-09,533.74,электроника,выполнен
O02045,C0129,2024-09-01,405.29,электроника,отменён
O02046,C0426,2024-02-14,1910.29,одежда,возврат
O02047,C0054,2024-04-14,1751.06,электроника,выполнен
O02048,C0066,2024-12-13,803.6,дом_и_сад,выполнен
O02049,C0487,2024-10-07,599.51,спорт,отменён
O02050,C0336,2024-08-21,490.96,книги,выполнен
O02051,C0417,2024-07-07,642.15,электроника,выполнен
O02052,C0159,2024-02-13,330.38,одежда,возврат
O02053,C0336,2024-08-12,979.16,дом_и_сад,выполнен
O02054,C0304,2024-05-21,2494.9,дом_и_сад,выполнен
O02055,C0307,2024-05-15,1043.25,одежда,выполнен
O02056,C0339,2024-06-24,275.18,спорт,выполнен
O02057,C0292,2024-05-21,957.27,дом_и_сад,отменён
O02058,C0214,2024-03-20,777.15,электроника,отменён
O02059,C0142,2024-03-22,950.55,дом_и_сад,выполнен
O02060,C0377,2024-05-14,345.28,одежда,отменён
O02061,C0120,2024-07-25,666.93,красота,выполнен
O02062,C0342,2024-12-09,1348.14,спорт,выполнен
O02063,C0121,2024-06-25,282.59,электроника,отменён
O02064,C0315,2024-08-30,464.38,продукты,выполнен
O02065,C0365,2024-02-24,528.33,красота,выполнен
O02066,C0115,2024-05-20,1478.37,дом_и_сад,выполнен
O02067,C0033,2024-02-25,1665.7,одежда,выполнен
O02068,C0068,2024-01-15,143.72,спорт,выполнен
O02069,C0309,2024-07-03,1477.35,спорт,отменён
O02070,C0417,2024-11-09,1708.15,электроника,выполнен
O02071,C0027,2024-03-28,1622.54,электроника,отменён
O02072,C0361,2024-04-06,435.41,спорт,возврат
O02073,C0167,2024-05-23,553.44,продукты,отменён
O02074,C0242,2024-01-08,189.82,электроника,выполнен
O02075,C0460,2024-08-02,124.47,дом_и_сад,выполнен
O02076,C0163,2024-06-21,498.09,продукты,выполнен
O02077,C0236,2024-08-10,707.1,одежда,выполнен
O02078,C0008,2024-02-09,766.18,электроника,выполнен
O02079,C0041,2024-06-30,1282.94,спорт,выполнен
O02080,C0130,2024-09-26,7699.48,спорт,выполнен
O02081,C0018,2024-07-05,484.54,спорт,выполнен
O02082,C0316,2024-09-01,285.87,одежда,выполнен
O02083,C0213,2024-11-04,1029.58,спорт,отменён
O02084,C0274,2024-08-18,794.56,книги,выполнен
O02085,C0094,2024-06-03,420.05,одежда,выполнен
O02086,C0149,2024-06-23,1378.4,одежда,выполнен
O02087,C0333,2024-12-01,347.39,дом_и_сад,отменён
O02088,C0478,2024-04-24,600.13,электроника,выполнен
O02089,C0029,2024-11-06,628.46,одежда,выполнен
O02090,C0438,2024-10-26,311.63,электроника,выполнен
O02091,C0293,2024-01-18,169.4,одежда,выполнен
O02092,C0283,2024-09-28,792.47,продукты,выполнен
O02093,C0254,2024-01-12,1988.17,электроника,выполнен
O02094,C0035,2024-10-27,1434.71,книги,выполнен
O02095,C0046,2024-07-10,1513.59,продукты,выполнен
O02096,C0306,2024-08-19,351.02,спорт,выполнен
O02097,C0167,2024-04-02,789.39,одежда,выполнен
O02098,C0455,2024-08-05,212.87,спорт,выполнен
O02099,C0200,2024-10-04,761.38,продукты,выполнен
O02100,C0073,2024-12-18,2020.35,дом_и_сад,выполнен
O02101,C0352,2024-10-29,2071.17,книги,выполнен
O02102,C0147,2024-01-29,3375.7,дом_и_сад,отменён
O02103,C0263,2024-10-27,1467.54,продукты,выполнен
O02104,C0345,2024-03-17,973.21,дом_и_сад,выполнен
O02105,C0442,2024-01-09,1339.13,продукты,выполнен
O02106,C0388,2024-01-24,1146.49,электроника,возврат
O02107,C0336,2024-01-15,348.69,электроника,выполнен
O02108,C0338,2024-06-12,197.89,красота,выполнен
O02109,C0469,2024-01-13,1347.77,одежда,выполнен
O02110,C0149,2024-12-12,3549.91,книги,выполнен
O02111,C0001,2024-06-20,1392.95,одежда,выполнен
O02112,C0140,2024-12-22,146.79,продукты,выполнен
O02113,C0115,2024-11-22,439.03,спорт,отменён
O02114,C0333,2024-07-18,568.3,электроника,возврат
O02115,C0317,2024-03-16,150.68,дом_и_сад,выполнен
O02116,C0302,2024-06-12,221.07,дом_и_сад,выполнен
O02117,C0010,2024-03-01,645.7,спорт,выполнен
O02118,C0357,2024-09-01,820.0,спорт,выполнен
O02119,C0159,2024-06-03,302.23,электроника,выполнен
O02120,C0334,2024-09-13,213.08,продукты,выполнен
O02121,C0282,2024-08-31,1727.87,электроника,возврат
O02122,C0167,2024-06-10,489.79,одежда,выполнен
O02123,C0071,2024-03-08,549.2,книги,отменён
O02124,C0048,2024-12-09,429.52,спорт,возврат
O02125,C0408,2024-10-03,358.91,дом_и_сад,выполнен
O02126,C0455,2024-06-09,1886.02,спорт,выполнен
O02127,C0326,2024-09-15,329.03,электроника,отменён
O02128,C0054,2024-11-02,767.97,спорт,отменён
O02129,C0200,2024-11-30,669.79,дом_и_сад,выполнен
O02130,C0357,2024-04-04,139.97,электроника,выполнен
O02131,C0384,2024-09-02,806.54,книги,выполнен
O02132,C0063,2024-08-08,193.41,спорт,выполнен
O02133,C0001,2024-05-02,1105.85,электроника,выполнен
O02134,C0351,2024-07-05,257.46,продукты,выполнен
O02135,C0171,2024-09-18,1009.91,продукты,выполнен
O02136,C0129,2024-09-29,471.72,одежда,выполнен
O02137,C0007,2024-02-29,387.82,дом_и_сад,отменён
O02138,C0268,2024-05-04,787.18,книги,выполнен
O02139,C0418,2024-12-02,204.9,дом_и_сад,отменён
O02140,C0476,2024-12-06,629.31,книги,выполнен
O02141,C0285,2024-02-20,1243.64,книги,выполнен
O02142,C0258,2024-06-26,1531.62,красота,выполнен
O02143,C0044,2024-05-18,459.39,электроника,выполнен
O02144,C0274,2024-11-22,516.29,продукты,выполнен
O02145,C0188,2024-06-18,201.64,электроника,возврат
O02146,C0309,2024-02-08,364.83,продукты,выполнен
O02147,C0194,2024-03-09,190.93,красота,выполнен
O02148,C0123,2024-08-23,945.83,электроника,возврат
O02149,C0048,2024-02-17,1304.71,спорт,выполнен
O02150,C0154,2024-02-26,462.49,спорт,выполнен
O02151,C0048,2024-10-03,285.26,электроника,выполнен
O02152,C0097,2024-12-03,851.12,одежда,выполнен
O02153,C0494,2024-04-08,332.16,продукты,выполнен
O02154,C0223,2024-01-15,1138.6,электроника,отменён
O02155,C0266,2024-11-20,3128.61,спорт,выполнен
O02156,C0434,2024-06-27,327.82,продукты,выполнен
O02157,C0499,2024-11-27,367.48,продукты,выполнен
O02158,C0297,2024-03-02,206.92,электроника,выполнен
O02159,C0398,2024-04-28,747.61,продукты,выполнен
O02160,C0161,2024-02-06,708.04,электроника,выполнен
O02161,C0153,2024-05-13,535.69,книги,выполнен
O02162,C0200,2024-01-26,673.79,одежда,выполнен
O02163,C0335,2024-01-08,288.61,книги,выполнен
O02164,C0339,2024-01-04,175.82,дом_и_сад,выполнен
O02165,C0155,2024-01-21,362.4,дом_и_сад,выполнен
O02166,C0070,2024-05-28,143.68,одежда,выполнен
O02167,C0317,2024-01-25,327.79,одежда,отменён
O02168,C0066,2024-05-22,852.17,продукты,выполнен
O02169,C0293,2024-09-01,697.66,электроника,выполнен
O02170,C0342,2024-02-12,160.93,красота,выполнен
O02171,C0346,2024-10-19,1539.91,продукты,выполнен
O02172,C0370,2024-07-03,569.26,красота,возврат
O02173,C0431,2024-02-11,235.22,дом_и_сад,выполнен
O02174,C0254,2024-04-01,496.96,электроника,возврат
O02175,C0358,2024-11-12,417.21,спорт,выполнен
O02176,C0312,2024-11-19,332.22,одежда,отменён
O02177,C0099,2024-02-22,1274.2,одежда,выполнен
O02178,C0014,2024-03-24,274.5,одежда,отменён
O02179,C0145,2024-02-03,771.02,красота,выполнен
O02180,C0222,2024-03-16,227.45,продукты,выполнен
O02181,C0312,2024-12-18,645.8,спорт,возврат
O02182,C0417,2024-07-15,822.49,одежда,отменён
O02183,C0104,2024-10-12,823.75,продукты,выполнен
O02184,C0066,2024-03-28,709.56,одежда,отменён
O02185,C0477,2024-08-22,549.38,одежда,выполнен
O02186,C0055,2024-08-19,283.93,одежда,выполнен
O02187,C0242,2024-01-07,286.56,продукты,отменён
O02188,C0297,2024-10-18,844.77,спорт,выполнен
O02189,C0269,2024-02-07,242.47,одежда,отменён
O02190,C0044,2024-02-21,201.83,красота,возврат
O02191,C0032,2024-05-22,2087.69,электроника,отменён
O02192,C0054,2024-08-08,540.36,продукты,отменён
O02193,C0297,2024-08-27,1105.45,электроника,выполнен
O02194,C0271,2024-05-22,1337.81,электроника,выполнен
O02195,C0121,2024-12-14,692.91,красота,выполнен
O02196,C0320,2024-12-28,492.05,книги,возврат
O02197,C0402,2024-02-18,498.78,дом_и_сад,выполнен
O02198,C0026,2024-10-03,2407.69,книги,выполнен
O02199,C0254,2024-09-27,425.37,книги,выполнен
O02200,C0341,2024-01-14,765.97,спорт,выполнен
O02201,C0129,2024-10-24,1143.51,книги,выполнен
O02202,C0153,2024-01-15,812.87,продукты,выполнен
O02203,C0311,2024-08-21,1583.68,спорт,выполнен
O02204,C0441,2024-03-03,488.19,дом_и_сад,выполнен
O02205,C0397,2024-07-14,1139.88,электроника,выполнен
O02206,C0297,2024-01-27,158.27,книги,выполнен
O02207,C0358,2024-04-02,1953.8,электроника,выполнен
O02208,C0180,2024-04-14,1633.57,книги,возврат
O02209,C0322,2024-11-04,521.37,одежда,выполнен
O02210,C0237,2024-02-21,944.89,одежда,выполнен
O02211,C0100,2024-11-14,1356.76,электроника,отменён
O02212,C0346,2024-06-29,289.98,книги,возврат
O02213,C0282,2024-02-26,592.52,электроника,выполнен
O02214,C0173,2024-04-29,234.02,спорт,выполнен
O02215,C0449,2024-11-03,1653.64,спорт,отменён
O02216,C0013,2024-12-28,1284.61,одежда,выполнен
O02217,C0155,2024-02-12,531.25,красота,возврат
O02218,C0032,2024-05-14,484.19,электроника,выполнен
O02219,C0376,2024-09-16,590.42,спорт,выполнен
O02220,C0346,2024-07-15,324.47,продукты,выполнен
O02221,C0163,2024-05-12,578.69,одежда,выполнен
O02222,C0336,2024-09-11,289.98,электроника,выполнен
O02223,C0197,2024-08-07,1364.67,дом_и_сад,выполнен
O02224,C0371,2024-12-01,1651.68,красота,выполнен
O02225,C0230,2024-02-10,1416.8,электроника,выполнен
O02226,C0208,2024-09-11,255.86,электроника,выполнен
O02227,C0461,2024-01-02,562.98,красота,выполнен
O02228,C0127,2024-07-13,1061.87,электроника,выполнен
O02229,C0064,2024-08-29,1230.29,продукты,выполнен
O02230,C0297,2024-05-28,152.77,продукты,возврат
O02231,C0481,2024-07-16,1202.78,одежда,выполнен
O02232,C0185,2024-10-25,246.01,спорт,выполнен
O02233,C0034,2024-09-01,588.06,красота,выполнен
O02234,C0165,2024-12-03,1818.91,продукты,выполнен
O02235,C0255,2024-04-17,1632.15,дом_и_сад,выполнен
O02236,C0089,2024-07-30,1921.58,спорт,возврат
O02237,C0331,2024-06-04,283.44,продукты,возврат
O02238,C0499,2024-01-26,345.35,электроника,выполнен
O02239,C0226,2024-03-22,424.01,дом_и_сад,выполнен
O02240,C0171,2024-03-23,591.61,одежда,выполнен
O02241,C0199,2024-05-10,791.05,одежда,выполнен
O02242,C0060,2024-11-24,1847.9,красота,выполнен
O02243,C0436,2024-04-09,316.43,дом_и_сад,выполнен
O02244,C0209,2024-09-12,402.19,красота,выполнен
O02245,C0192,2024-02-18,2077.48,одежда,отменён
O02246,C0332,2024-03-03,263.16,книги,выполнен
O02247,C0222,2024-11-06,1189.73,спорт,выполнен
O02248,C0326,2024-10-16,619.6,красота,выполнен
O02249,C0034,2024-04-14,907.29,красота,выполнен
O02250,C0398,2024-04-14,347.55,красота,выполнен
O02251,C0464,2024-11-20,1171.15,красота,возврат
O02252,C0326,2024-01-15,394.11,электроника,возврат
O02253,C0472,2024-06-23,213.65,дом_и_сад,выполнен
O02254,C0078,2024-09-15,976.56,одежда,возврат
O02255,C0241,2024-07-29,100.0,дом_и_сад,выполнен
O02256,C0306,2024-09-15,422.25,красота,выполнен
O02257,C0297,2024-04-11,839.59,электроника,выполнен
O02258,C0200,2024-09-16,1219.53,спорт,выполнен
O02259,C0165,2024-12-09,1774.4,дом_и_сад,выполнен
O02260,C0066,2024-06-07,2757.38,одежда,выполнен
O02261,C0195,2024-02-14,2159.0,одежда,выполнен
O02262,C0089,2024-10-27,775.29,электроника,выполнен
O02263,C0361,2024-09-07,1636.79,электроника,отменён
O02264,C0112,2024-11-26,765.78,спорт,выполнен
O02265,C0032,2024-06-13,1151.39,продукты,выполнен
O02266,C0278,2024-07-11,411.79,электроника,выполнен
O02267,C0304,2024-01-09,962.62,красота,выполнен
O02268,C0431,2024-03-05,455.5,спорт,выполнен
O02269,C0293,2024-10-08,578.92,продукты,возврат
O02270,C0168,2024-06-29,965.05,одежда,выполнен
O02271,C0394,2024-10-08,3544.33,спорт,выполнен
O02272,C0268,2024-10-05,912.16,одежда,выполнен
O02273,C0041,2024-01-30,658.94,дом_и_сад,выполнен
O02274,C0286,2024-09-22,341.92,дом_и_сад,выполнен
O02275,C0446,2024-11-23,1362.34,электроника,выполнен
O02276,C0197,2024-08-04,508.58,книги,возврат
O02277,C0149,2024-11-15,897.24,продукты,выполнен
O02278,C0073,2024-04-14,1166.26,продукты,отменён
O02279,C0078,2024-07-02,1828.57,красота,выполнен
O02280,C0217,2024-11-25,1304.92,продукты,возврат
O02281,C0304,2024-05-27,249.94,дом_и_сад,выполнен
O02282,C0041,2024-04-14,168.38,спорт,выполнен
O02283,C0464,2024-02-16,1165.82,электроника,возврат
O02284,C0371,2024-03-27,712.52,красота,выполнен
O02285,C0299,2024-11-04,909.76,продукты,выполнен
O02286,C0406,2024-05-08,2632.81,продукты,выполнен
O02287,C0041,2024-09-14,406.15,красота,выполнен
O02288,C0241,2024-11-09,1868.94,продукты,выполнен
O02289,C0316,2024-05-26,409.39,дом_и_сад,выполнен
O02290,C0406,2024-03-12,2326.72,книги,отменён
O02291,C0386,2024-05-19,1212.47,одежда,выполнен
O02292,C0143,2024-01-27,199.2,электроника,выполнен
O02293,C0465,2024-01-29,476.36,электроника,выполнен
O02294,C0066,2024-09-27,3079.54,книги,отменён
O02295,C0434,2024-06-22,2785.42,одежда,выполнен
O02296,C0484,2024-09-09,1078.55,одежда,возврат
O02297,C0097,2024-02-29,883.06,одежда,выполнен
O02298,C0355,2024-04-16,805.76,одежда,выполнен
O02299,C0026,2024-08-07,943.52,спорт,выполнен
O02300,C0200,2024-09-15,594.29,красота,выполнен
O02301,C0259,2024-05-25,1752.53,одежда,выполнен
O02302,C0297,2024-02-21,1056.04,продукты,выполнен
O02303,C0463,2024-02-29,307.27,дом_и_сад,выполнен
O02304,C0335,2024-02-03,1123.26,продукты,выполнен
O02305,C0243,2024-04-05,758.99,красота,выполнен
O02306,C0397,2024-03-29,518.03,продукты,выполнен
O02307,C0471,2024-11-11,3037.6,одежда,выполнен
O02308,C0013,2024-08-18,722.72,красота,выполнен
O02309,C0489,2024-10-01,139.01,продукты,отменён
O02310,C0044,2024-09-02,548.36,одежда,выполнен
O02311,C0398,2024-04-20,1472.61,электроника,выполнен
O02312,C0144,2024-08-21,316.97,красота,выполнен
O02313,C0069,2024-10-04,1433.11,дом_и_сад,выполнен
O02314,C0222,2024-06-14,299.42,продукты,выполнен
O02315,C0325,2024-05-07,1937.86,книги,выполнен
O02316,C0188,2024-08-24,420.71,спорт,отменён
O02317,C0032,2024-10-17,501.98,одежда,возврат
O02318,C0305,2024-04-16,473.08,дом_и_сад,выполнен
O02319,C0444,2024-05-07,1072.73,дом_и_сад,отменён
O02320,C0190,2024-07-13,2908.22,продукты,выполнен
O02321,C0115,2024-12-04,673.08,электроника,выполнен
O02322,C0222,2024-05-22,659.36,электроника,отменён
O02323,C0028,2024-04-20,420.48,дом_и_сад,выполнен
O02324,C0402,2024-03-30,180.93,книги,выполнен
O02325,C0406,2024-09-07,455.4,дом_и_сад,выполнен
O02326,C0299,2024-10-06,242.94,книги,выполнен
O02327,C0170,2024-11-28,146.96,дом_и_сад,выполнен
O02328,C0394,2024-08-11,625.41,книги,выполнен
O02329,C0278,2024-04-10,430.92,электроника,выполнен
O02330,C0406,2024-05-11,2000.71,продукты,выполнен
O02331,C0316,2024-01-13,335.47,продукты,выполнен
O02332,C0386,2024-04-07,1137.17,одежда,отменён
O02333,C0305,2024-04-29,1119.52,дом_и_сад,отменён
O02334,C0209,2024-10-19,1938.57,красота,возврат
O02335,C0476,2024-10-30,573.99,продукты,выполнен
O02336,C0269,2024-07-17,1910.72,красота,возврат
O02337,C0309,2024-01-01,1041.85,продукты,выполнен
O02338,C0116,2024-02-29,1654.79,продукты,выполнен
O02339,C0315,2024-09-06,4515.74,спорт,отменён
O02340,C0288,2024-05-19,602.7,одежда,выполнен
O02341,C0098,2024-05-28,762.53,продукты,отменён
O02342,C0033,2024-02-13,497.97,спорт,выполнен
O02343,C0309,2024-07-04,2284.37,красота,выполнен
O02344,C0374,2024-04-17,5343.96,спорт,возврат
O02345,C0263,2024-02-13,1196.71,одежда,возврат
O02346,C0120,2024-03-18,183.45,электроника,отменён
O02347,C0334,2024-08-13,328.16,красота,выполнен
O02348,C0041,2024-06-10,1681.89,продукты,возврат
O02349,C0222,2024-10-07,266.27,красота,выполнен
O02350,C0089,2024-09-09,411.4,спорт,выполнен
O02351,C0098,2024-05-11,400.02,спорт,выполнен
O02352,C0106,2024-05-23,625.33,дом_и_сад,выполнен
O02353,C0191,2024-09-22,816.78,одежда,выполнен
O02354,C0031,2024-04-18,146.71,дом_и_сад,отменён
O02355,C0197,2024-07-12,195.99,продукты,выполнен
O02356,C0256,2024-02-04,199.76,дом_и_сад,выполнен
O02357,C0243,2024-10-01,219.81,книги,выполнен
O02358,C0190,2024-07-05,673.71,электроника,отменён
O02359,C0413,2024-08-30,777.17,спорт,выполнен
O02360,C0073,2024-09-20,1496.0,электроника,отменён
O02361,C0255,2024-01-10,1036.85,электроника,выполнен
O02362,C0034,2024-06-14,417.46,дом_и_сад,выполнен
O02363,C0038,2024-01-29,799.46,электроника,отменён
O02364,C0292,2024-09-27,1545.93,спорт,выполнен
O02365,C0286,2024-03-27,554.51,одежда,выполнен
O02366,C0435,2024-01-23,518.88,одежда,выполнен
O02367,C0282,2024-07-28,312.32,электроника,выполнен
O02368,C0476,2024-02-15,349.37,одежда,возврат
O02369,C0028,2024-01-28,1151.08,книги,возврат
O02370,C0050,2024-01-26,663.11,спорт,возврат
O02371,C0027,2024-09-22,3186.61,красота,выполнен
O02372,C0098,2024-06-23,387.08,электроника,выполнен
O02373,C0269,2024-01-04,1223.04,дом_и_сад,выполнен
O02374,C0325,2024-11-06,906.08,дом_и_сад,выполнен
O02375,C0028,2024-11-17,619.24,одежда,выполнен
O02376,C0469,2024-03-07,469.47,дом_и_сад,выполнен
O02377,C0415,2024-05-14,1075.01,дом_и_сад,выполнен
O02378,C0149,2024-02-24,1026.73,продукты,отменён
O02379,C0040,2024-01-31,781.79,дом_и_сад,выполнен
O02380,C0092,2024-03-14,934.96,продукты,выполнен
O02381,C0066,2024-01-19,684.84,одежда,выполнен
O02382,C0066,2024-06-04,178.94,продукты,возврат
O02383,C0261,2024-12-02,711.59,книги,выполнен
O02384,C0125,2024-06-04,536.55,продукты,выполнен
O02385,C0173,2024-05-26,3155.79,продукты,выполнен
O02386,C0494,2024-03-27,1104.01,спорт,выполнен
O02387,C0340,2024-01-20,781.49,дом_и_сад,отменён
O02388,C0471,2024-09-25,963.2,дом_и_сад,выполнен
O02389,C0073,2024-11-28,293.39,электроника,возврат
O02390,C0189,2024-02-12,408.37,дом_и_сад,выполнен
O02391,C0278,2024-11-01,508.86,продукты,выполнен
O02392,C0040,2024-01-28,907.54,продукты,возврат
O02393,C0001,2024-09-16,469.75,спорт,выполнен
O02394,C0335,2024-01-22,445.34,дом_и_сад,выполнен
O02395,C0323,2024-04-10,283.07,книги,выполнен
O02396,C0206,2024-02-08,678.64,спорт,выполнен
O02397,C0248,2024-10-16,759.34,спорт,возврат
O02398,C0209,2024-12-18,937.13,одежда,возврат
O02399,C0014,2024-10-26,381.15,электроника,отменён
O02400,C0164,2024-06-18,894.82,красота,выполнен
O02401,C0097,2024-10-22,289.39,продукты,выполнен
O02402,C0050,2024-12-18,558.22,спорт,выполнен
O02403,C0474,2024-05-09,846.62,дом_и_сад,выполнен
O02404,C0305,2024-06-04,540.79,электроника,выполнен
O02405,C0357,2024-03-14,190.67,книги,выполнен
O02406,C0155,2024-12-07,209.75,дом_и_сад,выполнен
O02407,C0197,2024-03-30,793.71,дом_и_сад,выполнен
O02408,C0121,2024-03-07,1057.56,электроника,выполнен
O02409,C0050,2024-08-23,872.58,продукты,возврат
O02410,C0097,2024-07-18,1078.14,электроника,выполнен
O02411,C0393,2024-11-27,531.43,спорт,выполнен
O02412,C0336,2024-08-14,1200.81,дом_и_сад,выполнен
O02413,C0273,2024-12-13,870.31,электроника,выполнен
O02414,C0239,2024-08-20,398.79,дом_и_сад,отменён
O02415,C0457,2024-09-22,1003.81,продукты,возврат
O02416,C0038,2024-03-26,842.89,книги,выполнен
O02417,C0144,2024-04-11,2535.12,спорт,выполнен
O02418,C0168,2024-08-01,2005.11,одежда,выполнен
O02419,C0384,2024-04-17,617.8,одежда,возврат
O02420,C0496,2024-06-13,476.21,книги,выполнен
O02421,C0123,2024-03-31,2315.29,продукты,выполнен
O02422,C0434,2024-07-10,1034.04,продукты,отменён
O02423,C0408,2024-11-30,578.64,электроника,отменён
O02424,C0117,2024-03-26,135.47,одежда,выполнен
O02425,C0199,2024-08-09,363.43,книги,возврат
O02426,C0206,2024-12-28,343.77,дом_и_сад,выполнен
O02427,C0487,2024-04-10,591.64,одежда,выполнен
O02428,C0098,2024-08-13,1090.96,продукты,выполнен
O02429,C0393,2024-12-29,1232.75,электроника,выполнен
O02430,C0164,2024-02-29,2208.41,красота,выполнен
O02431,C0358,2024-09-06,1401.25,спорт,выполнен
O02432,C0210,2024-02-17,235.01,дом_и_сад,выполнен
O02433,C0293,2024-04-26,1516.27,дом_и_сад,отменён
O02434,C0409,2024-08-14,2661.54,книги,выполнен
O02435,C0394,2024-12-27,2558.17,красота,выполнен
O02436,C0426,2024-02-02,252.07,электроника,выполнен
O02437,C0033,2024-02-13,570.85,красота,отменён
O02438,C0342,2024-06-13,1434.8,книги,выполнен
O02439,C0073,2024-12-10,263.31,продукты,возврат
O02440,C0209,2024-10-18,167.35,книги,выполнен
O02441,C0274,2024-12-02,855.05,дом_и_сад,выполнен
O02442,C0200,2024-12-09,387.43,дом_и_сад,выполнен
O02443,C0261,2024-10-13,180.34,одежда,выполнен
O02444,C0499,2024-12-29,1778.66,спорт,выполнен
O02445,C0071,2024-08-12,758.58,электроника,выполнен
O02446,C0336,2024-10-12,438.54,книги,отменён
O02447,C0197,2024-07-22,307.68,красота,выполнен
O02448,C0070,2024-06-20,764.83,спорт,выполнен
O02449,C0087,2024-01-12,1004.59,продукты,выполнен
O02450,C0471,2024-11-02,863.29,дом_и_сад,выполнен
O02451,C0436,2024-04-30,197.33,одежда,выполнен
O02452,C0446,2024-08-31,974.07,спорт,выполнен
O02453,C0495,2024-05-31,1159.29,дом_и_сад,выполнен
O02454,C0111,2024-05-31,505.36,электроника,выполнен
O02455,C0171,2024-07-06,1527.96,электроника,возврат
O02456,C0335,2024-01-13,336.46,дом_и_сад,отменён
O02457,C0243,2024-03-31,1867.71,продукты,выполнен
O02458,C0209,2024-07-18,739.41,книги,выполнен
O02459,C0171,2024-03-14,447.23,одежда,выполнен
O02460,C0304,2024-09-12,515.55,электроника,выполнен
O02461,C0292,2024-10-02,1479.45,спорт,выполнен
O02462,C0089,2024-11-23,804.16,дом_и_сад,отменён
O02463,C0238,2024-11-24,1114.38,спорт,отменён
O02464,C0278,2024-03-11,1571.42,дом_и_сад,отменён
O02465,C0288,2024-03-18,436.69,продукты,возврат
O02466,C0112,2024-10-10,736.45,дом_и_сад,выполнен
O02467,C0363,2024-05-09,555.81,электроника,возврат
O02468,C0014,2024-02-12,1500.64,одежда,возврат
O02469,C0171,2024-01-08,489.82,одежда,выполнен
O02470,C0384,2024-01-13,691.09,электроника,выполнен
O02471,C0283,2024-07-31,4173.79,одежда,выполнен
O02472,C0131,2024-04-20,1859.56,электроника,выполнен
O02473,C0343,2024-10-17,290.56,красота,выполнен
O02474,C0287,2024-01-23,1368.65,одежда,возврат
O02475,C0393,2024-10-28,1154.03,одежда,отменён
O02476,C0361,2024-09-10,275.75,книги,выполнен
O02477,C0310,2024-01-15,609.08,продукты,возврат
O02478,C0248,2024-05-09,311.64,продукты,выполнен
O02479,C0070,2024-03-01,100.0,продукты,выполнен
O02480,C0131,2024-04-24,591.83,продукты,выполнен
O02481,C0209,2024-11-15,443.69,одежда,выполнен
O02482,C0305,2024-11-03,275.69,одежда,выполнен
O02483,C0258,2024-11-20,660.06,книги,отменён
O02484,C0146,2024-03-07,121.94,электроника,выполнен
O02485,C0003,2024-09-05,687.47,электроника,выполнен
O02486,C0253,2024-06-23,673.39,спорт,выполнен
O02487,C0146,2024-12-04,1144.81,одежда,выполнен
O02488,C0361,2024-01-02,184.46,продукты,выполнен
O02489,C0014,2024-06-20,3683.21,книги,отменён
O02490,C0297,2024-11-29,2709.83,книги,выполнен
O02491,C0465,2024-10-10,358.32,дом_и_сад,выполнен
O02492,C0094,2024-02-23,2138.35,одежда,отменён
O02493,C0238,2024-03-07,1320.36,красота,выполнен
O02494,C0046,2024-04-11,468.0,одежда,выполнен
O02495,C0315,2024-04-29,409.33,электроника,выполнен
O02496,C0275,2024-07-09,434.86,продукты,выполнен
O02497,C0200,2024-10-30,6381.1,дом_и_сад,выполнен
O02498,C0261,2024-02-16,1974.55,электроника,выполнен
O02499,C0441,2024-08-09,565.54,спорт,выполнен
O02500,C0104,2024-01-21,605.99,книги,выполнен
O02501,C0013,2024-06-06,1310.23,одежда,выполнен
O02502,C0425,2024-12-13,1265.11,дом_и_сад,выполнен
O02503,C0293,2024-06-07,309.36,продукты,возврат
O02504,C0438,2024-08-22,843.9,продукты,возврат
O02505,C0305,2024-05-29,427.5,одежда,выполнен
O02506,C0397,2024-09-13,751.27,спорт,отменён
O02507,C0214,2024-06-13,640.08,одежда,возврат
O02508,C0367,2024-03-17,1501.34,книги,возврат
O02509,C0453,2024-03-25,536.67,красота,выполнен
O02510,C0288,2024-02-15,731.18,красота,выполнен
O02511,C0098,2024-02-16,148.05,электроника,выполнен
O02512,C0137,2024-07-31,861.71,электроника,выполнен
O02513,C0105,2024-02-28,356.8,продукты,выполнен
O02514,C0125,2024-02-23,197.61,дом_и_сад,отменён
O02515,C0153,2024-12-07,1641.38,красота,выполнен
O02516,C0278,2024-01-12,643.28,дом_и_сад,выполнен
O02517,C0299,2024-07-10,126.25,спорт,отменён
O02518,C0213,2024-01-06,355.35,электроника,выполнен
O02519,C0312,2024-11-04,667.81,книги,возврат
O02520,C0041,2024-05-23,683.89,электроника,выполнен
O02521,C0044,2024-12-11,446.07,электроника,выполнен
O02522,C0093,2024-09-17,100.0,книги,выполнен
O02523,C0261,2024-03-13,427.72,спорт,выполнен
O02524,C0114,2024-06-22,1566.86,электроника,возврат
O02525,C0145,2024-08-19,2042.47,продукты,выполнен
O02526,C0199,2024-09-26,409.12,электроника,отменён
O02527,C0398,2024-12-27,3000.9,спорт,выполнен
O02528,C0009,2024-08-09,182.43,одежда,отменён
O02529,C0326,2024-02-21,347.92,книги,возврат
O02530,C0335,2024-04-25,1357.22,одежда,выполнен
O02531,C0393,2024-01-26,1196.61,продукты,отменён
O02532,C0461,2024-02-22,660.04,электроника,возврат
O02533,C0012,2024-12-30,271.7,одежда,выполнен
O02534,C0081,2024-01-29,271.12,дом_и_сад,выполнен
O02535,C0437,2024-01-19,372.21,дом_и_сад,выполнен
O02536,C0232,2024-10-29,280.71,одежда,возврат
O02537,C0284,2024-10-05,738.46,продукты,возврат
O02538,C0333,2024-04-26,617.81,книги,выполнен
O02539,C0338,2024-04-15,262.67,одежда,выполнен
O02540,C0461,2024-11-04,500.74,электроника,возврат
O02541,C0499,2024-08-14,100.0,продукты,возврат
O02542,C0355,2024-12-17,872.51,спорт,выполнен
O02543,C0146,2024-07-04,1180.13,электроника,выполнен
O02544,C0436,2024-09-17,320.71,одежда,отменён
O02545,C0028,2024-01-16,354.57,спорт,выполнен
O02546,C0120,2024-09-29,817.55,красота,выполнен
O02547,C0441,2024-06-08,724.16,продукты,выполнен
O02548,C0130,2024-12-23,1234.59,электроника,отменён
O02549,C0116,2024-09-06,357.33,спорт,выполнен
O02550,C0072,2024-08-11,392.11,одежда,выполнен
O02551,C0424,2024-09-12,557.49,одежда,выполнен
O02552,C0254,2024-06-28,283.47,спорт,выполнен
O02553,C0336,2024-01-20,547.86,красота,возврат
O02554,C0122,2024-04-21,287.2,книги,отменён
O02555,C0371,2024-04-29,928.95,электроника,выполнен
O02556,C0371,2024-07-12,314.74,дом_и_сад,выполнен
O02557,C0154,2024-04-20,814.29,одежда,выполнен
O02558,C0206,2024-07-28,2133.02,одежда,возврат
O02559,C0112,2024-01-01,936.9,красота,выполнен
O02560,C0487,2024-02-27,765.64,красота,отменён
O02561,C0325,2024-04-02,223.43,электроника,выполнен
O02562,C0461,2024-08-08,2020.76,электроника,выполнен
O02563,C0151,2024-07-29,1623.89,одежда,выполнен
O02564,C0384,2024-08-19,586.94,спорт,выполнен
O02565,C0376,2024-09-18,489.17,книги,выполнен
O02566,C0342,2024-12-29,346.82,электроника,отменён
O02567,C0478,2024-04-12,2783.6,продукты,выполнен
O02568,C0197,2024-02-19,1245.35,одежда,выполнен
O02569,C0068,2024-04-19,362.59,электроника,возврат
O02570,C0335,2024-03-28,1602.65,дом_и_сад,выполнен
O02571,C0357,2024-01-20,1941.7,книги,выполнен
O02572,C0292,2024-01-14,653.95,одежда,выполнен
O02573,C0109,2024-05-12,504.98,электроника,возврат
O02574,C0255,2024-10-22,300.53,электроника,выполнен
O02575,C0154,2024-02-03,1171.39,продукты,выполнен
O02576,C0213,2024-07-26,472.64,одежда,возврат
O02577,C0325,2024-10-27,457.26,продукты,возврат
O02578,C0364,2024-07-17,659.04,продукты,выполнен
O02579,C0121,2024-03-20,345.71,одежда,отменён
O02580,C0200,2024-03-11,2259.14,дом_и_сад,возврат
O02581,C0137,2024-06-03,1442.78,электроника,выполнен
O02582,C0105,2024-03-18,707.15,дом_и_сад,выполнен
O02583,C0386,2024-03-18,336.64,спорт,отменён
O02584,C0447,2024-06-20,351.49,книги,возврат
O02585,C0182,2024-10-15,339.31,электроника,выполнен
O02586,C0370,2024-02-02,248.5,дом_и_сад,выполнен
O02587,C0441,2024-10-26,861.05,электроника,выполнен
O02588,C0416,2024-10-02,397.84,красота,выполнен
O02589,C0098,2024-01-07,380.07,дом_и_сад,выполнен
O02590,C0474,2024-06-08,346.84,одежда,отменён
O02591,C0185,2024-08-27,1484.54,одежда,выполнен
O02592,C0165,2024-01-24,362.54,книги,выполнен
O02593,C0034,2024-08-01,1835.8,книги,отменён
O02594,C0247,2024-03-10,528.4,книги,отменён
O02595,C0055,2024-08-03,245.66,книги,возврат
O02596,C0127,2024-04-13,968.18,книги,выполнен
O02597,C0155,2024-08-02,1352.65,спорт,выполнен
O02598,C0397,2024-02-23,334.81,электроника,выполнен
O02599,C0434,2024-10-20,699.66,электроника,отменён
O02600,C0151,2024-11-25,858.14,спорт,выполнен
O02601,C0424,2024-12-01,718.03,продукты,выполнен
O02602,C0423,2024-07-21,461.04,спорт,выполнен
O02603,C0374,2024-10-14,1346.54,одежда,выполнен
O02604,C0076,2024-02-14,544.09,спорт,выполнен
O02605,C0341,2024-11-12,409.71,одежда,отменён
O02606,C0468,2024-07-16,162.05,продукты,выполнен
O02607,C0339,2024-08-03,163.27,продукты,выполнен
O02608,C0163,2024-11-04,790.55,электроника,выполнен
O02609,C0254,2024-11-27,625.38,книги,выполнен
O02610,C0325,2024-07-02,1352.83,продукты,возврат
O02611,C0256,2024-01-27,1642.92,книги,возврат
O02612,C0064,2024-06-14,546.71,одежда,выполнен
O02613,C0154,2024-11-13,1420.72,электроника,выполнен
O02614,C0394,2024-09-30,424.33,электроника,отменён
O02615,C0424,2024-12-30,589.98,электроника,выполнен
O02616,C0072,2024-04-12,576.64,электроника,выполнен
O02617,C0472,2024-11-28,2352.54,электроника,выполнен
O02618,C0163,2024-04-13,239.18,книги,возврат
O02619,C0333,2024-09-01,697.37,красота,возврат
O02620,C0370,2024-10-31,381.14,красота,выполнен
O02621,C0398,2024-06-17,523.63,красота,выполнен
O02622,C0469,2024-04-25,506.02,продукты,выполнен
O02623,C0154,2024-05-20,704.61,спорт,выполнен
O02624,C0424,2024-12-21,1953.8,электроника,выполнен
O02625,C0069,2024-05-04,3046.05,электроника,выполнен
O02626,C0346,2024-01-25,1124.68,дом_и_сад,выполнен
O02627,C0363,2024-07-12,303.9,книги,возврат
O02628,C0336,2024-04-09,578.42,дом_и_сад,выполнен
O02629,C0129,2024-01-05,819.33,книги,возврат
O02630,C0431,2024-01-19,480.32,одежда,возврат
O02631,C0092,2024-06-18,532.9,продукты,выполнен
O02632,C0032,2024-09-30,628.33,продукты,выполнен
O02633,C0352,2024-09-10,1233.7,красота,выполнен
O02634,C0239,2024-04-30,1016.53,красота,выполнен
O02635,C0417,2024-02-01,408.24,спорт,отменён
O02636,C0190,2024-05-28,1068.77,электроника,выполнен
O02637,C0092,2024-09-22,2642.52,одежда,выполнен
O02638,C0412,2024-02-06,198.27,одежда,выполнен
O02639,C0274,2024-06-25,468.78,книги,выполнен
O02640,C0100,2024-12-07,441.12,электроника,выполнен
O02641,C0355,2024-01-13,709.06,одежда,выполнен
O02642,C0256,2024-07-01,154.61,одежда,выполнен
O02643,C0309,2024-05-24,1976.08,красота,выполнен
O02644,C0236,2024-09-21,690.51,продукты,возврат
O02645,C0406,2024-03-28,844.3,спорт,возврат
O02646,C0406,2024-02-15,769.59,продукты,выполнен
O02647,C0347,2024-04-28,440.0,электроника,выполнен
O02648,C0054,2024-01-19,1163.19,одежда,выполнен
O02649,C0413,2024-08-07,667.93,книги,выполнен
O02650,C0335,2024-08-20,125.5,книги,выполнен
O02651,C0343,2024-04-03,610.01,продукты,выполнен
O02652,C0180,2024-09-07,532.69,одежда,выполнен
O02653,C0436,2024-09-06,1161.41,книги,выполнен
O02654,C0356,2024-10-08,5774.06,дом_и_сад,выполнен
O02655,C0059,2024-08-19,899.78,электроника,выполнен
O02656,C0202,2024-02-15,3625.83,одежда,возврат
O02657,C0437,2024-02-15,384.14,дом_и_сад,выполнен
O02658,C0028,2024-01-14,404.36,спорт,возврат
O02659,C0477,2024-03-25,546.13,красота,выполнен
O02660,C0338,2024-11-14,934.63,книги,отменён
O02661,C0316,2024-11-23,398.42,электроника,выполнен
O02662,C0138,2024-01-03,183.19,дом_и_сад,выполнен
O02663,C0127,2024-01-28,677.52,одежда,возврат
O02664,C0465,2024-06-05,266.56,дом_и_сад,выполнен
O02665,C0149,2024-12-08,1624.03,спорт,выполнен
O02666,C0381,2024-11-28,1113.31,продукты,возврат
O02667,C0197,2024-11-27,362.27,книги,возврат
O02668,C0072,2024-06-23,957.79,дом_и_сад,выполнен
O02669,C0004,2024-04-23,429.01,книги,отменён
O02670,C0271,2024-11-26,637.94,одежда,возврат
O02671,C0485,2024-09-06,643.33,одежда,выполнен
O02672,C0181,2024-02-28,508.52,спорт,выполнен
O02673,C0171,2024-07-21,1292.77,красота,выполнен
O02674,C0167,2024-11-10,271.69,одежда,отменён
O02675,C0261,2024-08-26,1022.07,электроника,отменён
O02676,C0222,2024-08-21,848.63,продукты,выполнен
O02677,C0436,2024-10-29,216.23,спорт,отменён
O02678,C0255,2024-04-04,352.29,книги,выполнен
O02679,C0255,2024-05-20,277.24,дом_и_сад,выполнен
O02680,C0072,2024-11-29,496.14,красота,выполнен
O02681,C0489,2024-04-22,691.42,дом_и_сад,выполнен
O02682,C0127,2024-04-18,316.49,одежда,выполнен
O02683,C0039,2024-12-27,1444.19,спорт,выполнен
O02684,C0333,2024-12-10,1550.33,дом_и_сад,выполнен
O02685,C0304,2024-10-15,1785.65,красота,возврат
O02686,C0209,2024-04-06,100.0,электроника,возврат
O02687,C0210,2024-11-30,3160.66,электроника,выполнен
O02688,C0386,2024-01-16,759.64,электроника,выполнен
O02689,C0104,2024-02-13,690.79,спорт,выполнен
O02690,C0402,2024-08-17,613.08,электроника,возврат
O02691,C0326,2024-04-17,231.13,спорт,выполнен
O02692,C0209,2024-08-04,886.97,книги,отменён
O02693,C0232,2024-09-16,2415.24,продукты,выполнен
O02694,C0130,2024-11-07,752.36,спорт,отменён
O02695,C0370,2024-11-15,272.58,красота,выполнен
O02696,C0258,2024-07-14,196.32,спорт,выполнен
O02697,C0156,2024-04-04,525.73,одежда,отменён
O02698,C0305,2024-02-25,366.79,одежда,возврат
O02699,C0499,2024-02-01,1166.85,продукты,возврат
O02700,C0217,2024-08-18,1990.89,электроника,выполнен
O02701,C0457,2024-01-09,968.47,спорт,выполнен
O02702,C0167,2024-07-09,621.37,красота,отменён
O02703,C0032,2024-12-26,598.23,спорт,возврат
O02704,C0107,2024-07-18,704.06,одежда,отменён
O02705,C0209,2024-11-29,262.97,одежда,выполнен
O02706,C0116,2024-06-09,1076.87,красота,выполнен
O02707,C0001,2024-03-27,280.16,книги,возврат
O02708,C0453,2024-01-21,1624.47,продукты,выполнен
O02709,C0415,2024-11-06,497.4,одежда,возврат
O02710,C0363,2024-03-16,1292.91,дом_и_сад,выполнен
O02711,C0092,2024-05-20,204.67,одежда,возврат
O02712,C0064,2024-05-05,1285.63,электроника,выполнен
O02713,C0035,2024-09-07,1978.36,одежда,возврат
O02714,C0355,2024-03-24,238.59,продукты,выполнен
O02715,C0460,2024-02-17,607.41,одежда,выполнен
O02716,C0215,2024-03-18,869.49,одежда,отменён
O02717,C0064,2024-01-30,904.24,электроника,возврат
O02718,C0257,2024-10-11,506.92,спорт,выполнен
O02719,C0168,2024-05-15,440.25,спорт,выполнен
O02720,C0182,2024-05-19,814.53,электроника,выполнен
O02721,C0313,2024-02-10,881.87,красота,выполнен
O02722,C0354,2024-10-08,402.65,продукты,выполнен
O02723,C0056,2024-02-19,343.77,электроника,выполнен
O02724,C0022,2024-09-14,1753.03,одежда,возврат
O02725,C0498,2024-11-06,724.97,дом_и_сад,возврат
O02726,C0121,2024-12-25,108.05,одежда,выполнен
O02727,C0032,2024-09-26,1761.65,электроника,выполнен
O02728,C0100,2024-05-13,412.52,спорт,выполнен
O02729,C0026,2024-08-21,701.62,продукты,выполнен
O02730,C0195,2024-05-07,897.75,дом_и_сад,выполнен
O02731,C0394,2024-04-13,202.97,дом_и_сад,возврат
O02732,C0167,2024-09-10,527.93,красота,отменён
O02733,C0223,2024-04-04,1908.47,электроника,выполнен
O02734,C0336,2024-12-02,1590.0,электроника,выполнен
O02735,C0256,2024-08-04,527.27,красота,отменён
O02736,C0425,2024-03-01,1179.29,спорт,выполнен
O02737,C0426,2024-09-24,1310.31,дом_и_сад,выполнен
O02738,C0003,2024-08-28,1257.9,электроника,выполнен
O02739,C0382,2024-01-13,265.92,электроника,возврат
O02740,C0236,2024-05-26,2472.34,электроника,возврат
O02741,C0494,2024-08-27,458.94,продукты,отменён
O02742,C0243,2024-03-29,725.94,электроника,выполнен
O02743,C0494,2024-04-04,502.19,продукты,выполнен
O02744,C0371,2024-11-10,799.36,спорт,отменён
O02745,C0127,2024-10-19,333.15,электроника,выполнен
O02746,C0268,2024-01-25,555.52,электроника,возврат
O02747,C0496,2024-09-28,769.86,одежда,выполнен
O02748,C0423,2024-06-14,1771.74,электроника,выполнен
O02749,C0050,2024-09-06,1608.64,электроника,выполнен
O02750,C0347,2024-03-27,1675.12,одежда,отменён
O02751,C0168,2024-05-21,1332.65,продукты,возврат
O02752,C0003,2024-05-13,2914.17,дом_и_сад,возврат
O02753,C0200,2024-10-05,527.36,электроника,возврат
O02754,C0121,2024-05-05,586.27,дом_и_сад,выполнен
O02755,C0401,2024-11-11,567.28,книги,выполнен
O02756,C0165,2024-05-20,633.4,спорт,выполнен
O02757,C0406,2024-12-21,210.82,электроника,выполнен
O02758,C0001,2024-04-12,822.06,продукты,выполнен
O02759,C0153,2024-08-13,989.15,спорт,выполнен
O02760,C0123,2024-03-03,541.35,красота,выполнен
O02761,C0121,2024-10-20,163.06,красота,выполнен
O02762,C0035,2024-11-01,676.64,продукты,возврат
O02763,C0099,2024-09-10,236.1,спорт,отменён
O02764,C0282,2024-06-28,936.22,книги,выполнен
O02765,C0147,2024-02-09,731.76,книги,выполнен
O02766,C0209,2024-09-20,791.47,продукты,выполнен
O02767,C0185,2024-07-07,284.62,одежда,отменён
O02768,C0435,2024-01-08,1824.88,электроника,отменён
O02769,C0444,2024-04-13,762.17,продукты,выполнен
O02770,C0252,2024-08-12,320.09,дом_и_сад,выполнен
O02771,C0163,2024-02-03,1057.55,красота,выполнен
O02772,C0055,2024-08-23,719.24,книги,отменён
O02773,C0472,2024-08-15,2891.51,одежда,возврат
O02774,C0033,2024-07-06,427.39,дом_и_сад,выполнен
O02775,C0149,2024-11-08,245.18,одежда,выполнен
O02776,C0149,2024-01-22,838.38,дом_и_сад,выполнен
O02777,C0156,2024-12-08,1494.85,спорт,возврат
O02778,C0090,2024-02-09,4265.76,одежда,отменён
O02779,C0384,2024-06-21,10248.53,одежда,выполнен
O02780,C0066,2024-06-27,192.17,электроника,выполнен
O02781,C0319,2024-03-26,596.94,электроника,отменён
O02782,C0066,2024-05-12,245.83,книги,выполнен
O02783,C0037,2024-12-16,545.71,электроника,выполнен
O02784,C0447,2024-01-13,4826.1,электроника,отменён
O02785,C0101,2024-01-28,345.24,одежда,отменён
O02786,C0402,2024-03-24,653.56,книги,выполнен
O02787,C0273,2024-11-13,417.93,одежда,выполнен
O02788,C0040,2024-12-14,298.08,электроника,отменён
O02789,C0474,2024-12-08,2791.21,дом_и_сад,возврат
O02790,C0125,2024-10-06,194.14,одежда,выполнен
O02791,C0424,2024-12-19,622.65,одежда,выполнен
O02792,C0092,2024-09-19,713.63,дом_и_сад,возврат
O02793,C0419,2024-06-14,647.79,одежда,выполнен
O02794,C0007,2024-10-19,516.68,книги,выполнен
O02795,C0256,2024-03-08,2419.88,спорт,отменён
O02796,C0377,2024-08-13,122.79,спорт,выполнен
O02797,C0461,2024-06-18,943.09,одежда,отменён
O02798,C0447,2024-03-26,977.31,книги,возврат
O02799,C0401,2024-05-12,836.81,спорт,выполнен
O02800,C0437,2024-06-26,342.18,электроника,выполнен
O02801,C0105,2024-12-08,1744.15,одежда,выполнен
O02802,C0145,2024-09-08,1675.7,продукты,выполнен
O02803,C0146,2024-01-15,332.66,дом_и_сад,выполнен
O02804,C0185,2024-08-10,255.11,красота,выполнен
O02805,C0197,2024-07-19,218.57,спорт,отменён
O02806,C0273,2024-04-16,796.58,продукты,выполнен
O02807,C0087,2024-09-06,690.51,одежда,отменён
O02808,C0342,2024-03-29,498.26,дом_и_сад,выполнен
O02809,C0092,2024-05-04,3515.91,красота,выполнен
O02810,C0153,2024-04-22,459.96,продукты,выполнен
O02811,C0255,2024-05-16,772.78,электроника,выполнен
O02812,C0393,2024-09-03,569.38,электроника,выполнен
O02813,C0363,2024-06-14,3198.68,одежда,выполнен
O02814,C0325,2024-05-29,135.4,спорт,выполнен
O02815,C0081,2024-12-28,519.09,красота,выполнен
O02816,C0273,2024-12-08,1087.25,одежда,выполнен
O02817,C0044,2024-03-08,556.74,одежда,возврат
O02818,C0185,2024-08-08,234.28,продукты,отменён
O02819,C0209,2024-09-27,766.07,красота,выполнен
O02820,C0026,2024-11-16,181.81,продукты,отменён
O02821,C0141,2024-11-05,1137.04,одежда,возврат
O02822,C0474,2024-12-14,477.89,электроника,выполнен
O02823,C0472,2024-01-20,417.72,продукты,выполнен
O02824,C0170,2024-10-15,1535.98,книги,выполнен
O02825,C0026,2024-04-09,298.1,одежда,отменён
O02826,C0097,2024-09-08,193.65,продукты,выполнен
O02827,C0195,2024-03-17,321.06,спорт,выполнен
O02828,C0470,2024-05-14,3420.7,продукты,выполнен
O02829,C0073,2024-06-21,297.99,электроника,выполнен
O02830,C0374,2024-12-28,891.07,красота,выполнен
O02831,C0055,2024-07-19,1305.95,спорт,выполнен
O02832,C0489,2024-08-04,313.63,дом_и_сад,отменён
O02833,C0188,2024-07-26,313.95,спорт,выполнен
O02834,C0381,2024-03-14,768.26,красота,возврат
O02835,C0167,2024-01-11,796.52,продукты,выполнен
O02836,C0316,2024-10-13,1954.9,продукты,отменён
O02837,C0101,2024-09-12,359.46,одежда,возврат
O02838,C0076,2024-01-12,491.86,одежда,выполнен
O02839,C0463,2024-03-18,6442.79,одежда,выполнен
O02840,C0455,2024-06-20,158.52,красота,возврат
O02841,C0437,2024-04-05,134.54,книги,выполнен
O02842,C0315,2024-11-01,219.99,одежда,выполнен
O02843,C0397,2024-09-29,1605.65,одежда,отменён
O02844,C0035,2024-06-27,468.42,электроника,отменён
O02845,C0164,2024-03-04,468.29,книги,отменён
O02846,C0154,2024-05-11,307.3,одежда,выполнен
O02847,C0320,2024-12-08,1386.77,спорт,выполнен
O02848,C0171,2024-09-28,222.73,книги,отменён
O02849,C0076,2024-11-14,417.71,продукты,выполнен
O02850,C0305,2024-11-27,317.19,книги,отменён
O02851,C0398,2024-12-06,100.0,продукты,выполнен
O02852,C0189,2024-04-18,453.69,дом_и_сад,выполнен
O02853,C0069,2024-09-29,634.39,продукты,отменён
O02854,C0105,2024-06-16,357.66,продукты,выполнен
O02855,C0122,2024-06-28,536.67,красота,отменён
O02856,C0149,2024-02-27,547.79,спорт,выполнен
O02857,C0324,2024-03-19,597.99,одежда,выполнен
O02858,C0306,2024-03-01,286.22,одежда,отменён
O02859,C0343,2024-04-30,273.37,электроника,выполнен
O02860,C0180,2024-07-25,690.6,дом_и_сад,выполнен
O02861,C0404,2024-02-03,204.21,одежда,выполнен
O02862,C0107,2024-03-10,560.43,книги,отменён
O02863,C0237,2024-01-17,2461.17,одежда,отменён
O02864,C0394,2024-01-20,644.8,одежда,выполнен
O02865,C0098,2024-11-10,154.28,дом_и_сад,выполнен
O02866,C0055,2024-03-09,768.05,продукты,выполнен
O02867,C0436,2024-08-02,1280.23,книги,выполнен
O02868,C0167,2024-06-09,352.04,спорт,выполнен
O02869,C0340,2024-04-11,523.66,одежда,возврат
O02870,C0014,2024-07-24,329.59,спорт,выполнен
O02871,C0341,2024-05-24,459.55,электроника,выполнен
O02872,C0155,2024-02-26,390.55,одежда,выполнен
O02873,C0032,2024-03-23,942.5,одежда,возврат
O02874,C0310,2024-09-25,2506.42,спорт,выполнен
O02875,C0123,2024-07-05,696.29,электроника,выполнен
O02876,C0191,2024-01-06,193.76,одежда,выполнен
O02877,C0041,2024-12-18,5031.87,одежда,выполнен
O02878,C0076,2024-12-15,1060.31,электроника,отменён
O02879,C0149,2024-04-19,1247.85,электроника,возврат
O02880,C0046,2024-05-17,632.08,одежда,возврат
O02881,C0448,2024-02-20,801.26,одежда,отменён
O02882,C0003,2024-02-20,506.0,электроника,выполнен
O02883,C0243,2024-03-27,1370.54,электроника,отменён
O02884,C0066,2024-03-08,453.99,книги,выполнен
O02885,C0153,2024-03-24,983.88,дом_и_сад,отменён
O02886,C0459,2024-02-11,1444.51,продукты,выполнен
O02887,C0089,2024-08-06,1802.17,книги,выполнен
O02888,C0478,2024-02-26,1518.62,электроника,выполнен
O02889,C0109,2024-08-13,293.28,одежда,отменён
O02890,C0363,2024-07-14,2340.68,книги,выполнен
O02891,C0273,2024-09-04,1131.62,спорт,отменён
O02892,C0436,2024-06-14,849.35,красота,выполнен
O02893,C0278,2024-03-02,931.41,красота,отменён
O02894,C0267,2024-09-19,585.98,электроника,возврат
O02895,C0104,2024-04-21,457.92,красота,возврат
O02896,C0092,2024-09-09,495.32,красота,выполнен
O02897,C0453,2024-07-17,1864.04,одежда,выполнен
O02898,C0162,2024-06-26,709.7,красота,возврат
O02899,C0182,2024-01-26,833.28,электроника,выполнен
O02900,C0371,2024-09-02,697.93,спорт,выполнен
O02901,C0165,2024-01-19,389.81,одежда,выполнен
O02902,C0472,2024-09-21,119.41,электроника,выполнен
O02903,C0362,2024-11-12,1230.25,спорт,возврат
O02904,C0305,2024-01-20,1130.28,одежда,возврат
O02905,C0436,2024-04-15,659.07,спорт,отменён
O02906,C0029,2024-08-24,278.05,спорт,выполнен
O02907,C0130,2024-11-01,2854.51,продукты,возврат
O02908,C0236,2024-09-02,506.27,электроника,отменён
O02909,C0120,2024-03-21,811.27,спорт,выполнен
O02910,C0364,2024-05-29,378.98,книги,выполнен
O02911,C0456,2024-01-10,225.93,спорт,выполнен
O02912,C0211,2024-11-16,1066.04,спорт,отменён
O02913,C0167,2024-08-11,200.21,продукты,выполнен
O02914,C0477,2024-09-20,798.9,продукты,отменён
O02915,C0223,2024-05-28,800.75,продукты,выполнен
O02916,C0248,2024-10-04,271.56,красота,выполнен
O02917,C0169,2024-09-30,235.77,дом_и_сад,отменён
O02918,C0447,2024-07-12,359.12,продукты,выполнен
O02919,C0287,2024-06-20,402.6,продукты,выполнен
O02920,C0374,2024-09-21,195.63,продукты,выполнен
O02921,C0398,2024-11-05,270.4,спорт,отменён
O02922,C0167,2024-01-26,706.78,продукты,выполнен
O02923,C0217,2024-12-15,3267.23,дом_и_сад,выполнен
O02924,C0417,2024-12-21,1489.38,одежда,выполнен
O02925,C0180,2024-01-26,756.28,продукты,возврат
O02926,C0390,2024-02-03,1640.36,книги,возврат
O02927,C0465,2024-09-20,1676.34,одежда,выполнен
O02928,C0314,2024-05-17,521.14,красота,выполнен
O02929,C0363,2024-10-30,817.55,электроника,выполнен
O02930,C0394,2024-07-01,1454.36,одежда,отменён
O02931,C0416,2024-12-28,1622.26,продукты,выполнен
O02932,C0197,2024-08-29,1634.77,дом_и_сад,отменён
O02933,C0031,2024-02-23,292.48,дом_и_сад,отменён
O02934,C0200,2024-06-16,1702.82,электроника,выполнен
O02935,C0336,2024-04-28,2940.87,одежда,выполнен
O02936,C0224,2024-05-22,2196.77,спорт,выполнен
O02937,C0365,2024-03-21,279.1,одежда,возврат
O02938,C0171,2024-09-01,228.24,продукты,выполнен
O02939,C0319,2024-12-17,965.05,продукты,выполнен
O02940,C0099,2024-12-23,2164.33,спорт,отменён
O02941,C0366,2024-03-02,797.06,одежда,выполнен
O02942,C0273,2024-02-15,551.16,электроника,возврат
O02943,C0107,2024-03-27,618.84,продукты,выполнен
O02944,C0147,2024-04-08,1504.77,электроника,отменён
O02945,C0365,2024-10-21,514.25,продукты,выполнен
O02946,C0243,2024-02-22,977.27,книги,выполнен
O02947,C0115,2024-07-10,599.27,электроника,отменён
O02948,C0478,2024-03-20,326.79,электроника,возврат
O02949,C0352,2024-01-16,306.94,электроника,возврат
O02950,C0474,2024-12-25,1012.57,книги,выполнен
O02951,C0213,2024-11-21,100.0,электроника,выполнен
O02952,C0239,2024-07-12,975.95,красота,выполнен
O02953,C0441,2024-05-20,580.28,одежда,выполнен
O02954,C0263,2024-04-17,1417.81,одежда,выполнен
O02955,C0347,2024-10-29,1076.18,электроника,выполнен
O02956,C0129,2024-09-21,689.31,спорт,отменён
O02957,C0223,2024-10-16,283.19,спорт,отменён
O02958,C0066,2024-07-27,295.72,продукты,отменён
O02959,C0109,2024-06-13,397.04,одежда,возврат
O02960,C0001,2024-12-07,1332.58,одежда,выполнен
O02961,C0026,2024-11-15,2737.95,одежда,выполнен
O02962,C0487,2024-05-31,866.02,продукты,выполнен
O02963,C0123,2024-10-16,415.14,одежда,выполнен
O02964,C0333,2024-09-24,451.23,дом_и_сад,выполнен
O02965,C0413,2024-05-30,468.15,одежда,выполнен
O02966,C0275,2024-07-25,1528.58,одежда,выполнен
O02967,C0081,2024-09-11,460.88,продукты,возврат
O02968,C0357,2024-12-18,642.3,электроника,отменён
O02969,C0306,2024-05-20,1950.5,продукты,возврат
O02970,C0358,2024-12-08,422.43,одежда,возврат
O02971,C0377,2024-12-23,1038.62,электроника,выполнен
O02972,C0484,2024-04-05,1366.99,красота,выполнен
O02973,C0292,2024-08-14,699.77,одежда,возврат
O02974,C0167,2024-07-11,3175.73,продукты,выполнен
O02975,C0326,2024-10-29,2520.88,книги,возврат
O02976,C0035,2024-11-09,820.96,электроника,выполнен
O02977,C0441,2024-04-27,349.65,книги,возврат
O02978,C0064,2024-01-05,363.13,одежда,выполнен
O02979,C0162,2024-12-17,788.48,спорт,выполнен
O02980,C0399,2024-08-30,278.1,дом_и_сад,выполнен
O02981,C0305,2024-01-21,824.81,книги,возврат
O02982,C0197,2024-05-31,2566.96,спорт,возврат
O02983,C0238,2024-05-07,699.24,продукты,отменён
O02984,C0419,2024-05-03,655.14,спорт,отменён
O02985,C0165,2024-05-25,1316.27,одежда,отменён
O02986,C0427,2024-10-03,1012.19,дом_и_сад,возврат
O02987,C0044,2024-11-05,265.43,электроника,возврат
O02988,C0381,2024-05-31,462.11,спорт,выполнен
O02989,C0417,2024-12-25,3026.5,спорт,выполнен
O02990,C0098,2024-04-20,862.95,книги,выполнен
O02991,C0215,2024-04-25,297.33,продукты,выполнен
O02992,C0091,2024-07-06,570.51,дом_и_сад,отменён
O02993,C0347,2024-02-26,159.8,электроника,выполнен
O02994,C0267,2024-09-07,150.5,электроника,выполнен
O02995,C0320,2024-05-29,1459.45,продукты,выполнен
O02996,C0104,2024-06-10,662.77,спорт,отменён
O02997,C0112,2024-04-29,1007.37,спорт,выполнен
O02998,C0026,2024-03-10,1679.59,дом_и_сад,выполнен
O02999,C0156,2024-12-16,872.69,одежда,выполнен
O03000,C0282,2024-04-08,1195.69,спорт,выполнен
O03001,C0424,2024-06-15,817.17,электроника,выполнен
O03002,C0334,2024-10-24,1861.46,одежда,выполнен
O03003,C0217,2024-05-30,2748.36,электроника,отменён
O03004,C0472,2024-11-21,780.28,дом_и_сад,выполнен
O03005,C0354,2024-01-02,754.54,продукты,выполнен
O03006,C0460,2024-05-31,859.31,одежда,выполнен
O03007,C0264,2024-12-30,611.3,спорт,выполнен
O03008,C0130,2024-03-05,482.88,одежда,отменён
O03009,C0031,2024-11-21,1538.66,книги,отменён
O03010,C0356,2024-03-09,483.41,продукты,возврат
O03011,C0065,2024-04-30,461.61,электроника,отменён
O03012,C0151,2024-04-18,1364.71,красота,выполнен
O03013,C0266,2024-11-11,1451.12,электроника,выполнен
O03014,C0283,2024-09-03,4301.75,дом_и_сад,выполнен
O03015,C0306,2024-04-02,1764.69,продукты,выполнен
O03016,C0092,2024-09-24,1289.0,одежда,выполнен
O03017,C0188,2024-04-12,1446.75,дом_и_сад,отменён
O03018,C0312,2024-04-21,590.93,электроника,выполнен
O03019,C0482,2024-11-16,1042.91,книги,отменён
O03020,C0356,2024-10-30,1083.24,одежда,возврат
O03021,C0457,2024-12-09,431.1,одежда,выполнен
O03022,C0374,2024-03-02,639.6,спорт,выполнен
O03023,C0300,2024-10-26,1424.98,электроника,отменён
O03024,C0101,2024-05-15,655.37,продукты,отменён
O03025,C0334,2024-02-24,1084.92,книги,выполнен
O03026,C0314,2024-04-17,1362.99,дом_и_сад,выполнен
O03027,C0307,2024-10-29,1313.06,продукты,выполнен
O03028,C0249,2024-09-14,2655.85,спорт,выполнен
O03029,C0265,2024-09-09,417.79,красота,выполнен
O03030,C0164,2024-08-09,2475.05,электроника,выполнен
O03031,C0261,2024-06-15,972.06,спорт,выполнен
O03032,C0105,2024-06-08,1296.26,одежда,выполнен
O03033,C0394,2024-06-14,1161.61,книги,выполнен
O03034,C0099,2024-07-23,1115.53,дом_и_сад,возврат
O03035,C0044,2024-09-23,399.46,книги,выполнен
O03036,C0217,2024-05-17,1258.69,красота,выполнен
O03037,C0331,2024-12-11,210.38,одежда,выполнен
O03038,C0220,2024-09-04,3555.36,электроника,отменён
O03039,C0143,2024-02-24,902.76,одежда,отменён
O03040,C0282,2024-07-27,1682.4,продукты,выполнен
O03041,C0168,2024-01-17,1147.63,спорт,выполнен
O03042,C0461,2024-03-08,684.9,дом_и_сад,возврат
O03043,C0457,2024-05-12,431.56,одежда,возврат
O03044,C0254,2024-07-06,370.82,продукты,выполнен
O03045,C0162,2024-11-03,1240.78,дом_и_сад,выполнен
O03046,C0362,2024-05-17,1189.86,одежда,возврат
O03047,C0024,2024-06-22,1039.77,одежда,выполнен
O03048,C0238,2024-04-06,605.34,спорт,выполнен
O03049,C0164,2024-06-19,925.74,продукты,выполнен
O03050,C0457,2024-06-02,474.24,красота,выполнен
O03051,C0006,2024-07-01,385.81,одежда,отменён
O03052,C0278,2024-08-29,532.8,дом_и_сад,отменён
O03053,C0363,2024-10-30,551.88,спорт,выполнен
O03054,C0245,2024-10-11,2146.0,электроника,выполнен
O03055,C0044,2024-01-27,223.18,электроника,выполнен
O03056,C0484,2024-12-25,647.8,одежда,выполнен
O03057,C0261,2024-02-29,1103.1,электроника,отменён
O03058,C0312,2024-07-20,3256.56,одежда,отменён
O03059,C0121,2024-09-06,409.14,спорт,отменён
O03060,C0243,2024-12-27,272.4,спорт,выполнен
O03061,C0214,2024-03-09,1186.07,спорт,выполнен
O03062,C0040,2024-01-21,758.91,электроника,отменён
O03063,C0055,2024-05-31,557.44,спорт,возврат
O03064,C0412,2024-04-11,943.98,продукты,выполнен
O03065,C0123,2024-04-04,1325.41,книги,выполнен
O03066,C0104,2024-12-26,1199.47,красота,выполнен
O03067,C0255,2024-08-16,846.73,дом_и_сад,выполнен
O03068,C0377,2024-05-04,1907.3,дом_и_сад,выполнен
O03069,C0034,2024-09-14,778.93,электроника,выполнен
O03070,C0293,2024-11-17,688.49,электроника,отменён
O03071,C0064,2024-08-23,1177.46,книги,выполнен
O03072,C0024,2024-06-10,242.64,продукты,выполнен
O03073,C0031,2024-02-11,1088.55,продукты,выполнен
O03074,C0410,2024-10-02,521.87,книги,выполнен
O03075,C0063,2024-12-18,229.52,спорт,отменён
O03076,C0027,2024-03-08,934.63,электроника,выполнен
O03077,C0220,2024-06-21,460.99,одежда,возврат
O03078,C0415,2024-11-26,182.8,электроника,отменён
O03079,C0133,2024-05-04,331.32,дом_и_сад,выполнен
O03080,C0210,2024-06-18,2570.15,продукты,выполнен
O03081,C0026,2024-02-16,426.09,красота,выполнен
O03082,C0224,2024-09-17,861.24,дом_и_сад,выполнен
O03083,C0293,2024-08-04,279.41,электроника,выполнен
O03084,C0288,2024-10-31,3571.51,электроника,выполнен
O03085,C0163,2024-05-03,703.08,продукты,выполнен
O03086,C0155,2024-10-19,384.81,красота,выполнен
O03087,C0055,2024-06-10,1350.29,одежда,возврат
O03088,C0180,2024-07-19,3429.46,книги,возврат
O03089,C0051,2024-10-01,479.81,одежда,выполнен
O03090,C0376,2024-07-24,378.71,одежда,выполнен
O03091,C0478,2024-02-09,4171.91,книги,выполнен
O03092,C0482,2024-09-29,602.96,электроника,выполнен
O03093,C0426,2024-07-06,550.44,спорт,выполнен
O03094,C0306,2024-12-20,119.64,электроника,выполнен
O03095,C0346,2024-04-02,647.47,книги,отменён
O03096,C0146,2024-02-11,224.81,книги,выполнен
O03097,C0316,2024-04-16,424.93,книги,выполнен
O03098,C0230,2024-11-23,132.76,электроника,отменён
O03099,C0243,2024-03-05,1786.69,электроника,возврат
O03100,C0371,2024-12-30,205.76,продукты,выполнен
O03101,C0144,2024-11-04,140.81,одежда,выполнен
O03102,C0155,2024-05-14,321.64,спорт,возврат
O03103,C0457,2024-01-24,1804.19,продукты,выполнен
O03104,C0032,2024-01-28,465.92,электроника,выполнен
O03105,C0246,2024-03-02,518.53,дом_и_сад,выполнен
O03106,C0453,2024-09-29,975.31,книги,выполнен
O03107,C0310,2024-08-16,589.15,красота,выполнен
O03108,C0273,2024-01-20,1790.71,продукты,отменён
O03109,C0127,2024-01-03,549.11,одежда,выполнен
O03110,C0167,2024-08-05,556.35,электроника,возврат
O03111,C0419,2024-11-02,4069.82,электроника,выполнен
O03112,C0282,2024-05-15,695.15,одежда,выполнен
O03113,C0258,2024-01-03,799.88,красота,выполнен
O03114,C0051,2024-07-11,562.09,электроника,выполнен
O03115,C0010,2024-03-13,100.0,одежда,выполнен
O03116,C0478,2024-12-26,1337.15,электроника,выполнен
O03117,C0185,2024-04-27,2510.97,одежда,выполнен
O03118,C0307,2024-06-02,1816.33,электроника,возврат
O03119,C0041,2024-07-27,425.61,продукты,выполнен
O03120,C0339,2024-02-03,579.08,продукты,выполнен
O03121,C0461,2024-05-16,879.5,электроника,выполнен
O03122,C0292,2024-11-13,855.04,электроника,выполнен
O03123,C0066,2024-04-29,1146.85,спорт,выполнен
O03124,C0297,2024-04-24,782.46,продукты,выполнен
O03125,C0376,2024-01-13,498.17,электроника,выполнен
O03126,C0200,2024-03-09,742.15,красота,выполнен
O03127,C0436,2024-11-28,1478.86,продукты,возврат
O03128,C0326,2024-09-13,6856.98,спорт,отменён
O03129,C0441,2024-03-29,446.24,книги,выполнен
O03130,C0314,2024-02-16,797.09,продукты,выполнен
O03131,C0068,2024-09-16,497.39,книги,отменён
O03132,C0153,2024-08-15,850.68,красота,выполнен
O03133,C0105,2024-06-28,1451.75,электроника,выполнен
O03134,C0447,2024-01-10,563.12,книги,выполнен
O03135,C0371,2024-10-10,129.43,электроника,выполнен
O03136,C0336,2024-05-05,1514.53,одежда,возврат
O03137,C0151,2024-05-13,738.29,книги,выполнен
O03138,C0098,2024-06-03,505.92,книги,выполнен
O03139,C0371,2024-09-04,423.17,дом_и_сад,выполнен
O03140,C0238,2024-05-19,853.17,электроника,отменён
O03141,C0118,2024-11-13,381.19,продукты,выполнен
O03142,C0312,2024-06-24,418.55,спорт,выполнен
O03143,C0026,2024-11-18,244.96,одежда,выполнен
O03144,C0161,2024-06-22,385.33,красота,отменён
O03145,C0237,2024-03-14,1101.79,одежда,выполнен
O03146,C0076,2024-12-16,220.32,одежда,отменён
O03147,C0489,2024-05-22,1671.8,электроника,отменён
O03148,C0112,2024-10-18,259.0,одежда,выполнен
O03149,C0068,2024-04-21,749.91,дом_и_сад,выполнен
O03150,C0107,2024-07-24,980.4,одежда,выполнен
O03151,C0377,2024-05-10,1286.54,дом_и_сад,выполнен
O03152,C0211,2024-04-19,1286.8,электроника,отменён
O03153,C0285,2024-03-07,621.9,продукты,выполнен
O03154,C0013,2024-03-26,579.84,дом_и_сад,выполнен
O03155,C0022,2024-10-01,1071.94,электроника,выполнен
O03156,C0223,2024-08-14,830.83,спорт,выполнен
O03157,C0399,2024-11-20,504.39,дом_и_сад,выполнен
O03158,C0437,2024-01-10,894.96,спорт,выполнен
O03159,C0044,2024-12-20,581.9,продукты,выполнен
O03160,C0268,2024-10-14,411.4,книги,выполнен
O03161,C0453,2024-04-21,491.43,красота,возврат
O03162,C0194,2024-01-24,981.55,электроника,выполнен
O03163,C0406,2024-10-17,316.57,дом_и_сад,выполнен
O03164,C0071,2024-12-04,1611.74,электроника,выполнен
O03165,C0462,2024-11-21,425.89,электроника,выполнен
O03166,C0370,2024-06-16,109.08,одежда,выполнен
O03167,C0465,2024-04-18,1034.87,красота,выполнен
O03168,C0336,2024-07-08,100.0,спорт,отменён
O03169,C0180,2024-12-20,296.03,одежда,возврат
O03170,C0463,2024-07-14,4619.15,электроника,отменён
O03171,C0142,2024-02-02,1553.08,красота,выполнен
O03172,C0163,2024-07-23,1453.75,одежда,выполнен
O03173,C0346,2024-11-07,271.77,одежда,выполнен
O03174,C0374,2024-06-30,572.89,книги,отменён
O03175,C0460,2024-05-26,1795.69,спорт,выполнен
O03176,C0107,2024-09-24,1109.55,электроника,возврат
O03177,C0393,2024-01-11,1650.26,продукты,выполнен
O03178,C0362,2024-03-10,2766.2,красота,возврат
O03179,C0034,2024-09-12,1127.87,книги,возврат
O03180,C0192,2024-08-06,248.5,электроника,выполнен
O03181,C0144,2024-10-23,1073.53,одежда,выполнен
O03182,C0151,2024-12-27,550.91,электроника,возврат
O03183,C0489,2024-09-15,236.82,спорт,отменён
O03184,C0324,2024-01-03,1360.55,дом_и_сад,выполнен
O03185,C0352,2024-03-24,1740.03,одежда,выполнен
O03186,C0487,2024-06-04,617.01,дом_и_сад,выполнен
O03187,C0185,2024-05-30,859.53,спорт,выполнен
O03188,C0394,2024-06-24,126.71,дом_и_сад,возврат
O03189,C0217,2024-07-13,1634.38,красота,отменён
O03190,C0427,2024-04-16,1254.65,продукты,выполнен
O03191,C0098,2024-05-13,812.55,одежда,возврат
O03192,C0470,2024-10-02,244.21,дом_и_сад,выполнен
O03193,C0115,2024-12-17,178.48,книги,выполнен
O03194,C0161,2024-06-03,3365.26,электроника,возврат
O03195,C0371,2024-10-03,298.97,книги,выполнен
O03196,C0197,2024-08-23,740.52,электроника,возврат
O03197,C0309,2024-08-27,306.45,электроника,выполнен
O03198,C0223,2024-01-13,106.58,электроника,возврат
O03199,C0363,2024-12-07,951.85,красота,отменён
O03200,C0120,2024-02-04,1078.24,продукты,возврат
O03201,C0032,2024-02-16,175.03,электроника,выполнен
O03202,C0149,2024-08-01,1614.25,красота,отменён
O03203,C0238,2024-05-25,436.47,дом_и_сад,выполнен
O03204,C0092,2024-06-07,279.76,книги,выполнен
O03205,C0171,2024-05-04,265.46,одежда,выполнен
O03206,C0199,2024-04-19,1335.39,электроника,отменён
O03207,C0032,2024-02-06,142.74,продукты,выполнен
O03208,C0297,2024-10-03,246.23,дом_и_сад,выполнен
O03209,C0436,2024-01-14,939.44,спорт,выполнен
O03210,C0081,2024-12-12,844.67,спорт,выполнен
O03211,C0305,2024-08-19,293.66,дом_и_сад,выполнен
O03212,C0334,2024-11-11,1861.38,одежда,отменён
O03213,C0210,2024-05-03,273.02,спорт,выполнен
O03214,C0346,2024-10-05,562.93,продукты,выполнен
O03215,C0206,2024-04-20,506.36,электроника,возврат
O03216,C0255,2024-05-03,507.93,одежда,отменён
O03217,C0003,2024-01-30,568.92,дом_и_сад,выполнен
O03218,C0342,2024-04-24,555.48,книги,возврат
O03219,C0333,2024-03-30,550.04,одежда,выполнен
O03220,C0026,2024-07-30,575.05,электроника,отменён
O03221,C0181,2024-02-07,1584.91,электроника,возврат
O03222,C0487,2024-03-23,552.29,красота,отменён
O03223,C0210,2024-01-27,1156.97,дом_и_сад,выполнен
O03224,C0254,2024-08-04,749.18,красота,возврат
O03225,C0447,2024-12-25,891.57,книги,отменён
O03226,C0352,2024-08-02,1239.33,одежда,возврат
O03227,C0297,2024-08-08,267.14,электроника,выполнен
O03228,C0393,2024-01-15,1098.74,продукты,выполнен
O03229,C0425,2024-09-15,561.31,электроника,выполнен
O03230,C0230,2024-09-22,308.34,электроника,выполнен
O03231,C0239,2024-04-29,1237.22,одежда,возврат
O03232,C0191,2024-05-07,473.28,спорт,выполнен
O03233,C0478,2024-07-29,899.64,продукты,отменён
O03234,C0343,2024-01-11,100.0,одежда,выполнен
O03235,C0041,2024-06-24,1189.0,спорт,возврат
O03236,C0425,2024-05-12,5282.07,электроника,выполнен
O03237,C0243,2024-11-20,661.08,дом_и_сад,возврат
O03238,C0035,2024-11-15,538.7,дом_и_сад,выполнен
O03239,C0275,2024-01-14,459.88,одежда,отменён
O03240,C0209,2024-02-19,1037.4,спорт,выполнен
O03241,C0435,2024-03-12,521.5,продукты,выполнен
O03242,C0107,2024-03-09,1116.6,электроника,выполнен
O03243,C0406,2024-01-16,2638.48,одежда,выполнен
O03244,C0282,2024-11-29,1303.53,красота,выполнен
O03245,C0032,2024-12-22,578.4,электроника,выполнен
O03246,C0484,2024-02-25,272.49,продукты,возврат
O03247,C0257,2024-04-14,479.83,книги,выполнен
O03248,C0147,2024-05-11,584.91,одежда,возврат
O03249,C0238,2024-02-17,231.63,одежда,выполнен
O03250,C0424,2024-09-04,1586.92,книги,отменён
O03251,C0152,2024-09-29,1048.66,одежда,выполнен
O03252,C0101,2024-04-20,287.47,спорт,отменён
O03253,C0068,2024-11-21,160.23,дом_и_сад,возврат
O03254,C0149,2024-12-01,1181.19,дом_и_сад,выполнен
O03255,C0384,2024-12-14,178.63,красота,выполнен
O03256,C0238,2024-02-07,711.34,книги,возврат
O03257,C0120,2024-12-22,479.33,спорт,возврат
O03258,C0091,2024-08-27,1261.41,книги,выполнен
O03259,C0163,2024-11-13,1273.15,книги,выполнен
O03260,C0464,2024-04-30,344.81,красота,выполнен
O03261,C0167,2024-02-17,1353.4,дом_и_сад,отменён
O03262,C0494,2024-01-10,527.65,электроника,выполнен
O03263,C0245,2024-08-20,675.31,дом_и_сад,возврат
O03264,C0097,2024-02-05,686.47,электроника,возврат
O03265,C0438,2024-01-04,4017.98,одежда,выполнен
O03266,C0236,2024-02-13,604.55,электроника,отменён
O03267,C0347,2024-02-25,174.6,красота,отменён
O03268,C0489,2024-02-11,375.49,одежда,выполнен
O03269,C0029,2024-09-11,1200.43,дом_и_сад,выполнен
O03270,C0049,2024-08-15,529.93,спорт,выполнен
O03271,C0355,2024-04-23,673.15,электроника,выполнен
O03272,C0144,2024-08-24,470.8,спорт,отменён
O03273,C0098,2024-06-22,100.0,спорт,выполнен
O03274,C0026,2024-09-11,356.95,книги,выполнен
O03275,C0013,2024-10-03,625.26,электроника,выполнен
O03276,C0381,2024-11-30,161.49,одежда,выполнен
O03277,C0071,2024-03-09,259.03,дом_и_сад,выполнен
O03278,C0237,2024-11-21,506.74,электроника,отменён
O03279,C0309,2024-08-17,510.27,одежда,выполнен
O03280,C0213,2024-03-07,911.91,одежда,выполнен
O03281,C0016,2024-10-30,533.0,спорт,возврат
O03282,C0386,2024-02-05,885.46,одежда,выполнен
O03283,C0003,2024-06-07,379.92,спорт,выполнен
O03284,C0374,2024-05-28,787.81,красота,выполнен
O03285,C0439,2024-01-27,2157.9,дом_и_сад,выполнен
O03286,C0217,2024-03-12,838.13,одежда,выполнен
O03287,C0267,2024-09-04,551.14,продукты,отменён
O03288,C0241,2024-04-10,312.88,одежда,отменён
O03289,C0194,2024-07-08,713.07,электроника,выполнен
O03290,C0437,2024-04-05,558.7,одежда,выполнен
O03291,C0439,2024-10-08,1042.73,одежда,выполнен
O03292,C0164,2024-11-17,154.85,спорт,возврат
O03293,C0312,2024-10-04,572.21,красота,возврат
O03294,C0460,2024-01-17,930.22,красота,возврат
O03295,C0477,2024-09-19,737.68,электроника,выполнен
O03296,C0256,2024-04-16,509.78,спорт,выполнен
O03297,C0227,2024-03-08,504.17,электроника,выполнен
O03298,C0144,2024-05-07,276.14,спорт,выполнен
O03299,C0476,2024-10-19,900.63,электроника,выполнен
O03300,C0073,2024-10-20,934.4,красота,выполнен
O03301,C0294,2024-04-05,214.76,книги,возврат
O03302,C0144,2024-01-01,1226.24,электроника,выполнен
O03303,C0144,2024-10-24,393.99,дом_и_сад,отменён
O03304,C0200,2024-06-28,492.36,спорт,отменён
O03305,C0499,2024-06-29,2931.05,продукты,выполнен
O03306,C0032,2024-08-22,2395.95,спорт,возврат
O03307,C0293,2024-11-14,209.08,дом_и_сад,возврат
O03308,C0041,2024-12-02,239.08,книги,возврат
O03309,C0081,2024-01-08,286.92,дом_и_сад,выполнен
O03310,C0221,2024-01-27,2366.06,спорт,отменён
O03311,C0256,2024-11-03,409.21,книги,выполнен
O03312,C0130,2024-05-25,204.52,красота,выполнен
O03313,C0155,2024-03-31,1782.83,одежда,выполнен
O03314,C0044,2024-12-07,1069.72,электроника,возврат
O03315,C0151,2024-09-28,4026.89,дом_и_сад,выполнен
O03316,C0478,2024-11-17,1068.0,красота,выполнен
O03317,C0468,2024-01-05,648.39,электроника,отменён
O03318,C0164,2024-03-22,814.16,продукты,выполнен
O03319,C0288,2024-08-06,462.94,электроника,выполнен
O03320,C0447,2024-04-27,1890.12,дом_и_сад,выполнен
O03321,C0003,2024-03-21,1971.64,красота,выполнен
O03322,C0397,2024-03-10,187.48,продукты,выполнен
O03323,C0471,2024-04-24,1413.78,продукты,выполнен
O03324,C0046,2024-09-19,282.35,книги,выполнен
O03325,C0089,2024-11-01,4587.03,электроника,отменён
O03326,C0476,2024-05-21,2238.66,книги,отменён
O03327,C0267,2024-07-25,267.62,продукты,выполнен
O03328,C0009,2024-04-20,805.29,спорт,выполнен
O03329,C0130,2024-10-29,1472.14,продукты,отменён
O03330,C0224,2024-04-21,403.85,спорт,выполнен
O03331,C0342,2024-02-12,222.95,красота,выполнен
O03332,C0359,2024-12-12,721.57,красота,выполнен
O03333,C0499,2024-10-11,585.52,книги,выполнен
O03334,C0146,2024-05-07,320.08,электроника,возврат
O03335,C0268,2024-07-03,1788.04,одежда,выполнен
O03336,C0267,2024-08-16,237.18,продукты,выполнен
O03337,C0200,2024-08-08,610.15,книги,отменён
O03338,C0092,2024-12-17,769.28,продукты,выполнен
O03339,C0487,2024-04-26,851.65,красота,выполнен
O03340,C0419,2024-03-10,1643.43,красота,выполнен
O03341,C0254,2024-03-10,548.93,спорт,выполнен
O03342,C0307,2024-04-19,100.0,книги,выполнен
O03343,C0120,2024-05-11,488.13,красота,выполнен
O03344,C0271,2024-02-25,1188.6,книги,выполнен
O03345,C0343,2024-03-29,592.69,спорт,выполнен
O03346,C0258,2024-05-16,596.21,книги,выполнен
O03347,C0494,2024-05-10,1013.3,электроника,возврат
O03348,C0310,2024-08-05,1126.01,спорт,возврат
O03349,C0182,2024-06-24,159.32,одежда,выполнен
O03350,C0378,2024-06-19,655.27,электроника,возврат
O03351,C0092,2024-04-09,568.97,книги,выполнен
O03352,C0190,2024-05-08,706.34,спорт,отменён
O03353,C0168,2024-02-26,137.58,одежда,возврат
O03354,C0217,2024-06-29,1916.91,продукты,выполнен
O03355,C0384,2024-09-02,668.73,красота,выполнен
O03356,C0245,2024-05-23,934.48,книги,выполнен
O03357,C0390,2024-02-20,2731.99,электроника,выполнен
O03358,C0293,2024-08-05,941.73,красота,отменён
O03359,C0167,2024-04-13,194.04,одежда,выполнен
O03360,C0397,2024-02-24,620.7,дом_и_сад,выполнен
O03361,C0122,2024-09-13,1141.29,дом_и_сад,выполнен
O03362,C0116,2024-12-11,695.97,красота,отменён
O03363,C0255,2024-06-04,2605.7,книги,выполнен
O03364,C0131,2024-02-22,335.37,одежда,выполнен
O03365,C0003,2024-11-24,1801.0,спорт,отменён
O03366,C0326,2024-07-05,1301.48,продукты,отменён
O03367,C0256,2024-12-29,714.09,продукты,выполнен
O03368,C0223,2024-05-29,867.02,спорт,выполнен
O03369,C0478,2024-09-20,304.25,продукты,выполнен
O03370,C0288,2024-09-06,520.19,продукты,выполнен
O03371,C0425,2024-10-24,1055.42,одежда,выполнен
O03372,C0072,2024-07-29,590.34,спорт,выполнен
O03373,C0287,2024-01-25,697.98,дом_и_сад,выполнен
O03374,C0426,2024-10-20,1471.38,продукты,выполнен
O03375,C0297,2024-12-06,144.63,красота,выполнен
O03376,C0352,2024-05-31,893.82,электроника,возврат
O03377,C0182,2024-01-24,2755.16,спорт,выполнен
O03378,C0046,2024-09-08,492.01,спорт,выполнен
O03379,C0232,2024-02-29,245.81,электроника,выполнен
O03380,C0197,2024-03-06,487.22,одежда,выполнен
O03381,C0426,2024-02-22,197.62,книги,выполнен
O03382,C0124,2024-04-15,796.76,спорт,отменён
O03383,C0478,2024-04-05,627.06,продукты,возврат
O03384,C0476,2024-06-24,858.33,продукты,выполнен
O03385,C0127,2024-02-08,598.85,книги,выполнен
O03386,C0168,2024-06-16,777.99,одежда,выполнен
O03387,C0440,2024-02-11,953.74,книги,выполнен
O03388,C0478,2024-04-13,255.16,одежда,возврат
O03389,C0222,2024-11-28,877.32,спорт,выполнен
O03390,C0156,2024-07-22,2118.72,электроника,выполнен
O03391,C0263,2024-01-08,308.16,книги,выполнен
O03392,C0340,2024-10-08,851.21,дом_и_сад,выполнен
O03393,C0141,2024-02-12,1873.87,спорт,выполнен
O03394,C0362,2024-04-19,264.0,электроника,возврат
O03395,C0031,2024-07-28,1259.27,продукты,выполнен
O03396,C0029,2024-08-24,556.9,одежда,отменён
O03397,C0191,2024-12-21,1493.79,продукты,выполнен
O03398,C0170,2024-11-14,343.93,книги,возврат
O03399,C0155,2024-02-18,660.34,дом_и_сад,отменён
O03400,C0249,2024-04-24,197.4,одежда,выполнен
O03401,C0156,2024-06-03,943.72,красота,отменён
O03402,C0101,2024-05-16,952.4,книги,выполнен
O03403,C0153,2024-06-15,1025.2,продукты,отменён
O03404,C0484,2024-11-16,985.63,спорт,выполнен
O03405,C0206,2024-07-17,618.4,книги,отменён
O03406,C0223,2024-03-11,203.95,спорт,выполнен
O03407,C0293,2024-01-07,1470.95,спорт,выполнен
O03408,C0489,2024-07-18,645.0,дом_и_сад,выполнен
O03409,C0123,2024-12-01,911.22,одежда,отменён
O03410,C0338,2024-03-07,573.54,книги,выполнен
O03411,C0352,2024-05-17,3187.55,спорт,выполнен
O03412,C0309,2024-08-29,422.37,спорт,выполнен
O03413,C0045,2024-07-31,409.57,электроника,выполнен
O03414,C0336,2024-06-29,190.7,одежда,выполнен
O03415,C0034,2024-09-10,728.02,продукты,выполнен
O03416,C0305,2024-04-10,2941.65,продукты,выполнен
O03417,C0363,2024-12-16,735.12,дом_и_сад,возврат
O03418,C0112,2024-03-27,797.67,одежда,отменён
O03419,C0414,2024-07-03,1448.92,электроника,отменён
O03420,C0019,2024-03-31,757.24,спорт,выполнен
O03421,C0415,2024-09-04,1736.16,спорт,выполнен
O03422,C0236,2024-08-01,1955.09,электроника,выполнен
O03423,C0115,2024-12-24,413.89,электроника,возврат
O03424,C0071,2024-09-05,211.8,красота,выполнен
O03425,C0472,2024-05-05,1154.79,электроника,выполнен
O03426,C0038,2024-01-04,861.01,книги,выполнен
O03427,C0105,2024-03-28,288.1,продукты,выполнен
O03428,C0168,2024-05-30,386.67,спорт,отменён
O03429,C0313,2024-06-24,385.71,электроника,выполнен
O03430,C0273,2024-07-29,748.42,книги,выполнен
O03431,C0066,2024-09-15,1477.21,электроника,выполнен
O03432,C0146,2024-03-31,1544.88,продукты,выполнен
O03433,C0122,2024-09-15,1252.2,одежда,отменён
O03434,C0114,2024-07-09,526.54,книги,выполнен
O03435,C0206,2024-03-21,3928.8,книги,выполнен
O03436,C0346,2024-05-17,683.06,одежда,выполнен
O03437,C0115,2024-12-15,487.34,одежда,выполнен
O03438,C0180,2024-05-05,222.99,дом_и_сад,выполнен
O03439,C0194,2024-12-21,503.69,книги,выполнен
O03440,C0487,2024-11-04,944.84,спорт,выполнен
O03441,C0472,2024-12-08,186.98,красота,выполнен
O03442,C0394,2024-08-17,310.04,продукты,возврат
O03443,C0123,2024-12-10,457.66,электроника,возврат
O03444,C0035,2024-11-05,357.7,электроника,возврат
O03445,C0155,2024-01-20,334.86,спорт,отменён
O03446,C0137,2024-02-18,1635.48,продукты,выполнен
O03447,C0255,2024-05-14,177.59,электроника,выполнен
O03448,C0381,2024-01-29,765.32,одежда,выполнен
O03449,C0424,2024-02-17,1007.54,спорт,выполнен
O03450,C0416,2024-09-25,451.57,электроника,выполнен
O03451,C0174,2024-01-03,554.71,электроника,отменён
O03452,C0340,2024-09-14,643.91,красота,выполнен
O03453,C0154,2024-01-16,1104.83,одежда,выполнен
O03454,C0033,2024-04-03,2263.24,одежда,выполнен
O03455,C0346,2024-12-23,238.03,дом_и_сад,отменён
O03456,C0003,2024-05-13,319.58,книги,возврат
O03457,C0206,2024-10-27,332.71,спорт,выполнен
O03458,C0163,2024-11-22,658.49,одежда,выполнен
O03459,C0342,2024-05-12,483.08,книги,возврат
O03460,C0376,2024-11-07,1133.58,продукты,отменён
O03461,C0151,2024-02-01,393.39,продукты,выполнен
O03462,C0398,2024-10-31,326.82,спорт,возврат
O03463,C0147,2024-09-25,361.22,дом_и_сад,выполнен
O03464,C0223,2024-01-25,729.64,спорт,отменён
O03465,C0356,2024-11-11,1438.19,красота,отменён
O03466,C0342,2024-02-28,641.91,спорт,выполнен
O03467,C0494,2024-07-31,425.59,книги,выполнен
O03468,C0118,2024-06-04,291.54,спорт,выполнен
O03469,C0333,2024-11-09,2141.6,одежда,выполнен
O03470,C0310,2024-10-02,162.59,спорт,отменён
O03471,C0453,2024-07-28,573.15,электроника,выполнен
O03472,C0081,2024-02-26,1202.05,одежда,выполнен
O03473,C0370,2024-07-03,566.86,дом_и_сад,выполнен
O03474,C0287,2024-02-23,422.82,спорт,выполнен
O03475,C0142,2024-07-27,1020.99,электроника,выполнен
O03476,C0238,2024-12-07,277.27,продукты,возврат
O03477,C0163,2024-10-19,165.23,электроника,возврат
O03478,C0293,2024-12-05,882.3,книги,отменён
O03479,C0437,2024-10-30,300.02,электроника,выполнен
O03480,C0287,2024-09-08,739.06,спорт,возврат
O03481,C0317,2024-10-30,602.68,спорт,выполнен
O03482,C0261,2024-04-21,819.62,продукты,выполнен
O03483,C0031,2024-01-06,554.65,одежда,возврат
O03484,C0121,2024-07-09,1034.03,продукты,выполнен
O03485,C0251,2024-11-29,378.86,книги,возврат
O03486,C0153,2024-10-05,1242.64,дом_и_сад,выполнен
O03487,C0098,2024-12-05,251.11,дом_и_сад,выполнен
O03488,C0255,2024-01-13,1699.52,дом_и_сад,выполнен
O03489,C0157,2024-10-29,3433.44,электроника,возврат
O03490,C0130,2024-02-13,725.23,электроника,выполнен
O03491,C0236,2024-04-14,2334.0,книги,возврат
O03492,C0070,2024-06-08,2871.89,книги,возврат
O03493,C0460,2024-06-02,514.53,дом_и_сад,выполнен
O03494,C0426,2024-08-29,691.11,спорт,выполнен
O03495,C0347,2024-06-29,346.79,одежда,выполнен
O03496,C0055,2024-01-14,365.15,одежда,возврат
O03497,C0381,2024-06-28,801.35,спорт,отменён
O03498,C0397,2024-10-18,179.71,красота,выполнен
O03499,C0377,2024-09-20,1297.02,продукты,выполнен
O03500,C0060,2024-06-16,760.39,одежда,возврат
O03501,C0325,2024-08-01,1147.18,одежда,выполнен
O03502,C0410,2024-05-29,575.0,электроника,выполнен
O03503,C0293,2024-01-16,1139.13,продукты,возврат
O03504,C0326,2024-03-31,810.88,красота,выполнен
O03505,C0232,2024-04-29,998.03,книги,отменён
O03506,C0265,2024-09-09,1368.36,книги,выполнен
O03507,C0022,2024-02-29,241.78,спорт,возврат
O03508,C0320,2024-09-22,379.0,продукты,выполнен
O03509,C0041,2024-01-31,4238.04,красота,выполнен
O03510,C0217,2024-01-21,785.11,продукты,отменён
O03511,C0147,2024-08-06,168.44,красота,выполнен
O03512,C0273,2024-03-21,169.19,дом_и_сад,возврат
O03513,C0070,2024-10-15,626.41,одежда,отменён
O03514,C0342,2024-01-31,437.72,продукты,выполнен
O03515,C0393,2024-08-21,348.94,продукты,выполнен
O03516,C0089,2024-02-05,2792.01,электроника,отменён
O03517,C0054,2024-05-11,495.08,одежда,выполнен
O03518,C0073,2024-11-19,1282.77,книги,выполнен
O03519,C0435,2024-12-11,812.49,дом_и_сад,отменён
O03520,C0265,2024-05-11,525.36,одежда,выполнен
O03521,C0237,2024-01-09,266.83,одежда,выполнен
O03522,C0055,2024-01-30,1230.76,спорт,отменён
O03523,C0326,2024-04-24,101.95,продукты,возврат
O03524,C0426,2024-10-27,1334.81,продукты,отменён
O03525,C0406,2024-01-04,750.72,дом_и_сад,выполнен
O03526,C0315,2024-11-20,1091.01,продукты,выполнен
O03527,C0040,2024-08-24,669.29,электроника,выполнен
O03528,C0059,2024-01-23,247.78,продукты,возврат
O03529,C0029,2024-01-16,917.12,одежда,возврат
O03530,C0130,2024-01-22,1311.75,одежда,выполнен
O03531,C0071,2024-03-12,453.36,одежда,выполнен
O03532,C0131,2024-10-30,1125.42,продукты,выполнен
O03533,C0191,2024-08-17,843.23,книги,выполнен
O03534,C0468,2024-04-16,953.79,дом_и_сад,выполнен
O03535,C0310,2024-07-26,334.41,спорт,выполнен
O03536,C0410,2024-07-26,1855.17,продукты,выполнен
O03537,C0347,2024-09-19,842.88,электроника,выполнен
O03538,C0059,2024-02-20,1293.84,одежда,возврат
O03539,C0362,2024-03-05,487.59,книги,отменён
O03540,C0142,2024-09-21,1459.48,продукты,выполнен
O03541,C0320,2024-12-03,474.59,спорт,возврат
O03542,C0167,2024-10-27,325.9,одежда,возврат
O03543,C0499,2024-06-23,2744.83,красота,выполнен
O03544,C0135,2024-05-31,100.0,красота,выполнен
O03545,C0144,2024-09-22,7272.91,электроника,отменён
O03546,C0460,2024-11-24,1166.07,дом_и_сад,выполнен
O03547,C0014,2024-10-30,517.06,электроника,выполнен
O03548,C0343,2024-06-11,863.38,спорт,отменён
O03549,C0356,2024-12-08,1166.62,электроника,отменён
O03550,C0412,2024-08-25,509.81,электроника,выполнен
O03551,C0484,2024-07-17,3388.68,электроника,выполнен
O03552,C0485,2024-01-16,2165.6,красота,выполнен
O03553,C0034,2024-11-04,5892.65,книги,выполнен
O03554,C0402,2024-10-22,250.35,электроника,выполнен
O03555,C0326,2024-12-21,790.17,спорт,выполнен
O03556,C0326,2024-10-02,219.29,одежда,выполнен
O03557,C0066,2024-08-26,277.78,одежда,выполнен
O03558,C0326,2024-03-09,512.34,книги,возврат
O03559,C0489,2024-10-27,519.81,электроника,отменён
O03560,C0450,2024-01-06,894.19,спорт,отменён
O03561,C0221,2024-08-07,608.79,продукты,выполнен
O03562,C0026,2024-09-10,1261.4,электроника,выполнен
O03563,C0180,2024-10-21,858.45,продукты,выполнен
O03564,C0406,2024-12-23,2485.0,красота,выполнен
O03565,C0346,2024-04-16,1290.83,дом_и_сад,выполнен
O03566,C0235,2024-10-21,259.0,электроника,выполнен
O03567,C0032,2024-04-27,592.06,книги,выполнен
O03568,C0213,2024-06-16,624.9,красота,выполнен
O03569,C0237,2024-09-07,945.7,одежда,выполнен
O03570,C0460,2024-03-22,1572.19,одежда,выполнен
O03571,C0322,2024-02-23,833.87,электроника,выполнен
O03572,C0154,2024-08-27,1056.3,одежда,выполнен
O03573,C0263,2024-01-12,268.44,дом_и_сад,возврат
O03574,C0035,2024-07-27,460.65,одежда,отменён
O03575,C0484,2024-06-13,144.07,электроника,отменён
O03576,C0174,2024-10-20,947.25,одежда,выполнен
O03577,C0241,2024-01-07,1304.01,продукты,возврат
O03578,C0171,2024-03-18,231.55,спорт,отменён
O03579,C0339,2024-03-05,755.03,дом_и_сад,отменён
O03580,C0333,2024-04-11,612.89,электроника,отменён
O03581,C0352,2024-12-22,2567.66,продукты,выполнен
O03582,C0137,2024-10-26,325.22,одежда,возврат
O03583,C0155,2024-10-13,1386.48,красота,выполнен
O03584,C0066,2024-06-19,1659.81,одежда,выполнен
O03585,C0330,2024-03-17,569.09,электроника,выполнен
O03586,C0026,2024-02-17,840.5,электроника,выполнен
O03587,C0305,2024-09-11,1574.93,одежда,выполнен
O03588,C0427,2024-03-22,276.0,электроника,выполнен
O03589,C0438,2024-07-27,472.61,спорт,выполнен
O03590,C0224,2024-07-27,772.0,книги,выполнен
O03591,C0235,2024-03-24,3467.61,одежда,выполнен
O03592,C0040,2024-01-10,483.08,спорт,выполнен
O03593,C0335,2024-01-29,536.51,дом_и_сад,выполнен
O03594,C0402,2024-10-30,2293.12,продукты,выполнен
O03595,C0124,2024-04-25,1130.46,электроника,выполнен
O03596,C0210,2024-09-25,3812.48,одежда,возврат
O03597,C0413,2024-02-16,1594.95,книги,возврат
O03598,C0435,2024-12-24,591.82,книги,выполнен
O03599,C0123,2024-03-31,528.16,электроника,выполнен
O03600,C0275,2024-02-22,343.89,одежда,выполнен
O03601,C0101,2024-08-05,234.15,дом_и_сад,выполнен
O03602,C0052,2024-12-13,873.63,продукты,выполнен
O03603,C0449,2024-03-17,1098.34,дом_и_сад,выполнен
O03604,C0402,2024-07-22,1209.45,одежда,выполнен
O03605,C0371,2024-02-13,602.58,красота,выполнен
O03606,C0028,2024-06-04,3115.33,дом_и_сад,выполнен
O03607,C0415,2024-01-02,224.36,электроника,выполнен
O03608,C0220,2024-12-22,204.93,спорт,выполнен
O03609,C0167,2024-11-08,345.26,электроника,выполнен
O03610,C0273,2024-02-26,668.32,одежда,выполнен
O03611,C0046,2024-10-16,276.53,спорт,выполнен
O03612,C0371,2024-02-27,1953.84,одежда,выполнен
O03613,C0297,2024-09-10,368.27,спорт,отменён
O03614,C0099,2024-06-28,319.25,одежда,выполнен
O03615,C0100,2024-06-05,1546.98,дом_и_сад,выполнен
O03616,C0098,2024-02-04,785.21,одежда,возврат
O03617,C0032,2024-03-15,1246.08,дом_и_сад,выполнен
O03618,C0299,2024-10-15,640.29,электроника,выполнен
O03619,C0414,2024-03-15,826.67,одежда,выполнен
O03620,C0010,2024-11-24,211.27,продукты,отменён
O03621,C0028,2024-03-18,590.95,продукты,выполнен
O03622,C0288,2024-09-11,287.6,продукты,выполнен
O03623,C0401,2024-09-21,3176.43,продукты,выполнен
O03624,C0161,2024-10-30,1871.05,красота,выполнен
O03625,C0168,2024-03-07,394.2,электроника,выполнен
O03626,C0305,2024-08-08,563.38,дом_и_сад,выполнен
O03627,C0142,2024-06-12,585.03,спорт,возврат
O03628,C0016,2024-08-07,3726.28,продукты,выполнен
O03629,C0361,2024-06-20,913.35,спорт,выполнен
O03630,C0315,2024-09-10,472.34,книги,выполнен
O03631,C0297,2024-07-28,747.96,продукты,отменён
O03632,C0363,2024-07-06,194.5,книги,выполнен
O03633,C0336,2024-07-09,627.07,электроника,выполнен
O03634,C0109,2024-08-02,280.14,спорт,выполнен
O03635,C0170,2024-03-26,151.69,одежда,выполнен
O03636,C0066,2024-04-15,3259.27,продукты,выполнен
O03637,C0068,2024-11-27,650.93,спорт,выполнен
O03638,C0336,2024-10-22,358.79,продукты,выполнен
O03639,C0424,2024-01-19,171.1,продукты,возврат
O03640,C0477,2024-02-16,557.3,одежда,выполнен
O03641,C0316,2024-03-05,590.32,спорт,выполнен
O03642,C0098,2024-05-25,1226.65,продукты,выполнен
O03643,C0054,2024-10-12,310.11,одежда,выполнен
O03644,C0398,2024-03-06,433.98,одежда,выполнен
O03645,C0293,2024-01-05,317.45,дом_и_сад,выполнен
O03646,C0312,2024-04-02,558.67,дом_и_сад,отменён
O03647,C0384,2024-12-18,135.04,одежда,отменён
O03648,C0346,2024-04-03,349.55,одежда,выполнен
O03649,C0410,2024-04-15,1100.78,одежда,выполнен
O03650,C0032,2024-05-12,249.55,книги,выполнен
O03651,C0365,2024-12-06,1479.71,дом_и_сад,выполнен
O03652,C0418,2024-11-09,1337.68,электроника,возврат
O03653,C0146,2024-03-19,1430.27,книги,выполнен
O03654,C0321,2024-07-30,662.74,электроника,выполнен
O03655,C0154,2024-01-08,616.76,одежда,возврат
O03656,C0476,2024-06-07,858.93,красота,выполнен
O03657,C0022,2024-09-24,1912.59,книги,отменён
O03658,C0294,2024-05-28,1778.32,дом_и_сад,отменён
O03659,C0092,2024-12-15,175.95,продукты,выполнен
O03660,C0351,2024-03-31,330.48,одежда,возврат
O03661,C0095,2024-08-23,286.25,книги,выполнен
O03662,C0121,2024-10-15,1189.65,спорт,выполнен
O03663,C0253,2024-12-21,386.28,одежда,выполнен
O03664,C0453,2024-06-16,565.26,продукты,возврат
O03665,C0112,2024-07-11,2608.05,книги,возврат
O03666,C0073,2024-07-05,1630.6,книги,выполнен
O03667,C0371,2024-09-27,2000.11,спорт,выполнен
O03668,C0254,2024-04-23,374.82,дом_и_сад,возврат
O03669,C0450,2024-01-11,100.0,электроника,возврат
O03670,C0076,2024-02-24,484.72,спорт,выполнен
O03671,C0325,2024-09-14,210.2,дом_и_сад,выполнен
O03672,C0121,2024-03-05,140.44,электроника,выполнен
O03673,C0083,2024-06-20,1640.8,книги,выполнен
O03674,C0339,2024-09-28,325.88,красота,возврат
O03675,C0304,2024-05-29,348.89,одежда,выполнен
O03676,C0371,2024-12-27,496.4,книги,выполнен
O03677,C0153,2024-05-25,2482.93,спорт,выполнен
O03678,C0224,2024-07-27,584.47,спорт,отменён
O03679,C0200,2024-10-12,1424.07,книги,отменён
O03680,C0489,2024-01-10,516.83,одежда,возврат
O03681,C0147,2024-08-14,187.85,дом_и_сад,выполнен
O03682,C0147,2024-07-04,256.76,одежда,возврат
O03683,C0171,2024-03-02,663.13,дом_и_сад,выполнен
O03684,C0284,2024-03-25,724.95,продукты,выполнен
O03685,C0129,2024-05-13,1026.76,электроника,возврат
O03686,C0453,2024-11-18,1027.11,продукты,выполнен
O03687,C0137,2024-10-23,1366.67,одежда,отменён
O03688,C0440,2024-06-19,359.49,электроника,возврат
O03689,C0054,2024-07-31,2869.16,электроника,выполнен
O03690,C0330,2024-01-18,3087.16,дом_и_сад,выполнен
O03691,C0446,2024-11-09,438.59,книги,выполнен
O03692,C0092,2024-02-29,352.43,красота,возврат
O03693,C0478,2024-03-28,159.52,книги,выполнен
O03694,C0227,2024-01-27,762.58,книги,выполнен
O03695,C0469,2024-03-08,955.23,электроника,выполнен
O03696,C0336,2024-10-04,418.44,дом_и_сад,выполнен
O03697,C0151,2024-02-09,833.98,дом_и_сад,выполнен
O03698,C0100,2024-04-18,219.15,электроника,выполнен
O03699,C0151,2024-03-14,1442.51,спорт,выполнен
O03700,C0047,2024-03-06,434.94,продукты,выполнен
O03701,C0073,2024-06-16,837.99,книги,выполнен
O03702,C0054,2024-09-18,786.92,дом_и_сад,выполнен
O03703,C0210,2024-09-30,138.61,красота,выполнен
O03704,C0393,2024-12-02,1296.24,электроника,выполнен
O03705,C0073,2024-12-23,355.12,электроника,выполнен
O03706,C0068,2024-08-24,782.12,красота,выполнен
O03707,C0324,2024-08-02,215.31,электроника,выполнен
O03708,C0105,2024-10-12,453.27,продукты,отменён
O03709,C0050,2024-05-28,889.45,спорт,отменён
O03710,C0092,2024-11-13,280.5,книги,выполнен
O03711,C0457,2024-04-16,293.06,одежда,выполнен
O03712,C0402,2024-05-20,735.14,электроника,выполнен
O03713,C0170,2024-03-16,581.72,продукты,выполнен
O03714,C0330,2024-01-09,879.58,продукты,выполнен
O03715,C0267,2024-07-14,495.59,одежда,выполнен
O03716,C0336,2024-10-21,1111.2,книги,выполнен
O03717,C0339,2024-10-06,422.6,дом_и_сад,выполнен
O03718,C0316,2024-04-27,1072.4,книги,выполнен
O03719,C0137,2024-10-16,322.01,электроника,выполнен
O03720,C0026,2024-03-01,407.98,дом_и_сад,отменён
O03721,C0230,2024-11-30,1193.37,красота,отменён
O03722,C0438,2024-11-01,440.76,спорт,выполнен
O03723,C0287,2024-02-20,260.61,электроника,возврат
O03724,C0409,2024-02-21,2654.72,красота,выполнен
O03725,C0496,2024-05-01,646.71,продукты,выполнен
O03726,C0089,2024-06-15,969.87,книги,отменён
O03727,C0342,2024-01-08,108.89,электроника,выполнен
O03728,C0336,2024-02-14,1930.33,спорт,отменён
O03729,C0488,2024-12-09,5524.7,красота,возврат
O03730,C0491,2024-09-01,1796.77,спорт,выполнен
O03731,C0340,2024-10-10,2013.77,одежда,выполнен
O03732,C0124,2024-04-16,479.62,электроника,выполнен
O03733,C0393,2024-01-27,813.59,одежда,возврат
O03734,C0055,2024-07-11,982.86,одежда,отменён
O03735,C0384,2024-12-02,380.66,дом_и_сад,выполнен
O03736,C0447,2024-12-22,602.3,электроника,возврат
O03737,C0190,2024-03-02,298.63,электроника,выполнен
O03738,C0316,2024-03-02,484.73,продукты,выполнен
O03739,C0214,2024-10-08,1303.38,продукты,выполнен
O03740,C0220,2024-04-30,161.97,спорт,выполнен
O03741,C0154,2024-10-06,1425.79,дом_и_сад,выполнен
O03742,C0374,2024-02-08,188.31,книги,отменён
O03743,C0463,2024-10-03,693.65,одежда,выполнен
O03744,C0465,2024-04-03,746.02,продукты,выполнен
O03745,C0094,2024-04-24,1051.79,одежда,выполнен
O03746,C0434,2024-06-24,575.69,электроника,выполнен
O03747,C0362,2024-04-30,288.37,спорт,возврат
O03748,C0129,2024-01-13,770.94,книги,выполнен
O03749,C0035,2024-06-11,3781.99,электроника,выполнен
O03750,C0137,2024-10-01,657.52,электроника,выполнен
O03751,C0450,2024-06-24,328.62,дом_и_сад,выполнен
O03752,C0317,2024-12-02,457.73,дом_и_сад,выполнен
O03753,C0355,2024-11-19,750.09,продукты,отменён
O03754,C0130,2024-06-21,536.52,спорт,выполнен
O03755,C0354,2024-10-01,480.07,красота,отменён
O03756,C0019,2024-03-04,1923.58,одежда,возврат
O03757,C0183,2024-04-10,1006.09,одежда,выполнен
O03758,C0315,2024-11-17,604.97,электроника,выполнен
O03759,C0076,2024-03-06,608.69,дом_и_сад,выполнен
O03760,C0404,2024-11-26,763.98,одежда,возврат
O03761,C0121,2024-02-14,1041.33,красота,возврат
O03762,C0330,2024-03-27,1855.39,дом_и_сад,отменён
O03763,C0200,2024-03-07,478.41,одежда,отменён
O03764,C0305,2024-09-15,300.2,электроника,возврат
O03765,C0055,2024-07-23,426.29,спорт,отменён
O03766,C0010,2024-06-26,330.14,одежда,выполнен
O03767,C0447,2024-10-06,196.21,книги,отменён
O03768,C0138,2024-12-09,2055.92,продукты,отменён
O03769,C0401,2024-01-17,1317.73,одежда,возврат
O03770,C0499,2024-10-22,107.04,спорт,возврат
O03771,C0112,2024-07-20,791.84,электроника,отменён
O03772,C0137,2024-06-20,492.07,спорт,отменён
O03773,C0333,2024-09-18,447.32,электроника,возврат
O03774,C0478,2024-07-12,100.0,спорт,выполнен
O03775,C0453,2024-05-28,651.84,спорт,выполнен
O03776,C0255,2024-02-04,707.36,продукты,выполнен
O03777,C0393,2024-01-29,259.43,дом_и_сад,отменён
O03778,C0071,2024-09-19,2436.21,электроника,выполнен
O03779,C0487,2024-08-08,1252.73,продукты,выполнен
O03780,C0478,2024-02-22,283.42,продукты,выполнен
O03781,C0089,2024-10-05,1507.85,продукты,выполнен
O03782,C0149,2024-12-18,458.32,красота,возврат
O03783,C0051,2024-03-16,1547.02,электроника,выполнен
O03784,C0139,2024-06-24,209.7,дом_и_сад,выполнен
O03785,C0399,2024-01-10,762.08,продукты,выполнен
O03786,C0186,2024-04-26,251.38,продукты,выполнен
O03787,C0045,2024-10-06,340.39,дом_и_сад,выполнен
O03788,C0167,2024-08-05,141.84,электроника,возврат
O03789,C0489,2024-06-23,247.75,дом_и_сад,выполнен
O03790,C0316,2024-08-21,246.6,электроника,выполнен
O03791,C0209,2024-09-08,223.12,продукты,отменён
O03792,C0092,2024-10-21,773.47,дом_и_сад,выполнен
O03793,C0491,2024-11-17,161.91,электроника,выполнен
O03794,C0402,2024-01-06,844.76,дом_и_сад,выполнен
O03795,C0144,2024-01-21,1487.29,электроника,выполнен
O03796,C0035,2024-03-13,326.61,дом_и_сад,выполнен
O03797,C0032,2024-11-25,621.44,продукты,возврат
O03798,C0064,2024-02-05,508.51,дом_и_сад,возврат
O03799,C0297,2024-08-20,478.56,красота,отменён
O03800,C0460,2024-08-03,100.0,продукты,отменён
O03801,C0253,2024-07-24,270.04,одежда,выполнен
O03802,C0415,2024-02-13,2141.24,книги,выполнен
O03803,C0223,2024-03-31,861.84,электроника,возврат
O03804,C0347,2024-11-11,548.34,спорт,выполнен
O03805,C0359,2024-04-02,132.08,красота,выполнен
O03806,C0094,2024-12-04,1069.06,дом_и_сад,выполнен
O03807,C0176,2024-03-23,320.75,электроника,выполнен
O03808,C0320,2024-11-28,247.16,электроника,выполнен
O03809,C0037,2024-10-08,267.79,одежда,выполнен
O03810,C0177,2024-01-21,1000.76,продукты,выполнен
O03811,C0267,2024-08-15,628.43,электроника,выполнен
O03812,C0499,2024-05-09,1328.33,дом_и_сад,выполнен
O03813,C0238,2024-06-23,1636.93,одежда,возврат
O03814,C0399,2024-04-17,368.13,красота,выполнен
O03815,C0217,2024-10-09,642.81,книги,выполнен
O03816,C0393,2024-03-11,521.96,книги,выполнен
O03817,C0304,2024-02-19,223.76,одежда,выполнен
O03818,C0437,2024-04-04,251.05,спорт,выполнен
O03819,C0206,2024-10-05,583.28,одежда,отменён
O03820,C0309,2024-12-02,635.46,одежда,отменён
O03821,C0316,2024-05-11,636.57,спорт,возврат
O03822,C0209,2024-10-02,637.37,книги,выполнен
O03823,C0073,2024-01-13,346.27,электроника,выполнен
O03824,C0047,2024-01-03,3630.59,одежда,возврат
O03825,C0010,2024-08-11,800.67,одежда,выполнен
O03826,C0434,2024-06-23,419.72,дом_и_сад,выполнен
O03827,C0121,2024-03-30,917.68,красота,отменён
O03828,C0112,2024-08-28,336.64,электроника,выполнен
O03829,C0362,2024-02-04,679.52,одежда,выполнен
O03830,C0156,2024-01-14,916.5,красота,выполнен
O03831,C0255,2024-07-13,1033.54,одежда,отменён
O03832,C0089,2024-11-01,243.26,дом_и_сад,отменён
O03833,C0476,2024-11-29,7504.62,электроника,выполнен
O03834,C0419,2024-07-31,1712.04,продукты,возврат
O03835,C0425,2024-01-03,3381.26,продукты,отменён
O03836,C0200,2024-06-27,541.91,дом_и_сад,отменён
O03837,C0374,2024-02-09,810.32,одежда,отменён
O03838,C0073,2024-06-12,684.83,одежда,возврат
O03839,C0003,2024-11-02,429.38,одежда,выполнен
O03840,C0011,2024-08-22,1219.37,спорт,выполнен
O03841,C0299,2024-09-13,328.02,книги,выполнен
O03842,C0230,2024-12-25,1162.82,книги,отменён
O03843,C0261,2024-04-25,446.54,электроника,возврат
O03844,C0003,2024-02-21,915.27,книги,выполнен
O03845,C0210,2024-05-21,2141.59,электроника,отменён
O03846,C0352,2024-03-26,598.0,продукты,возврат
O03847,C0222,2024-02-15,1241.63,дом_и_сад,возврат
O03848,C0359,2024-11-27,442.69,электроника,выполнен
O03849,C0121,2024-08-25,258.51,электроника,возврат
O03850,C0398,2024-01-10,2513.38,одежда,выполнен
O03851,C0299,2024-05-31,1209.75,дом_и_сад,выполнен
O03852,C0112,2024-03-01,597.33,продукты,выполнен
O03853,C0121,2024-01-18,1161.1,продукты,выполнен
O03854,C0316,2024-03-26,294.97,книги,выполнен
O03855,C0408,2024-05-16,947.47,дом_и_сад,выполнен
O03856,C0209,2024-08-17,791.24,дом_и_сад,выполнен
O03857,C0130,2024-05-07,1119.27,продукты,выполнен
O03858,C0426,2024-04-13,2473.49,электроника,отменён
O03859,C0335,2024-07-04,2118.78,электроника,выполнен
O03860,C0224,2024-06-26,218.97,дом_и_сад,выполнен
O03861,C0248,2024-12-22,134.8,дом_и_сад,выполнен
O03862,C0107,2024-01-06,809.62,красота,выполнен
O03863,C0315,2024-12-06,761.64,электроника,возврат
O03864,C0173,2024-11-02,268.02,электроника,отменён
O03865,C0499,2024-02-05,308.4,электроника,отменён
O03866,C0243,2024-11-22,359.14,электроника,выполнен
O03867,C0247,2024-12-21,1935.31,продукты,возврат
O03868,C0286,2024-10-07,455.78,красота,выполнен
O03869,C0454,2024-10-26,199.72,спорт,выполнен
O03870,C0394,2024-01-14,631.73,продукты,выполнен
O03871,C0226,2024-08-24,663.69,дом_и_сад,выполнен
O03872,C0354,2024-10-11,291.29,электроника,выполнен
O03873,C0298,2024-11-25,1066.69,книги,возврат
O03874,C0251,2024-02-19,1652.08,спорт,отменён
O03875,C0101,2024-09-17,500.55,электроника,возврат
O03876,C0236,2024-04-19,199.71,спорт,выполнен
O03877,C0125,2024-07-15,534.32,спорт,возврат
O03878,C0453,2024-09-08,846.69,электроника,отменён
O03879,C0164,2024-03-28,118.35,одежда,выполнен
O03880,C0472,2024-11-08,977.71,продукты,выполнен
O03881,C0267,2024-01-26,492.75,одежда,выполнен
O03882,C0316,2024-09-18,688.82,одежда,возврат
O03883,C0271,2024-05-23,527.58,спорт,отменён
O03884,C0068,2024-02-29,364.03,продукты,выполнен
O03885,C0183,2024-12-21,608.63,спорт,выполнен
O03886,C0051,2024-09-24,442.69,красота,выполнен
O03887,C0314,2024-03-15,499.66,спорт,выполнен
O03888,C0223,2024-01-03,328.87,спорт,выполнен
O03889,C0382,2024-03-03,1021.9,книги,отменён
O03890,C0116,2024-08-23,1789.05,спорт,выполнен
O03891,C0091,2024-08-16,330.76,электроника,выполнен
O03892,C0200,2024-10-01,605.8,одежда,выполнен
O03893,C0460,2024-01-18,276.95,дом_и_сад,отменён
O03894,C0347,2024-03-20,907.26,дом_и_сад,отменён
O03895,C0209,2024-08-02,795.84,красота,выполнен
O03896,C0261,2024-06-19,418.56,спорт,выполнен
O03897,C0043,2024-11-24,622.54,книги,выполнен
O03898,C0489,2024-09-11,1329.05,электроника,выполнен
O03899,C0334,2024-05-05,183.85,спорт,возврат
O03900,C0146,2024-09-11,236.64,красота,выполнен
O03901,C0298,2024-03-12,1059.41,одежда,выполнен
O03902,C0055,2024-02-07,694.77,электроника,выполнен
O03903,C0478,2024-11-19,628.83,одежда,возврат
O03904,C0094,2024-07-22,1414.3,дом_и_сад,выполнен
O03905,C0326,2024-06-20,1168.58,электроника,выполнен
O03906,C0125,2024-08-10,2623.02,спорт,отменён
O03907,C0352,2024-08-04,1360.96,электроника,выполнен
O03908,C0381,2024-09-01,1012.91,продукты,выполнен
O03909,C0336,2024-12-01,637.04,красота,выполнен
O03910,C0312,2024-07-09,592.69,электроника,выполнен
O03911,C0438,2024-10-24,663.42,электроника,выполнен
O03912,C0041,2024-11-15,795.03,продукты,возврат
O03913,C0163,2024-06-30,253.31,спорт,отменён
O03914,C0127,2024-11-29,821.29,одежда,возврат
O03915,C0494,2024-07-23,547.49,спорт,выполнен
O03916,C0194,2024-12-26,885.05,красота,выполнен
O03917,C0359,2024-07-17,419.0,одежда,выполнен
O03918,C0340,2024-11-27,392.47,одежда,выполнен
O03919,C0113,2024-06-13,799.97,продукты,возврат
O03920,C0122,2024-08-29,974.39,продукты,возврат
O03921,C0144,2024-05-09,410.29,электроника,отменён
O03922,C0206,2024-08-14,1910.97,спорт,выполнен
O03923,C0121,2024-05-01,1900.51,красота,отменён
O03924,C0011,2024-02-13,187.57,одежда,выполнен
O03925,C0436,2024-07-14,357.23,спорт,выполнен
O03926,C0478,2024-12-23,729.94,электроника,возврат
O03927,C0167,2024-07-22,894.82,спорт,выполнен
O03928,C0165,2024-11-13,3662.39,продукты,выполнен
O03929,C0003,2024-09-13,744.5,спорт,выполнен
O03930,C0338,2024-01-17,606.0,спорт,выполнен
O03931,C0405,2024-09-28,267.62,электроника,выполнен
O03932,C0076,2024-01-09,187.11,дом_и_сад,выполнен
O03933,C0087,2024-09-05,597.68,спорт,выполнен
O03934,C0388,2024-07-19,3449.24,одежда,выполнен
O03935,C0312,2024-02-28,561.48,красота,выполнен
O03936,C0027,2024-05-19,358.46,электроника,выполнен
O03937,C0314,2024-04-28,954.95,дом_и_сад,возврат
O03938,C0153,2024-02-10,133.69,продукты,возврат
O03939,C0181,2024-11-17,708.7,продукты,выполнен
O03940,C0377,2024-11-26,1286.27,одежда,выполнен
O03941,C0398,2024-09-23,311.67,одежда,выполнен
O03942,C0199,2024-01-08,1988.42,электроника,возврат
O03943,C0470,2024-07-01,1127.49,дом_и_сад,выполнен
O03944,C0200,2024-05-13,2002.87,дом_и_сад,выполнен
O03945,C0378,2024-06-29,221.17,спорт,выполнен
O03946,C0243,2024-12-20,575.62,книги,выполнен
O03947,C0441,2024-03-12,1390.89,книги,выполнен
O03948,C0446,2024-04-22,200.68,спорт,выполнен
O03949,C0044,2024-04-16,1418.93,дом_и_сад,выполнен
O03950,C0463,2024-10-16,576.01,электроника,выполнен
O03951,C0405,2024-11-08,1410.51,книги,выполнен
O03952,C0388,2024-04-26,791.54,книги,выполнен
O03953,C0105,2024-04-29,2056.3,электроника,выполнен
O03954,C0394,2024-05-26,236.62,спорт,выполнен
O03955,C0417,2024-11-22,865.46,книги,возврат
O03956,C0146,2024-07-28,198.49,электроника,выполнен
O03957,C0472,2024-10-22,930.41,одежда,выполнен
O03958,C0029,2024-04-12,864.59,одежда,выполнен
O03959,C0077,2024-05-03,529.5,одежда,выполнен
O03960,C0267,2024-09-01,355.3,электроника,выполнен
O03961,C0292,2024-12-21,512.71,одежда,выполнен
O03962,C0325,2024-07-27,719.19,одежда,выполнен
O03963,C0010,2024-11-09,834.93,книги,выполнен
O03964,C0476,2024-04-18,3120.83,одежда,выполнен
O03965,C0027,2024-12-13,1337.74,продукты,выполнен
O03966,C0073,2024-02-19,415.92,продукты,выполнен
O03967,C0009,2024-04-14,1057.33,электроника,выполнен
O03968,C0287,2024-01-27,1346.22,красота,возврат
O03969,C0461,2024-10-14,393.56,книги,выполнен
O03970,C0334,2024-09-13,1166.46,спорт,выполнен
O03971,C0402,2024-09-29,202.47,продукты,выполнен
O03972,C0007,2024-05-16,382.25,спорт,возврат
O03973,C0269,2024-12-05,212.86,одежда,выполнен
O03974,C0235,2024-10-27,561.8,электроника,выполнен
O03975,C0254,2024-11-17,455.36,продукты,отменён
O03976,C0038,2024-02-01,484.17,красота,выполнен
O03977,C0340,2024-02-14,1277.14,электроника,выполнен
O03978,C0255,2024-09-21,715.13,продукты,выполнен
O03979,C0374,2024-01-30,1261.75,электроника,возврат
O03980,C0245,2024-03-24,2443.24,электроника,возврат
O03981,C0077,2024-06-14,3553.66,спорт,выполнен
O03982,C0326,2024-11-11,594.76,одежда,выполнен
O03983,C0093,2024-01-01,1020.24,книги,выполнен
O03984,C0431,2024-09-05,587.69,продукты,возврат
O03985,C0310,2024-09-17,1497.21,одежда,возврат
O03986,C0083,2024-03-03,1281.46,спорт,отменён
O03987,C0477,2024-06-12,392.12,дом_и_сад,выполнен
O03988,C0261,2024-11-16,441.11,электроника,отменён
O03989,C0038,2024-11-29,2015.93,продукты,выполнен
O03990,C0315,2024-07-19,428.66,дом_и_сад,возврат
O03991,C0129,2024-08-09,608.24,электроника,выполнен
O03992,C0394,2024-05-31,1141.42,книги,выполнен
O03993,C0400,2024-05-11,582.62,одежда,возврат
O03994,C0487,2024-04-23,2269.18,электроника,возврат
O03995,C0254,2024-08-04,1520.03,спорт,выполнен
O03996,C0230,2024-07-14,327.89,электроника,выполнен
O03997,C0370,2024-10-07,416.38,дом_и_сад,выполнен
O03998,C0070,2024-07-20,1064.28,продукты,выполнен
O03999,C0273,2024-05-14,638.03,электроника,выполнен
O04000,C0273,2024-08-21,140.83,красота,выполнен
O04001,C0046,2024-05-20,305.91,дом_и_сад,выполнен
O04002,C0209,2024-07-14,802.13,спорт,выполнен
O04003,C0419,2024-02-12,1356.2,одежда,выполнен
O04004,C0420,2024-02-26,1371.8,электроника,выполнен
O04005,C0051,2024-05-21,3197.96,дом_и_сад,отменён
O04006,C0046,2024-07-28,382.54,книги,выполнен
O04007,C0133,2024-03-12,397.46,электроника,выполнен
O04008,C0434,2024-08-11,651.8,продукты,выполнен
O04009,C0068,2024-01-27,174.03,продукты,выполнен
O04010,C0354,2024-05-07,663.51,одежда,выполнен
O04011,C0052,2024-04-15,568.84,дом_и_сад,выполнен
O04012,C0314,2024-06-13,1253.1,электроника,выполнен
O04013,C0171,2024-08-02,1435.43,одежда,возврат
O04014,C0388,2024-03-11,885.2,электроника,отменён
O04015,C0121,2024-07-22,666.67,одежда,возврат
O04016,C0320,2024-06-01,889.99,одежда,выполнен
O04017,C0121,2024-03-07,352.74,книги,выполнен
O04018,C0351,2024-03-30,622.57,дом_и_сад,возврат
O04019,C0434,2024-09-16,674.12,электроника,выполнен
O04020,C0066,2024-12-27,626.36,дом_и_сад,выполнен
O04021,C0426,2024-08-15,580.09,дом_и_сад,возврат
O04022,C0304,2024-03-19,404.63,одежда,выполнен
O04023,C0066,2024-04-05,292.81,электроника,выполнен
O04024,C0213,2024-12-14,564.49,электроника,выполнен
O04025,C0089,2024-11-25,1070.07,одежда,отменён
O04026,C0346,2024-09-02,165.68,книги,отменён
O04027,C0371,2024-09-28,446.83,продукты,выполнен
O04028,C0054,2024-06-05,3481.7,красота,отменён
O04029,C0255,2024-04-25,569.99,дом_и_сад,выполнен
O04030,C0398,2024-01-18,750.76,одежда,выполнен
O04031,C0463,2024-06-20,2895.7,книги,выполнен
O04032,C0258,2024-01-16,858.81,электроника,выполнен
O04033,C0471,2024-08-27,874.64,электроника,возврат
O04034,C0267,2024-02-25,321.14,спорт,отменён
O04035,C0197,2024-03-19,854.28,одежда,отменён
O04036,C0417,2024-04-12,657.31,одежда,выполнен
O04037,C0252,2024-10-10,1394.0,дом_и_сад,возврат
O04038,C0238,2024-07-11,1848.0,книги,возврат
O04039,C0249,2024-01-05,681.47,одежда,отменён
O04040,C0416,2024-04-15,902.96,одежда,отменён
O04041,C0409,2024-10-04,146.66,спорт,выполнен
O04042,C0200,2024-04-09,111.22,спорт,возврат
O04043,C0163,2024-08-25,1594.88,одежда,выполнен
O04044,C0251,2024-09-25,100.0,красота,выполнен
O04045,C0288,2024-11-16,864.26,спорт,выполнен
O04046,C0122,2024-03-26,578.87,спорт,выполнен
O04047,C0390,2024-11-15,1781.27,книги,выполнен
O04048,C0248,2024-02-01,646.69,книги,выполнен
O04049,C0163,2024-12-01,2812.43,электроника,выполнен
O04050,C0055,2024-02-20,565.03,электроника,выполнен
O04051,C0122,2024-03-19,1664.17,дом_и_сад,возврат
O04052,C0471,2024-07-04,200.62,красота,отменён
O04053,C0152,2024-06-22,105.46,спорт,выполнен
O04054,C0092,2024-04-15,650.3,продукты,выполнен
O04055,C0236,2024-03-03,216.92,дом_и_сад,возврат
O04056,C0153,2024-03-16,634.01,одежда,выполнен
O04057,C0022,2024-11-11,477.92,красота,выполнен
O04058,C0157,2024-11-16,1079.35,продукты,возврат
O04059,C0271,2024-03-21,283.87,красота,выполнен
O04060,C0275,2024-12-26,934.23,продукты,отменён
O04061,C0171,2024-05-07,1327.64,красота,возврат
O04062,C0224,2024-07-01,564.22,одежда,выполнен
O04063,C0478,2024-08-30,975.14,дом_и_сад,выполнен
O04064,C0185,2024-07-03,304.04,красота,выполнен
O04065,C0130,2024-08-07,489.74,спорт,возврат
O04066,C0123,2024-03-11,227.32,дом_и_сад,выполнен
O04067,C0232,2024-12-07,4320.03,электроника,выполнен
O04068,C0371,2024-06-02,1777.63,продукты,выполнен
O04069,C0109,2024-09-01,2510.14,книги,выполнен
O04070,C0347,2024-05-19,1757.33,одежда,возврат
O04071,C0013,2024-03-11,391.3,дом_и_сад,выполнен
O04072,C0209,2024-02-15,194.88,дом_и_сад,отменён
O04073,C0381,2024-02-16,473.78,одежда,выполнен
O04074,C0165,2024-03-19,972.87,одежда,выполнен
O04075,C0283,2024-05-28,527.31,продукты,возврат
O04076,C0107,2024-05-09,111.29,электроника,выполнен
O04077,C0363,2024-05-06,1209.13,красота,выполнен
O04078,C0031,2024-12-30,185.2,дом_и_сад,выполнен
O04079,C0419,2024-04-28,474.44,одежда,выполнен
O04080,C0105,2024-12-22,2683.9,одежда,выполнен
O04081,C0434,2024-09-18,691.77,дом_и_сад,выполнен
O04082,C0170,2024-08-31,1573.92,продукты,отменён
O04083,C0355,2024-04-12,877.83,одежда,выполнен
O04084,C0156,2024-02-06,296.75,продукты,выполнен
O04085,C0445,2024-05-21,1192.08,книги,выполнен
O04086,C0066,2024-02-06,632.34,электроника,выполнен
O04087,C0097,2024-01-08,202.62,одежда,выполнен
O04088,C0252,2024-08-18,177.16,красота,возврат
O04089,C0041,2024-11-28,903.81,электроника,выполнен
O04090,C0104,2024-10-22,3688.87,книги,выполнен
O04091,C0468,2024-04-16,281.18,одежда,выполнен
O04092,C0487,2024-12-13,309.33,электроника,отменён
O04093,C0184,2024-01-18,914.37,электроника,выполнен
O04094,C0457,2024-11-08,232.49,электроника,выполнен
O04095,C0273,2024-03-23,4373.15,электроника,возврат
O04096,C0138,2024-10-14,332.77,электроника,выполнен
O04097,C0346,2024-07-12,446.24,одежда,выполнен
O04098,C0331,2024-08-02,349.45,электроника,выполнен
O04099,C0494,2024-10-07,1405.02,дом_и_сад,выполнен
O04100,C0137,2024-08-07,3751.08,книги,выполнен
O04101,C0335,2024-10-15,378.95,книги,возврат
O04102,C0031,2024-12-09,1330.44,спорт,выполнен
O04103,C0060,2024-07-12,233.99,красота,отменён
O04104,C0001,2024-06-06,1432.85,электроника,возврат
O04105,C0499,2024-04-13,2715.38,электроника,отменён
O04106,C0394,2024-02-03,2125.76,одежда,возврат
O04107,C0386,2024-04-11,739.71,дом_и_сад,выполнен
O04108,C0256,2024-05-06,291.12,книги,выполнен
O04109,C0149,2024-08-01,665.55,спорт,выполнен
O04110,C0078,2024-11-20,518.68,продукты,выполнен
O04111,C0146,2024-10-22,465.28,спорт,возврат
O04112,C0183,2024-06-27,784.65,электроника,выполнен
O04113,C0371,2024-03-20,630.66,продукты,выполнен
O04114,C0268,2024-05-20,1171.78,продукты,возврат
O04115,C0040,2024-01-31,1177.89,электроника,выполнен
O04116,C0010,2024-03-03,632.55,электроника,выполнен
O04117,C0052,2024-02-17,939.93,дом_и_сад,возврат
O04118,C0206,2024-03-27,1914.3,спорт,возврат
O04119,C0461,2024-10-30,434.73,одежда,выполнен
O04120,C0320,2024-03-01,673.65,продукты,возврат
O04121,C0394,2024-11-29,292.16,красота,выполнен
O04122,C0237,2024-09-30,976.42,продукты,выполнен
O04123,C0179,2024-10-10,779.62,электроника,выполнен
O04124,C0055,2024-03-20,961.69,продукты,выполнен
O04125,C0435,2024-06-28,301.54,спорт,выполнен
O04126,C0384,2024-09-28,1227.15,электроника,выполнен
O04127,C0092,2024-03-17,721.71,одежда,выполнен
O04128,C0257,2024-08-08,1515.65,продукты,отменён
O04129,C0248,2024-10-08,468.63,продукты,выполнен
O04130,C0315,2024-01-28,1148.17,одежда,выполнен
O04131,C0469,2024-12-26,949.59,спорт,отменён
O04132,C0294,2024-03-17,2252.33,красота,выполнен
O04133,C0268,2024-06-12,606.04,красота,возврат
O04134,C0029,2024-01-09,426.71,спорт,выполнен
O04135,C0034,2024-06-23,448.08,продукты,выполнен
O04136,C0099,2024-11-02,274.06,книги,возврат
O04137,C0021,2024-03-16,444.76,книги,отменён
O04138,C0364,2024-09-01,102.26,книги,выполнен
O04139,C0355,2024-05-01,1988.26,электроника,выполнен
O04140,C0071,2024-07-03,3125.15,электроника,возврат
O04141,C0412,2024-02-01,591.07,красота,выполнен
O04142,C0081,2024-09-06,944.34,красота,выполнен
O04143,C0151,2024-02-26,758.4,спорт,выполнен
O04144,C0127,2024-11-05,232.65,красота,выполнен
O04145,C0182,2024-05-23,1511.73,дом_и_сад,выполнен
O04146,C0129,2024-11-13,1703.36,продукты,выполнен
O04147,C0248,2024-03-24,289.23,продукты,выполнен
O04148,C0201,2024-02-25,866.02,спорт,выполнен
O04149,C0494,2024-10-05,539.04,продукты,выполнен
O04150,C0032,2024-09-29,1723.2,красота,выполнен
O04151,C0073,2024-06-14,622.47,продукты,отменён
O04152,C0031,2024-06-06,636.11,книги,возврат
O04153,C0315,2024-09-05,2854.65,книги,отменён
O04154,C0032,2024-07-04,237.86,электроника,возврат
O04155,C0412,2024-03-18,811.14,электроника,выполнен
O04156,C0256,2024-01-22,714.03,спорт,выполнен
O04157,C0264,2024-04-17,410.39,одежда,выполнен
O04158,C0283,2024-09-29,3401.11,спорт,выполнен
O04159,C0092,2024-09-08,870.65,электроника,выполнен
O04160,C0105,2024-01-15,1138.44,продукты,выполнен
O04161,C0155,2024-10-30,1276.25,электроника,выполнен
O04162,C0303,2024-06-08,514.56,одежда,отменён
O04163,C0112,2024-07-23,1796.17,электроника,выполнен
O04164,C0061,2024-04-22,1529.09,красота,отменён
O04165,C0482,2024-06-16,603.24,продукты,возврат
O04166,C0013,2024-12-18,1408.97,книги,отменён
O04167,C0394,2024-09-09,1793.54,красота,выполнен
O04168,C0388,2024-07-04,1256.49,книги,возврат
O04169,C0149,2024-12-12,340.98,продукты,отменён
O04170,C0071,2024-08-14,617.77,дом_и_сад,выполнен
O04171,C0073,2024-01-16,972.91,электроника,выполнен
O04172,C0344,2024-06-04,813.79,электроника,выполнен
O04173,C0324,2024-12-19,366.45,книги,выполнен
O04174,C0384,2024-04-20,528.87,электроника,выполнен
O04175,C0463,2024-01-01,881.38,красота,возврат
O04176,C0342,2024-02-10,198.87,дом_и_сад,выполнен
O04177,C0081,2024-02-17,675.51,продукты,возврат
O04178,C0123,2024-04-17,1161.32,электроника,отменён
O04179,C0415,2024-06-09,834.1,дом_и_сад,выполнен
O04180,C0112,2024-06-09,334.96,спорт,выполнен
O04181,C0038,2024-12-24,385.6,дом_и_сад,отменён
O04182,C0346,2024-05-07,2185.49,продукты,отменён
O04183,C0200,2024-07-28,314.15,электроника,отменён
O04184,C0457,2024-05-30,1717.34,одежда,отменён
O04185,C0326,2024-09-11,404.62,одежда,отменён
O04186,C0046,2024-08-05,1642.77,электроника,выполнен
O04187,C0470,2024-01-30,1025.45,электроника,выполнен
O04188,C0130,2024-02-14,503.49,одежда,отменён
O04189,C0165,2024-03-20,161.87,дом_и_сад,выполнен
O04190,C0200,2024-02-08,914.94,спорт,выполнен
O04191,C0031,2024-08-27,769.12,одежда,выполнен
O04192,C0253,2024-02-14,926.24,спорт,выполнен
O04193,C0066,2024-03-18,1024.05,спорт,выполнен
O04194,C0199,2024-12-02,232.46,продукты,отменён
O04195,C0169,2024-12-14,911.07,продукты,выполнен
O04196,C0378,2024-10-14,1204.76,одежда,выполнен
O04197,C0394,2024-10-06,1193.44,электроника,отменён
O04198,C0081,2024-04-25,244.09,продукты,выполнен
O04199,C0180,2024-09-25,1674.78,одежда,выполнен
O04200,C0182,2024-11-30,937.26,спорт,возврат
O04201,C0078,2024-11-07,1037.36,книги,выполнен
O04202,C0393,2024-02-22,324.87,одежда,выполнен
O04203,C0347,2024-03-08,1218.86,дом_и_сад,отменён
O04204,C0101,2024-06-30,167.48,книги,выполнен
O04205,C0180,2024-02-03,337.46,одежда,возврат
O04206,C0054,2024-10-10,1832.19,книги,выполнен
O04207,C0316,2024-11-01,1172.48,электроника,выполнен
O04208,C0065,2024-09-05,839.84,книги,отменён
O04209,C0491,2024-04-20,1415.12,электроника,выполнен
O04210,C0384,2024-04-03,1496.01,одежда,отменён
O04211,C0194,2024-06-27,1219.67,спорт,выполнен
O04212,C0293,2024-02-16,558.95,книги,отменён
O04213,C0449,2024-10-08,329.5,одежда,отменён
O04214,C0278,2024-12-05,391.22,дом_и_сад,выполнен
O04215,C0094,2024-12-27,2055.9,дом_и_сад,выполнен
O04216,C0186,2024-04-01,239.75,электроника,отменён
O04217,C0415,2024-07-30,985.02,продукты,возврат
O04218,C0325,2024-03-15,986.23,продукты,отменён
O04219,C0326,2024-07-20,2152.63,одежда,выполнен
O04220,C0426,2024-10-23,984.02,дом_и_сад,отменён
O04221,C0440,2024-11-03,474.1,красота,выполнен
O04222,C0457,2024-07-29,480.11,дом_и_сад,выполнен
O04223,C0048,2024-12-03,662.07,красота,возврат
O04224,C0271,2024-05-13,1646.05,электроника,возврат
O04225,C0363,2024-11-25,1268.03,электроника,возврат
O04226,C0371,2024-03-06,279.06,книги,выполнен
O04227,C0309,2024-10-06,831.25,книги,возврат
O04228,C0092,2024-01-28,1287.18,электроника,выполнен
O04229,C0393,2024-04-26,550.19,одежда,выполнен
O04230,C0354,2024-11-12,118.16,книги,выполнен
O04231,C0044,2024-11-20,568.4,электроника,выполнен
O04232,C0236,2024-04-23,202.73,одежда,выполнен
O04233,C0094,2024-03-15,178.62,дом_и_сад,выполнен
O04234,C0165,2024-07-20,1559.52,красота,выполнен
O04235,C0010,2024-02-28,4998.16,дом_и_сад,выполнен
O04236,C0199,2024-01-15,1981.14,дом_и_сад,выполнен
O04237,C0275,2024-08-18,100.0,одежда,выполнен
O04238,C0312,2024-04-14,579.17,спорт,выполнен
O04239,C0333,2024-06-13,414.99,электроника,возврат
O04240,C0412,2024-07-17,205.05,красота,отменён
O04241,C0114,2024-12-19,964.77,продукты,выполнен
O04242,C0064,2024-02-04,573.73,спорт,возврат
O04243,C0419,2024-06-10,262.1,книги,выполнен
O04244,C0082,2024-09-01,128.37,электроника,выполнен
O04245,C0484,2024-10-13,408.65,красота,отменён
O04246,C0415,2024-01-19,669.36,одежда,выполнен
O04247,C0254,2024-10-06,605.02,одежда,выполнен
O04248,C0489,2024-12-05,1556.55,электроника,выполнен
O04249,C0050,2024-12-13,871.65,книги,возврат
O04250,C0151,2024-06-30,504.87,книги,выполнен
O04251,C0320,2024-05-26,345.92,электроника,выполнен
O04252,C0168,2024-06-24,161.3,электроника,выполнен
O04253,C0460,2024-06-11,277.82,красота,выполнен
O04254,C0035,2024-06-23,1971.71,электроника,выполнен
O04255,C0274,2024-02-16,1328.41,спорт,выполнен
O04256,C0300,2024-09-12,838.0,спорт,выполнен
O04257,C0330,2024-06-22,447.98,книги,выполнен
O04258,C0130,2024-04-12,1795.1,спорт,отменён
O04259,C0180,2024-04-30,296.22,продукты,выполнен
O04260,C0415,2024-12-15,298.94,красота,возврат
O04261,C0104,2024-05-24,617.22,одежда,выполнен
O04262,C0406,2024-02-11,115.99,одежда,отменён
O04263,C0283,2024-01-29,289.58,электроника,отменён
O04264,C0374,2024-09-29,550.6,красота,выполнен
O04265,C0351,2024-01-14,459.9,дом_и_сад,отменён
O04266,C0111,2024-11-01,301.69,электроника,выполнен
O04267,C0287,2024-11-08,3389.09,дом_и_сад,выполнен
O04268,C0426,2024-07-07,1979.52,продукты,выполнен
O04269,C0217,2024-12-25,2621.97,красота,выполнен
O04270,C0478,2024-10-21,614.47,одежда,возврат
O04271,C0227,2024-07-01,449.95,дом_и_сад,выполнен
O04272,C0073,2024-12-17,2395.46,спорт,выполнен
O04273,C0194,2024-02-05,712.06,электроника,отменён
O04274,C0472,2024-02-06,284.75,книги,возврат
O04275,C0156,2024-01-14,301.02,электроника,возврат
O04276,C0426,2024-05-02,513.09,спорт,отменён
O04277,C0436,2024-03-23,653.53,дом_и_сад,выполнен
O04278,C0168,2024-06-07,709.93,спорт,выполнен
O04279,C0041,2024-11-24,574.29,электроника,выполнен
O04280,C0356,2024-04-11,4322.91,красота,выполнен
O04281,C0154,2024-12-02,225.32,одежда,отменён
O04282,C0384,2024-03-23,1139.3,спорт,отменён
O04283,C0222,2024-02-13,453.97,дом_и_сад,выполнен
O04284,C0245,2024-03-08,644.82,красота,возврат
O04285,C0381,2024-02-17,1411.48,спорт,возврат
O04286,C0190,2024-02-26,159.78,одежда,отменён
O04287,C0222,2024-03-15,312.09,книги,выполнен
O04288,C0184,2024-01-22,597.69,электроника,возврат
O04289,C0180,2024-05-11,2166.79,электроника,выполнен
O04290,C0263,2024-10-28,2157.67,книги,выполнен
O04291,C0397,2024-09-23,1847.97,спорт,выполнен
O04292,C0180,2024-10-13,115.04,электроника,выполнен
O04293,C0263,2024-04-29,287.2,спорт,выполнен
O04294,C0335,2024-09-02,296.81,электроника,выполнен
O04295,C0138,2024-02-25,636.39,электроника,выполнен
O04296,C0143,2024-02-07,151.05,электроника,отменён
O04297,C0461,2024-09-01,1600.89,дом_и_сад,возврат
O04298,C0355,2024-01-21,134.89,дом_и_сад,отменён
O04299,C0293,2024-04-19,1519.32,спорт,возврат
O04300,C0326,2024-04-03,1334.98,одежда,выполнен
O04301,C0019,2024-05-15,277.13,дом_и_сад,выполнен
O04302,C0312,2024-08-18,1825.42,продукты,выполнен
O04303,C0256,2024-01-08,509.5,продукты,выполнен
O04304,C0273,2024-11-23,413.99,книги,выполнен
O04305,C0173,2024-10-16,474.78,продукты,отменён
O04306,C0041,2024-09-07,508.49,спорт,выполнен
O04307,C0102,2024-12-26,547.33,красота,возврат
O04308,C0471,2024-03-27,557.37,продукты,возврат
O04309,C0206,2024-07-22,326.28,спорт,выполнен
O04310,C0237,2024-08-06,392.86,спорт,возврат
O04311,C0031,2024-08-28,421.04,одежда,выполнен
O04312,C0024,2024-11-15,2535.6,дом_и_сад,выполнен
O04313,C0352,2024-09-14,421.19,дом_и_сад,возврат
O04314,C0268,2024-04-18,400.1,одежда,отменён
O04315,C0256,2024-09-12,2237.38,электроника,возврат
O04316,C0123,2024-10-08,514.09,красота,выполнен
O04317,C0364,2024-08-07,326.3,спорт,отменён
O04318,C0092,2024-03-23,274.36,электроника,отменён
O04319,C0100,2024-04-16,213.55,одежда,отменён
O04320,C0236,2024-03-09,1025.51,спорт,выполнен
O04321,C0146,2024-04-06,157.04,электроника,выполнен
O04322,C0125,2024-07-30,1952.9,электроника,возврат
O04323,C0325,2024-10-12,618.28,дом_и_сад,выполнен
O04324,C0326,2024-08-24,468.88,дом_и_сад,возврат
O04325,C0404,2024-01-08,554.08,одежда,возврат
O04326,C0209,2024-10-20,963.38,электроника,возврат
O04327,C0039,2024-07-07,456.75,продукты,выполнен
O04328,C0141,2024-03-21,570.54,одежда,отменён
O04329,C0488,2024-04-17,1544.51,продукты,выполнен
O04330,C0305,2024-11-16,877.89,одежда,выполнен
O04331,C0347,2024-03-07,244.7,электроника,выполнен
O04332,C0003,2024-06-22,377.59,продукты,отменён
O04333,C0261,2024-12-11,159.95,красота,выполнен
O04334,C0024,2024-12-16,1088.11,одежда,отменён
O04335,C0287,2024-11-23,1185.12,одежда,выполнен
O04336,C0457,2024-02-12,314.98,одежда,возврат
O04337,C0478,2024-07-05,4204.38,продукты,выполнен
O04338,C0269,2024-10-28,4676.52,книги,выполнен
O04339,C0232,2024-07-18,677.39,продукты,выполнен
O04340,C0468,2024-02-08,351.46,книги,выполнен
O04341,C0336,2024-08-07,828.02,электроника,выполнен
O04342,C0034,2024-11-02,344.87,книги,возврат
O04343,C0237,2024-01-04,1422.29,электроника,выполнен
O04344,C0123,2024-04-30,759.82,электроника,выполнен
O04345,C0238,2024-12-01,804.82,электроника,выполнен
O04346,C0230,2024-03-17,2717.13,электроника,выполнен
O04347,C0297,2024-06-27,405.36,продукты,выполнен
O04348,C0171,2024-05-12,418.55,продукты,отменён
O04349,C0090,2024-11-06,1321.73,дом_и_сад,выполнен
O04350,C0255,2024-08-16,474.57,электроника,выполнен
O04351,C0408,2024-10-02,2399.62,продукты,отменён
O04352,C0333,2024-05-31,1480.89,одежда,возврат
O04353,C0165,2024-06-12,494.19,спорт,отменён
O04354,C0463,2024-10-16,156.14,электроника,выполнен
O04355,C0450,2024-04-18,208.14,электроника,выполнен
O04356,C0112,2024-05-05,452.41,продукты,выполнен
O04357,C0026,2024-08-27,919.44,книги,выполнен
O04358,C0363,2024-11-05,1606.51,дом_и_сад,выполнен
O04359,C0406,2024-12-10,559.01,электроника,выполнен
O04360,C0478,2024-05-25,326.65,электроника,отменён
O04361,C0437,2024-09-08,594.31,одежда,отменён
O04362,C0306,2024-07-01,676.07,продукты,выполнен
O04363,C0265,2024-11-04,1889.29,спорт,выполнен
O04364,C0018,2024-11-01,1807.21,одежда,выполнен
O04365,C0125,2024-03-12,298.41,продукты,возврат
O04366,C0235,2024-08-06,956.49,спорт,выполнен
O04367,C0316,2024-07-25,335.94,продукты,возврат
O04368,C0282,2024-06-21,343.61,электроника,возврат
O04369,C0363,2024-05-20,1526.82,продукты,возврат
O04370,C0144,2024-09-28,567.11,одежда,выполнен
O04371,C0284,2024-08-01,1109.75,книги,выполнен
O04372,C0044,2024-09-25,1020.23,дом_и_сад,выполнен
O04373,C0209,2024-01-20,624.16,электроника,выполнен
O04374,C0367,2024-03-06,868.17,электроника,выполнен
O04375,C0342,2024-10-29,782.96,одежда,возврат
O04376,C0494,2024-05-26,264.98,продукты,выполнен
O04377,C0144,2024-06-13,982.26,красота,отменён
O04378,C0254,2024-11-05,378.12,одежда,возврат
O04379,C0163,2024-01-06,282.8,книги,выполнен
O04380,C0222,2024-01-14,1317.79,продукты,отменён
O04381,C0422,2024-05-11,414.45,книги,выполнен
O04382,C0340,2024-12-07,1617.36,дом_и_сад,выполнен
O04383,C0436,2024-08-30,1601.49,дом_и_сад,возврат
O04384,C0107,2024-08-18,454.23,продукты,выполнен
O04385,C0433,2024-08-15,1563.49,книги,выполнен
O04386,C0033,2024-06-10,487.13,одежда,отменён
O04387,C0437,2024-10-09,629.73,книги,выполнен
O04388,C0163,2024-09-19,987.35,спорт,выполнен
O04389,C0154,2024-05-10,3399.95,продукты,возврат
O04390,C0256,2024-08-12,1411.94,красота,отменён
O04391,C0465,2024-09-14,635.09,книги,выполнен
O04392,C0028,2024-08-21,722.45,дом_и_сад,отменён
O04393,C0170,2024-12-01,187.45,одежда,выполнен
O04394,C0420,2024-11-11,1486.0,красота,возврат
O04395,C0197,2024-01-24,1363.58,дом_и_сад,отменён
O04396,C0105,2024-09-27,834.47,спорт,выполнен
O04397,C0211,2024-04-04,1181.1,красота,возврат
O04398,C0191,2024-05-21,131.61,электроника,выполнен
O04399,C0453,2024-06-30,279.94,электроника,возврат
O04400,C0374,2024-07-24,2810.67,спорт,выполнен
O04401,C0255,2024-03-21,541.22,электроника,выполнен
O04402,C0494,2024-09-30,1219.2,спорт,выполнен
O04403,C0236,2024-10-02,366.02,одежда,выполнен
O04404,C0032,2024-07-26,466.97,электроника,выполнен
O04405,C0133,2024-10-22,2932.9,продукты,выполнен
O04406,C0217,2024-02-08,586.42,продукты,выполнен
O04407,C0083,2024-10-14,1011.15,электроника,возврат
O04408,C0470,2024-05-03,738.31,электроника,выполнен
O04409,C0376,2024-12-29,810.08,продукты,выполнен
O04410,C0137,2024-10-09,788.22,дом_и_сад,выполнен
O04411,C0300,2024-06-28,136.72,книги,возврат
O04412,C0355,2024-04-06,974.24,электроника,возврат
O04413,C0465,2024-07-09,432.64,продукты,выполнен
O04414,C0436,2024-03-14,2761.84,одежда,выполнен
O04415,C0258,2024-09-29,358.49,одежда,отменён
O04416,C0381,2024-02-18,456.1,красота,выполнен
O04417,C0283,2024-12-02,4707.4,одежда,выполнен
O04418,C0278,2024-07-28,1186.45,одежда,отменён
O04419,C0060,2024-04-25,302.86,одежда,выполнен
O04420,C0066,2024-01-23,765.96,красота,выполнен
O04421,C0265,2024-04-07,250.56,продукты,отменён
O04422,C0137,2024-11-23,817.35,спорт,выполнен
O04423,C0013,2024-11-08,349.5,продукты,выполнен
O04424,C0355,2024-07-08,2956.85,одежда,возврат
O04425,C0021,2024-06-30,931.42,книги,выполнен
O04426,C0304,2024-05-27,1014.39,электроника,выполнен
O04427,C0268,2024-12-07,1421.97,дом_и_сад,отменён
O04428,C0478,2024-01-23,1555.11,спорт,отменён
O04429,C0245,2024-04-14,383.27,электроника,отменён
O04430,C0034,2024-06-11,717.64,электроника,выполнен
O04431,C0275,2024-03-07,465.73,спорт,выполнен
O04432,C0414,2024-10-16,3551.97,одежда,выполнен
O04433,C0499,2024-10-15,106.89,одежда,выполнен
O04434,C0215,2024-02-15,419.86,электроника,возврат
O04435,C0156,2024-03-21,623.93,дом_и_сад,отменён
O04436,C0446,2024-05-26,742.15,книги,выполнен
O04437,C0101,2024-08-09,730.12,книги,выполнен
O04438,C0312,2024-12-08,641.03,продукты,выполнен
O04439,C0200,2024-01-15,584.1,спорт,выполнен
O04440,C0026,2024-04-30,806.77,одежда,выполнен
O04441,C0168,2024-03-18,962.18,электроника,выполнен
O04442,C0137,2024-11-17,2786.57,книги,отменён
O04443,C0340,2024-10-21,2766.91,дом_и_сад,выполнен
O04444,C0471,2024-08-28,846.24,дом_и_сад,выполнен
O04445,C0137,2024-01-18,447.52,продукты,выполнен
O04446,C0398,2024-09-12,473.28,книги,выполнен
O04447,C0032,2024-10-03,232.46,красота,выполнен
O04448,C0268,2024-01-27,1425.94,одежда,выполнен
O04449,C0037,2024-01-02,641.76,одежда,выполнен
O04450,C0461,2024-12-18,943.7,продукты,выполнен
O04451,C0376,2024-10-21,868.7,электроника,выполнен
O04452,C0331,2024-11-07,380.66,книги,отменён
O04453,C0404,2024-12-28,344.86,одежда,отменён
O04454,C0326,2024-08-26,462.97,спорт,выполнен
O04455,C0478,2024-01-13,981.01,спорт,возврат
O04456,C0351,2024-07-02,623.53,продукты,возврат
O04457,C0458,2024-07-12,162.03,электроника,выполнен
O04458,C0260,2024-02-25,293.15,красота,выполнен
O04459,C0061,2024-08-17,537.06,электроника,отменён
O04460,C0265,2024-01-28,649.16,дом_и_сад,отменён
O04461,C0066,2024-11-15,1004.64,дом_и_сад,отменён
O04462,C0301,2024-03-11,686.36,электроника,выполнен
O04463,C0243,2024-07-28,497.62,красота,отменён
O04464,C0314,2024-07-02,484.12,продукты,возврат
O04465,C0003,2024-12-21,781.46,спорт,выполнен
O04466,C0104,2024-02-10,929.31,спорт,выполнен
O04467,C0250,2024-09-16,510.89,продукты,выполнен
O04468,C0471,2024-12-09,280.86,электроника,выполнен
O04469,C0190,2024-03-24,614.69,дом_и_сад,выполнен
O04470,C0211,2024-02-15,395.48,спорт,выполнен
O04471,C0352,2024-06-07,837.2,электроника,выполнен
O04472,C0307,2024-12-09,2174.6,дом_и_сад,выполнен
O04473,C0149,2024-01-07,225.6,дом_и_сад,выполнен
O04474,C0206,2024-11-28,1669.96,спорт,возврат
O04475,C0115,2024-05-15,968.0,электроника,выполнен
O04476,C0478,2024-07-01,1607.24,одежда,отменён
O04477,C0068,2024-07-15,469.38,электроника,возврат
O04478,C0182,2024-06-20,209.18,продукты,отменён
O04479,C0014,2024-12-14,767.97,книги,возврат
O04480,C0116,2024-10-02,2038.05,электроника,выполнен
O04481,C0384,2024-03-18,284.74,одежда,возврат
O04482,C0105,2024-06-26,321.1,дом_и_сад,выполнен
O04483,C0041,2024-01-27,1063.97,электроника,возврат
O04484,C0238,2024-04-29,441.52,электроника,выполнен
O04485,C0003,2024-10-07,2522.15,спорт,отменён
O04486,C0044,2024-11-03,1120.65,дом_и_сад,возврат
O04487,C0396,2024-07-14,374.14,дом_и_сад,выполнен
O04488,C0378,2024-10-03,423.39,дом_и_сад,возврат
O04489,C0453,2024-01-18,436.99,одежда,выполнен
O04490,C0419,2024-10-21,642.69,книги,выполнен
O04491,C0339,2024-09-27,848.58,электроника,отменён
O04492,C0031,2024-02-22,800.43,одежда,выполнен
O04493,C0384,2024-10-20,270.49,одежда,выполнен
O04494,C0416,2024-02-21,1368.54,электроника,выполнен
O04495,C0393,2024-08-03,527.39,одежда,отменён
O04496,C0256,2024-03-12,316.71,спорт,возврат
O04497,C0121,2024-01-28,459.24,продукты,выполнен
O04498,C0416,2024-09-08,1497.34,одежда,выполнен
O04499,C0356,2024-02-04,774.53,дом_и_сад,возврат
O04500,C0488,2024-07-19,830.52,дом_и_сад,отменён
O04501,C0081,2024-09-05,260.87,одежда,выполнен
O04502,C0118,2024-04-08,739.36,одежда,отменён
O04503,C0112,2024-11-03,1477.38,одежда,отменён
O04504,C0388,2024-05-19,157.22,электроника,выполнен
O04505,C0099,2024-03-23,487.28,дом_и_сад,возврат
O04506,C0035,2024-02-17,1095.04,электроника,отменён
O04507,C0499,2024-10-04,754.91,электроника,возврат
O04508,C0014,2024-09-04,294.4,электроника,выполнен
O04509,C0410,2024-06-25,914.71,книги,выполнен
O04510,C0180,2024-02-21,261.41,электроника,выполнен
O04511,C0414,2024-03-19,332.27,спорт,выполнен
O04512,C0278,2024-11-17,361.39,электроника,выполнен
O04513,C0444,2024-03-04,2286.35,дом_и_сад,возврат
O04514,C0459,2024-01-08,174.9,красота,выполнен
O04515,C0003,2024-08-01,185.54,продукты,выполнен
O04516,C0040,2024-01-25,834.35,книги,возврат
O04517,C0127,2024-09-12,723.31,дом_и_сад,отменён
O04518,C0335,2024-08-30,456.71,дом_и_сад,выполнен
O04519,C0437,2024-07-16,672.54,дом_и_сад,выполнен
O04520,C0236,2024-04-03,283.83,одежда,возврат
O04521,C0309,2024-07-25,716.02,продукты,выполнен
O04522,C0100,2024-01-15,786.56,красота,выполнен
O04523,C0394,2024-06-26,1757.7,одежда,выполнен
O04524,C0478,2024-03-15,3058.94,красота,выполнен
O04525,C0137,2024-04-13,536.95,спорт,выполнен
O04526,C0253,2024-10-20,240.17,продукты,выполнен
O04527,C0044,2024-06-16,905.04,спорт,выполнен
O04528,C0282,2024-04-24,597.62,книги,выполнен
O04529,C0254,2024-02-08,576.82,продукты,выполнен
O04530,C0073,2024-12-29,183.3,электроника,выполнен
O04531,C0222,2024-09-29,719.74,дом_и_сад,выполнен
O04532,C0164,2024-05-14,932.89,красота,выполнен
O04533,C0263,2024-08-19,1472.51,спорт,выполнен
O04534,C0297,2024-02-08,443.91,электроника,возврат
O04535,C0003,2024-10-17,343.67,одежда,выполнен
O04536,C0373,2024-11-02,441.08,книги,отменён
O04537,C0351,2024-02-16,1403.81,электроника,возврат
O04538,C0180,2024-02-05,2016.03,спорт,выполнен
O04539,C0031,2024-11-15,1630.75,электроника,выполнен
O04540,C0371,2024-04-04,1116.72,одежда,выполнен
O04541,C0474,2024-12-26,648.24,одежда,выполнен
O04542,C0123,2024-01-13,734.35,одежда,возврат
O04543,C0159,2024-05-25,825.21,дом_и_сад,выполнен
O04544,C0098,2024-03-05,543.65,одежда,выполнен
O04545,C0293,2024-08-15,1354.71,одежда,выполнен
O04546,C0081,2024-08-29,177.29,продукты,выполнен
O04547,C0171,2024-01-08,205.58,книги,выполнен
O04548,C0343,2024-10-30,177.04,дом_и_сад,возврат
O04549,C0282,2024-12-06,350.11,электроника,отменён
O04550,C0191,2024-02-12,1952.67,электроника,отменён
O04551,C0210,2024-08-31,256.94,спорт,отменён
O04552,C0283,2024-06-29,264.62,книги,выполнен
O04553,C0003,2024-03-25,343.68,одежда,отменён
O04554,C0041,2024-06-03,1613.26,одежда,выполнен
O04555,C0436,2024-10-01,2096.93,дом_и_сад,возврат
O04556,C0040,2024-01-23,1498.24,спорт,возврат
O04557,C0347,2024-04-24,1574.41,спорт,выполнен
O04558,C0457,2024-11-01,2493.7,электроника,отменён
O04559,C0138,2024-10-25,158.03,электроника,выполнен
O04560,C0182,2024-04-08,249.66,одежда,возврат
O04561,C0287,2024-04-13,379.71,одежда,выполнен
O04562,C0436,2024-02-20,722.69,красота,выполнен
O04563,C0465,2024-12-27,720.82,электроника,возврат
O04564,C0363,2024-04-21,729.87,спорт,выполнен
O04565,C0044,2024-08-31,1296.44,продукты,выполнен
O04566,C0335,2024-06-17,143.41,одежда,выполнен
O04567,C0206,2024-03-12,594.51,книги,выполнен
O04568,C0238,2024-05-18,822.61,дом_и_сад,выполнен
O04569,C0028,2024-12-01,512.65,красота,выполнен
O04570,C0101,2024-08-18,773.8,электроника,выполнен
O04571,C0388,2024-08-26,1506.84,электроника,выполнен
O04572,C0230,2024-09-09,699.09,электроника,выполнен
O04573,C0151,2024-02-18,3678.38,одежда,выполнен
O04574,C0190,2024-10-29,1423.27,продукты,возврат
O04575,C0419,2024-03-12,822.95,книги,отменён
O04576,C0365,2024-09-19,995.24,одежда,возврат
O04577,C0140,2024-11-17,1205.51,красота,отменён
O04578,C0062,2024-08-09,2561.47,продукты,выполнен
O04579,C0129,2024-03-17,1701.78,спорт,выполнен
O04580,C0457,2024-03-02,1003.62,одежда,выполнен
O04581,C0297,2024-06-05,371.32,электроника,возврат
O04582,C0267,2024-10-20,926.99,книги,отменён
O04583,C0305,2024-05-04,1056.96,электроника,выполнен
O04584,C0180,2024-08-16,1239.28,дом_и_сад,выполнен
O04585,C0396,2024-12-05,369.77,спорт,возврат
O04586,C0263,2024-06-09,1200.46,книги,выполнен
O04587,C0061,2024-01-29,1261.95,дом_и_сад,выполнен
O04588,C0068,2024-04-23,252.68,одежда,выполнен
O04589,C0267,2024-03-19,254.39,спорт,выполнен
O04590,C0463,2024-01-23,1626.87,электроника,выполнен
O04591,C0153,2024-04-15,335.58,продукты,выполнен
O04592,C0427,2024-05-10,2276.03,электроника,выполнен
O04593,C0374,2024-12-22,532.11,продукты,выполнен
O04594,C0127,2024-06-21,904.96,электроника,выполнен
O04595,C0024,2024-09-20,870.47,красота,отменён
O04596,C0052,2024-12-07,375.56,продукты,выполнен
O04597,C0357,2024-10-11,2023.06,красота,выполнен
O04598,C0105,2024-01-02,532.52,электроника,выполнен
O04599,C0182,2024-08-20,697.17,спорт,возврат
O04600,C0254,2024-09-07,136.22,одежда,возврат
O04601,C0356,2024-11-16,228.35,продукты,выполнен
O04602,C0059,2024-04-17,1638.77,книги,возврат
O04603,C0200,2024-10-02,662.2,красота,выполнен
O04604,C0245,2024-06-28,416.36,одежда,выполнен
O04605,C0269,2024-07-31,421.75,красота,выполнен
O04606,C0400,2024-10-19,1031.6,дом_и_сад,возврат
O04607,C0093,2024-03-12,1823.11,красота,отменён
O04608,C0397,2024-10-09,424.37,спорт,возврат
O04609,C0342,2024-06-23,1598.29,красота,отменён
O04610,C0282,2024-05-02,585.19,книги,возврат
O04611,C0346,2024-08-14,992.79,электроника,выполнен
O04612,C0208,2024-10-27,160.77,одежда,выполнен
O04613,C0072,2024-03-23,184.39,одежда,отменён
O04614,C0334,2024-09-09,1281.86,спорт,выполнен
O04615,C0263,2024-05-25,828.78,книги,выполнен
O04616,C0320,2024-04-29,918.68,дом_и_сад,выполнен
O04617,C0165,2024-03-05,280.62,дом_и_сад,возврат
O04618,C0446,2024-10-07,474.48,одежда,выполнен
O04619,C0299,2024-10-09,174.55,электроника,выполнен
O04620,C0044,2024-04-15,337.66,одежда,возврат
O04621,C0224,2024-10-26,653.09,дом_и_сад,выполнен
O04622,C0371,2024-04-16,864.6,электроника,отменён
O04623,C0391,2024-02-05,376.03,одежда,возврат
O04624,C0253,2024-05-26,1034.55,продукты,выполнен
O04625,C0440,2024-09-18,645.08,электроника,выполнен
O04626,C0137,2024-06-07,555.16,одежда,выполнен
O04627,C0206,2024-09-21,711.17,электроника,выполнен
O04628,C0441,2024-07-20,3567.77,красота,выполнен
O04629,C0440,2024-06-03,584.76,электроника,выполнен
O04630,C0340,2024-01-13,1424.81,книги,выполнен
O04631,C0424,2024-10-23,1029.71,электроника,выполнен
O04632,C0046,2024-11-17,545.37,книги,выполнен
O04633,C0426,2024-03-25,192.44,спорт,выполнен
O04634,C0156,2024-10-06,402.71,книги,выполнен
O04635,C0097,2024-09-01,707.05,книги,выполнен
O04636,C0123,2024-10-26,611.66,спорт,выполнен
O04637,C0209,2024-12-27,1876.77,красота,выполнен
O04638,C0129,2024-12-19,369.89,спорт,выполнен
O04639,C0156,2024-11-11,591.43,дом_и_сад,выполнен
O04640,C0071,2024-01-09,1021.57,продукты,выполнен
O04641,C0149,2024-09-03,532.45,красота,отменён
O04642,C0288,2024-11-07,1449.45,книги,выполнен
O04643,C0222,2024-10-04,278.65,электроника,выполнен
O04644,C0168,2024-08-25,197.19,спорт,отменён
O04645,C0365,2024-07-21,528.93,книги,выполнен
O04646,C0439,2024-09-03,628.4,дом_и_сад,выполнен
O04647,C0371,2024-08-22,791.94,красота,возврат
O04648,C0163,2024-03-21,743.05,одежда,выполнен
O04649,C0364,2024-12-21,479.76,одежда,выполнен
O04650,C0081,2024-01-13,199.06,продукты,выполнен
O04651,C0068,2024-11-22,604.88,одежда,отменён
O04652,C0168,2024-01-16,289.63,продукты,возврат
O04653,C0397,2024-02-14,703.77,спорт,выполнен
O04654,C0125,2024-11-16,274.13,электроника,выполнен
O04655,C0034,2024-05-18,900.88,одежда,выполнен
O04656,C0069,2024-11-21,2525.84,электроника,выполнен
O04657,C0424,2024-05-27,372.12,дом_и_сад,выполнен
O04658,C0317,2024-12-20,241.75,одежда,выполнен
O04659,C0129,2024-08-23,1661.72,одежда,выполнен
O04660,C0278,2024-07-09,2734.22,продукты,выполнен
O04661,C0264,2024-04-10,245.56,электроника,выполнен
O04662,C0330,2024-04-14,618.18,красота,выполнен
O04663,C0121,2024-09-06,981.82,одежда,выполнен
O04664,C0425,2024-04-03,540.12,книги,выполнен
O04665,C0153,2024-08-07,163.81,продукты,возврат
O04666,C0342,2024-10-24,221.78,книги,возврат
O04667,C0010,2024-12-04,241.23,одежда,выполнен
O04668,C0182,2024-05-12,289.43,электроника,выполнен
O04669,C0169,2024-12-26,713.0,книги,выполнен
O04670,C0271,2024-06-03,1600.68,одежда,выполнен
O04671,C0038,2024-01-28,224.53,дом_и_сад,выполнен
O04672,C0388,2024-10-08,354.7,одежда,отменён
O04673,C0115,2024-04-25,273.7,дом_и_сад,отменён
O04674,C0336,2024-10-31,837.76,книги,выполнен
O04675,C0394,2024-08-21,344.63,красота,отменён
O04676,C0283,2024-01-01,296.32,одежда,выполнен
O04677,C0363,2024-12-13,185.37,одежда,выполнен
O04678,C0333,2024-08-27,1973.91,красота,отменён
O04679,C0171,2024-02-27,3833.95,книги,возврат
O04680,C0397,2024-11-30,711.47,электроника,возврат
O04681,C0147,2024-07-01,2183.05,спорт,выполнен
O04682,C0288,2024-12-02,422.62,электроника,выполнен
O04683,C0364,2024-01-26,664.66,красота,выполнен
O04684,C0186,2024-03-17,1119.93,электроника,выполнен
O04685,C0151,2024-08-04,364.52,спорт,выполнен
O04686,C0235,2024-11-23,585.48,спорт,отменён
O04687,C0400,2024-11-20,530.43,красота,возврат
O04688,C0460,2024-09-18,944.06,книги,выполнен
O04689,C0273,2024-01-23,699.0,одежда,отменён
O04690,C0333,2024-08-31,371.7,спорт,выполнен
O04691,C0444,2024-06-06,522.85,красота,выполнен
O04692,C0050,2024-07-24,1622.62,дом_и_сад,выполнен
O04693,C0120,2024-11-05,1031.83,дом_и_сад,выполнен
O04694,C0347,2024-03-27,962.44,дом_и_сад,отменён
O04695,C0404,2024-09-23,4043.24,одежда,выполнен
O04696,C0423,2024-05-13,269.14,дом_и_сад,выполнен
O04697,C0209,2024-09-23,1173.57,одежда,возврат
O04698,C0046,2024-11-28,694.95,продукты,выполнен
O04699,C0220,2024-09-24,875.73,книги,возврат
O04700,C0120,2024-02-22,769.57,электроника,возврат
O04701,C0147,2024-04-08,379.48,продукты,выполнен
O04702,C0378,2024-09-03,290.6,одежда,возврат
O04703,C0040,2024-02-05,665.05,электроника,выполнен
O04704,C0406,2024-01-28,355.76,книги,возврат
O04705,C0213,2024-08-07,494.88,дом_и_сад,возврат
O04706,C0305,2024-04-11,1259.57,электроника,выполнен
O04707,C0046,2024-09-19,249.26,продукты,выполнен
O04708,C0165,2024-09-27,570.57,продукты,выполнен
O04709,C0046,2024-08-11,1546.29,электроника,отменён
O04710,C0477,2024-05-18,443.31,дом_и_сад,отменён
O04711,C0396,2024-10-06,2155.04,одежда,выполнен
O04712,C0235,2024-10-12,192.36,дом_и_сад,выполнен
O04713,C0116,2024-09-06,2851.24,электроника,выполнен
O04714,C0461,2024-11-17,674.78,одежда,выполнен
O04715,C0167,2024-11-12,229.77,электроника,выполнен
O04716,C0089,2024-03-18,1295.36,электроника,выполнен
O04717,C0283,2024-10-23,938.86,книги,отменён
O04718,C0468,2024-12-03,2009.65,электроника,отменён
O04719,C0001,2024-11-02,194.64,электроника,выполнен
O04720,C0122,2024-12-16,276.75,красота,выполнен
O04721,C0463,2024-01-13,1231.57,спорт,выполнен
O04722,C0093,2024-12-11,5113.45,электроника,отменён
O04723,C0059,2024-03-22,1053.84,красота,выполнен
O04724,C0287,2024-01-09,1192.81,электроника,выполнен
O04725,C0425,2024-07-31,361.76,дом_и_сад,отменён
O04726,C0241,2024-02-17,575.09,электроника,отменён
O04727,C0498,2024-02-18,405.1,спорт,выполнен
O04728,C0338,2024-11-04,994.14,спорт,возврат
O04729,C0039,2024-02-09,1399.15,одежда,выполнен
O04730,C0496,2024-12-28,771.68,спорт,выполнен
O04731,C0203,2024-10-06,1256.83,спорт,выполнен
O04732,C0146,2024-08-13,650.02,дом_и_сад,выполнен
O04733,C0282,2024-04-17,1919.32,книги,отменён
O04734,C0151,2024-09-01,333.87,продукты,возврат
O04735,C0044,2024-09-11,2064.72,продукты,выполнен
O04736,C0001,2024-02-02,375.06,спорт,выполнен
O04737,C0224,2024-01-23,673.92,дом_и_сад,выполнен
O04738,C0412,2024-11-28,255.84,одежда,выполнен
O04739,C0288,2024-02-23,997.02,продукты,выполнен
O04740,C0499,2024-11-04,738.92,спорт,выполнен
O04741,C0146,2024-02-18,1201.01,красота,отменён
O04742,C0144,2024-03-18,166.16,спорт,выполнен
O04743,C0087,2024-12-01,740.32,одежда,отменён
O04744,C0089,2024-12-23,918.54,спорт,выполнен
O04745,C0146,2024-05-01,301.61,книги,отменён
O04746,C0389,2024-12-24,1018.83,книги,выполнен
O04747,C0445,2024-03-30,105.87,книги,выполнен
O04748,C0484,2024-12-11,600.53,книги,выполнен
O04749,C0121,2024-07-11,2059.04,одежда,выполнен
O04750,C0436,2024-08-31,596.4,продукты,выполнен
O04751,C0163,2024-05-28,374.18,дом_и_сад,выполнен
O04752,C0059,2024-05-25,631.62,одежда,выполнен
O04753,C0428,2024-11-11,719.99,одежда,отменён
O04754,C0320,2024-05-20,1362.51,книги,выполнен
O04755,C0091,2024-10-12,737.97,дом_и_сад,выполнен
O04756,C0214,2024-12-04,1223.69,красота,выполнен
O04757,C0146,2024-04-20,715.97,красота,отменён
O04758,C0362,2024-04-17,365.24,одежда,выполнен
O04759,C0229,2024-10-07,216.7,книги,возврат
O04760,C0494,2024-02-19,895.47,электроника,возврат
O04761,C0032,2024-01-14,100.0,дом_и_сад,выполнен
O04762,C0171,2024-05-13,162.04,одежда,выполнен
O04763,C0243,2024-03-16,217.36,одежда,возврат
O04764,C0255,2024-03-24,1178.15,красота,выполнен
O04765,C0155,2024-12-08,201.98,одежда,выполнен
O04766,C0357,2024-06-06,968.85,дом_и_сад,выполнен
O04767,C0434,2024-10-12,291.32,электроника,выполнен
O04768,C0463,2024-11-09,591.59,электроника,отменён
O04769,C0394,2024-04-03,632.65,одежда,отменён
O04770,C0417,2024-10-23,584.55,спорт,выполнен
O04771,C0275,2024-04-03,396.5,одежда,возврат
O04772,C0406,2024-02-26,189.98,одежда,возврат
O04773,C0151,2024-06-12,679.57,дом_и_сад,выполнен
O04774,C0198,2024-11-15,1039.11,электроника,выполнен
O04775,C0155,2024-04-07,1145.24,продукты,возврат
O04776,C0237,2024-01-16,710.12,красота,отменён
O04777,C0146,2024-12-09,817.36,продукты,отменён
O04778,C0477,2024-03-18,358.92,продукты,отменён
O04779,C0154,2024-12-11,952.96,дом_и_сад,выполнен
O04780,C0050,2024-03-12,925.32,дом_и_сад,выполнен
O04781,C0264,2024-09-26,524.14,дом_и_сад,выполнен
O04782,C0032,2024-10-13,691.23,красота,выполнен
O04783,C0056,2024-03-06,651.04,электроника,отменён
O04784,C0116,2024-03-08,958.37,красота,выполнен
O04785,C0236,2024-07-11,193.43,красота,выполнен
O04786,C0217,2024-02-24,190.38,книги,возврат
O04787,C0394,2024-06-16,198.45,продукты,возврат
O04788,C0363,2024-01-25,466.0,книги,выполнен
O04789,C0213,2024-05-10,957.42,одежда,отменён
O04790,C0163,2024-11-20,110.3,дом_и_сад,выполнен
O04791,C0155,2024-04-11,717.09,электроника,отменён
O04792,C0380,2024-10-08,1728.48,книги,выполнен
O04793,C0031,2024-10-22,827.59,спорт,выполнен
O04794,C0006,2024-10-20,132.28,электроника,выполнен
O04795,C0393,2024-09-19,1009.14,книги,выполнен
O04796,C0241,2024-04-29,807.4,спорт,выполнен
O04797,C0068,2024-08-18,505.67,спорт,выполнен
O04798,C0121,2024-10-17,769.25,одежда,выполнен
O04799,C0461,2024-06-09,217.74,книги,выполнен
O04800,C0424,2024-06-09,692.83,спорт,выполнен
O04801,C0347,2024-03-18,975.43,продукты,выполнен
O04802,C0243,2024-02-07,382.09,спорт,выполнен
O04803,C0261,2024-01-28,456.39,дом_и_сад,выполнен
O04804,C0484,2024-04-09,422.38,дом_и_сад,отменён
O04805,C0478,2024-10-20,454.76,одежда,выполнен
O04806,C0114,2024-05-03,342.37,продукты,выполнен
O04807,C0398,2024-04-01,359.06,спорт,выполнен
O04808,C0105,2024-09-11,1005.13,красота,выполнен
O04809,C0114,2024-04-06,164.98,дом_и_сад,выполнен
O04810,C0336,2024-01-06,770.0,продукты,выполнен
O04811,C0200,2024-06-17,1003.57,одежда,выполнен
O04812,C0461,2024-09-27,225.39,продукты,выполнен
O04813,C0046,2024-04-17,625.63,книги,выполнен
O04814,C0256,2024-10-25,319.5,электроника,отменён
O04815,C0455,2024-02-16,1650.88,дом_и_сад,выполнен
O04816,C0444,2024-04-08,564.25,одежда,выполнен
O04817,C0082,2024-01-14,2161.36,одежда,выполнен
O04818,C0180,2024-07-12,1915.67,электроника,выполнен
O04819,C0312,2024-06-05,850.53,книги,выполнен
O04820,C0087,2024-06-02,3692.9,красота,возврат
O04821,C0478,2024-04-24,188.75,электроника,отменён
O04822,C0453,2024-09-14,2113.99,продукты,возврат
O04823,C0092,2024-05-24,536.75,электроника,выполнен
O04824,C0065,2024-10-17,601.03,дом_и_сад,отменён
O04825,C0044,2024-01-10,459.9,спорт,выполнен
O04826,C0447,2024-08-01,208.5,одежда,возврат
O04827,C0102,2024-08-20,1049.09,электроника,выполнен
O04828,C0209,2024-06-19,246.52,книги,выполнен
O04829,C0224,2024-01-21,414.55,дом_и_сад,выполнен
O04830,C0305,2024-01-15,429.5,электроника,отменён
O04831,C0038,2024-05-05,1475.07,спорт,отменён
O04832,C0120,2024-12-06,627.07,книги,выполнен
O04833,C0461,2024-12-06,100.0,спорт,выполнен
O04834,C0446,2024-07-31,324.01,продукты,выполнен
O04835,C0384,2024-07-06,190.62,спорт,выполнен
O04836,C0011,2024-06-20,994.25,спорт,возврат
O04837,C0161,2024-09-03,258.19,спорт,выполнен
O04838,C0316,2024-01-05,409.66,красота,отменён
O04839,C0142,2024-08-18,2698.01,электроника,выполнен
O04840,C0447,2024-07-19,1107.01,спорт,отменён
O04841,C0317,2024-05-28,262.0,электроника,выполнен
O04842,C0038,2024-03-12,1286.96,одежда,выполнен
O04843,C0447,2024-08-13,374.55,спорт,отменён
O04844,C0476,2024-03-14,1284.39,красота,возврат
O04845,C0040,2024-11-02,478.25,электроника,выполнен
O04846,C0266,2024-06-17,308.58,красота,выполнен
O04847,C0151,2024-09-05,286.35,одежда,возврат
O04848,C0197,2024-10-06,837.23,продукты,выполнен
O04849,C0098,2024-05-31,1380.8,электроника,выполнен
O04850,C0293,2024-08-11,895.98,спорт,выполнен
O04851,C0476,2024-08-12,470.54,спорт,выполнен
O04852,C0255,2024-02-07,157.93,продукты,выполнен
O04853,C0041,2024-02-13,398.82,продукты,выполнен
O04854,C0313,2024-07-03,244.29,спорт,выполнен
O04855,C0165,2024-08-28,1987.94,спорт,отменён
O04856,C0420,2024-11-26,483.58,одежда,выполнен
O04857,C0217,2024-12-16,845.82,книги,отменён
O04858,C0101,2024-07-28,505.26,спорт,возврат
O04859,C0101,2024-01-23,938.0,одежда,возврат
O04860,C0377,2024-05-03,1181.5,одежда,возврат
O04861,C0137,2024-03-26,4284.52,дом_и_сад,выполнен
O04862,C0376,2024-02-12,461.86,электроника,возврат
O04863,C0109,2024-02-09,1532.24,дом_и_сад,выполнен
O04864,C0156,2024-10-29,830.75,одежда,отменён
O04865,C0237,2024-06-17,418.85,спорт,возврат
O04866,C0468,2024-06-23,443.46,одежда,выполнен
O04867,C0461,2024-01-20,969.44,красота,возврат
O04868,C0109,2024-04-18,524.64,книги,выполнен
O04869,C0173,2024-07-11,723.39,красота,выполнен
O04870,C0077,2024-08-31,1131.97,электроника,выполнен
O04871,C0256,2024-11-19,4896.33,книги,выполнен
O04872,C0236,2024-10-06,682.65,спорт,выполнен
O04873,C0443,2024-08-15,269.74,дом_и_сад,выполнен
O04874,C0460,2024-02-05,914.51,одежда,выполнен
O04875,C0190,2024-02-14,451.59,дом_и_сад,выполнен
O04876,C0250,2024-01-28,3025.67,красота,выполнен
O04877,C0440,2024-06-02,446.89,одежда,выполнен
O04878,C0396,2024-01-23,675.0,одежда,отменён
O04879,C0001,2024-07-25,1094.8,электроника,выполнен
O04880,C0156,2024-03-31,985.39,одежда,отменён
O04881,C0210,2024-12-24,2022.63,спорт,отменён
O04882,C0120,2024-02-07,1134.54,книги,выполнен
O04883,C0105,2024-08-15,4334.48,одежда,выполнен
O04884,C0025,2024-07-20,952.98,спорт,выполнен
O04885,C0324,2024-12-15,1880.48,продукты,возврат
O04886,C0133,2024-11-04,456.96,одежда,отменён
O04887,C0031,2024-09-10,3228.78,продукты,выполнен
O04888,C0120,2024-02-07,503.63,электроника,выполнен
O04889,C0394,2024-08-08,2183.81,спорт,выполнен
O04890,C0419,2024-07-05,1357.68,электроника,выполнен
O04891,C0243,2024-02-12,701.58,дом_и_сад,возврат
O04892,C0209,2024-12-24,2200.71,электроника,возврат
O04893,C0487,2024-04-23,658.79,красота,отменён
O04894,C0105,2024-09-16,1987.65,книги,выполнен
O04895,C0114,2024-01-05,900.04,одежда,отменён
O04896,C0147,2024-03-08,491.88,продукты,выполнен
O04897,C0093,2024-08-15,859.38,одежда,выполнен
O04898,C0186,2024-05-02,683.54,дом_и_сад,возврат
O04899,C0448,2024-06-21,466.84,продукты,выполнен
O04900,C0312,2024-12-01,801.42,дом_и_сад,возврат
O04901,C0208,2024-06-01,918.69,электроника,выполнен
O04902,C0461,2024-09-23,100.0,электроника,выполнен
O04903,C0028,2024-06-05,993.36,одежда,возврат
O04904,C0112,2024-06-10,1203.37,электроника,отменён
O04905,C0286,2024-08-01,2124.55,спорт,возврат
O04906,C0312,2024-01-26,247.45,электроника,отменён
O04907,C0026,2024-10-18,294.71,книги,возврат
O04908,C0200,2024-07-07,786.36,дом_и_сад,отменён
O04909,C0326,2024-05-01,376.03,одежда,выполнен
O04910,C0345,2024-08-17,256.77,продукты,выполнен
O04911,C0320,2024-02-28,477.84,продукты,выполнен
O04912,C0156,2024-04-05,498.77,дом_и_сад,отменён
O04913,C0047,2024-09-18,295.15,продукты,отменён
O04914,C0213,2024-12-19,293.58,электроника,выполнен
O04915,C0068,2024-11-07,603.62,одежда,выполнен
O04916,C0470,2024-05-15,208.74,продукты,выполнен
O04917,C0239,2024-12-15,206.07,красота,выполнен
O04918,C0155,2024-10-09,704.3,книги,возврат
O04919,C0376,2024-04-29,2218.34,электроника,выполнен
O04920,C0254,2024-01-25,1195.64,дом_и_сад,отменён
O04921,C0153,2024-12-07,1768.87,красота,выполнен
O04922,C0398,2024-05-25,156.95,электроника,выполнен
O04923,C0426,2024-01-12,215.53,дом_и_сад,возврат
O04924,C0335,2024-03-27,670.83,продукты,выполнен
O04925,C0028,2024-04-18,1298.52,дом_и_сад,выполнен
O04926,C0286,2024-12-10,1108.14,спорт,возврат
O04927,C0374,2024-09-22,226.94,красота,выполнен
O04928,C0071,2024-08-09,1650.06,одежда,выполнен
O04929,C0120,2024-03-14,623.23,дом_и_сад,отменён
O04930,C0436,2024-11-28,1239.15,одежда,выполнен
O04931,C0012,2024-11-05,409.91,продукты,выполнен
O04932,C0370,2024-04-11,193.45,красота,выполнен
O04933,C0238,2024-05-16,1308.55,дом_и_сад,отменён
O04934,C0223,2024-07-09,968.47,одежда,выполнен
O04935,C0003,2024-05-21,245.55,спорт,выполнен
O04936,C0401,2024-12-22,389.73,электроника,выполнен
O04937,C0174,2024-03-13,1151.56,одежда,возврат
O04938,C0269,2024-11-23,784.33,дом_и_сад,отменён
O04939,C0336,2024-06-15,993.62,спорт,выполнен
O04940,C0346,2024-06-16,437.26,продукты,отменён
O04941,C0474,2024-02-23,2076.63,дом_и_сад,выполнен
O04942,C0266,2024-09-15,608.55,продукты,выполнен
O04943,C0199,2024-04-20,100.09,электроника,выполнен
O04944,C0472,2024-08-19,724.55,продукты,возврат
O04945,C0323,2024-06-09,1079.18,книги,выполнен
O04946,C0149,2024-12-17,843.59,книги,выполнен
O04947,C0066,2024-11-22,472.81,продукты,выполнен
O04948,C0415,2024-01-19,139.36,электроника,выполнен
O04949,C0180,2024-10-16,395.45,спорт,выполнен
O04950,C0333,2024-02-19,426.48,дом_и_сад,выполнен
O04951,C0238,2024-06-23,392.54,одежда,выполнен
O04952,C0105,2024-10-28,1085.26,продукты,отменён
O04953,C0306,2024-07-02,509.41,красота,возврат
O04954,C0033,2024-07-03,2008.89,спорт,выполнен
O04955,C0209,2024-12-04,555.32,одежда,отменён
O04956,C0273,2024-11-02,1759.36,спорт,выполнен
O04957,C0217,2024-11-05,789.64,электроника,выполнен
O04958,C0365,2024-12-11,821.43,электроника,выполнен
O04959,C0406,2024-03-21,385.18,красота,отменён
O04960,C0378,2024-06-04,225.76,одежда,выполнен
O04961,C0026,2024-10-01,627.25,одежда,выполнен
O04962,C0102,2024-10-09,2564.39,спорт,выполнен
O04963,C0267,2024-09-05,460.84,книги,отменён
O04964,C0461,2024-05-26,405.9,дом_и_сад,выполнен
O04965,C0410,2024-01-07,579.67,электроника,выполнен
O04966,C0415,2024-06-05,2736.82,дом_и_сад,возврат
O04967,C0151,2024-06-19,1248.31,продукты,выполнен
O04968,C0214,2024-03-09,1757.08,продукты,выполнен
O04969,C0238,2024-04-03,136.42,дом_и_сад,выполнен
O04970,C0083,2024-12-28,343.88,электроника,выполнен
O04971,C0021,2024-07-04,353.56,красота,выполнен
O04972,C0469,2024-06-18,1650.56,спорт,выполнен
O04973,C0123,2024-07-22,1127.66,одежда,отменён
O04974,C0123,2024-02-11,1547.99,спорт,отменён
O04975,C0041,2024-01-13,148.34,одежда,отменён
O04976,C0460,2024-06-02,1616.91,спорт,выполнен
O04977,C0294,2024-09-30,1127.17,электроника,отменён
O04978,C0334,2024-10-24,317.58,одежда,отменён
O04979,C0449,2024-02-20,568.19,дом_и_сад,отменён
O04980,C0168,2024-07-30,325.42,книги,выполнен
O04981,C0313,2024-05-23,615.67,одежда,выполнен
O04982,C0026,2024-12-22,952.88,спорт,возврат
O04983,C0099,2024-01-03,2045.46,продукты,выполнен
O04984,C0408,2024-09-10,313.71,продукты,выполнен
O04985,C0376,2024-11-30,456.97,одежда,отменён
O04986,C0169,2024-09-12,275.24,дом_и_сад,выполнен
O04987,C0185,2024-04-07,1228.13,одежда,выполнен
O04988,C0267,2024-06-21,188.58,красота,выполнен
O04989,C0001,2024-05-29,766.33,продукты,выполнен
O04990,C0123,2024-10-05,249.48,книги,выполнен
O04991,C0111,2024-02-28,689.97,одежда,возврат
O04992,C0127,2024-04-22,1676.95,книги,выполнен
O04993,C0395,2024-11-19,441.86,электроника,возврат
O04994,C0144,2024-08-30,793.69,дом_и_сад,выполнен
O04995,C0101,2024-11-05,325.53,продукты,выполнен
O04996,C0255,2024-02-26,607.93,продукты,возврат
O04997,C0426,2024-02-29,191.27,электроника,выполнен
O04998,C0123,2024-11-24,1171.66,электроника,отменён
O04999,C0041,2024-08-03,477.05,спорт,выполнен
O05000,C0171,2024-08-20,562.81,спорт,выполнен
